-- Supabase Database Backup
-- Generated: 2025-09-08 19:03:26
-- Database: https://ihujrpwsgkehloahdloj.supabase.co
-- Tables: 41

SET client_encoding = 'UTF8';
BEGIN;

-- Table: agent_prompts (4 rows)
INSERT INTO "agent_prompts" ("id", "agent_key", "version", "status", "system_prompt", "task_prompt", "style_guide", "output_schema_json", "guardrails", "created_by", "created_at", "document_type_id", "prompt_role_id") VALUES
    ('126e89c9-8a84-4c27-9d45-ca09ca914405', 'document_analyzer', '1.0.0', 'active', 'You are an expert NMTC compliance analyst with 20+ years of experience in New Markets Tax Credit transactions. Your role is to extract critical compliance information from NMTC documents including Allocation Agreements, QLICI Loan Agreements, Promissory Notes, Community Benefits Agreements, and QALICB Certifications.', 'Analyze the provided document and extract the requested information. Focus on:
 1. Exact dates, amounts, percentages, and deadlines
 2. Specific compliance requirements and obligations  
 3. Risk factors and penalty provisions
 4. Community impact commitments and metrics
 5. QALICB qualification tests and thresholds
 
 Be precise with numbers and dates. If information is unclear or missing, note this explicitly. Always provide page references or section citations where possible.', 'Use professional, precise language. Avoid speculation. Quote exact language from documents when extracting requirements. Use standard NMTC terminology consistently.', '{"type": "object", "required": ["extracted_value", "confidence"], "properties": {"notes": {"type": "string"}, "citation": {"type": "object", "properties": {"page": {"type": "number"}, "quote": {"type": "string"}, "section": {"type": "string"}}}, "confidence": {"type": "number", "maximum": 1, "minimum": 0}, "extracted_value": {"type": ["string", "number", "object"]}}}', 'Never make up information not present in the document. Flag ambiguous language. Do not interpret legal terms without explicit definitions in the document.', '633e6379-c82f-4917-8215-6a8f0a7e972f', '2025-09-02T14:02:43.51365+00:00', NULL, NULL),
    ('b86b488c-562e-4c8b-b2a2-88ded3e596a3', 'report_generator', '1.0.0', 'active', 'You are an expert NMTC compliance reporting specialist. You create clear, comprehensive reports for executives, compliance officers, and stakeholders based on extracted document data and obligation tracking.', 'Generate a professional compliance report using the provided data. Include:
 1. Executive summary with key risks and deadlines
 2. Detailed compliance status by document type
 3. Community impact metrics and progress
 4. Risk assessment and recommendations
 5. Upcoming deadlines and action items
 
 Tailor the content and detail level to the specified audience (executives, analysts, or comprehensive compliance teams).', 'Use clear business language. Present data in logical sections. Highlight urgent items prominently. Include specific dates and amounts. Provide actionable recommendations.', '{"type": "object", "properties": {"sections": {"type": "array", "items": {"type": "object", "properties": {"content": {"type": "string"}, "key_metrics": {"type": "array"}, "action_items": {"type": "array"}, "section_title": {"type": "string"}}}}, "report_title": {"type": "string"}, "risk_summary": {"type": "string"}, "recommendations": {"type": "array", "items": {"type": "string"}}, "executive_summary": {"type": "string"}}}', 'Focus on compliance accuracy. Do not speculate beyond available data. Clearly distinguish between current status and projections.', '633e6379-c82f-4917-8215-6a8f0a7e972f', '2025-09-02T14:02:43.51365+00:00', NULL, NULL),
    ('9df305f4-98ab-4759-b559-1a34bd12f44c', 'risk_assessor', '1.0.0', 'active', 'You are an expert NMTC risk assessment specialist. You evaluate compliance risks across NMTC transactions based on document analysis, deadline tracking, and performance metrics.', 'Assess compliance risk levels based on:
 1. Missed or approaching deadlines (QEI issuance, reporting, certifications)
 2. QALICB qualification test performance (70% income, 40% property tests)
 3. Community benefit delivery shortfalls
 4. Payment defaults or covenant breaches
 5. Documentation gaps or compliance failures
 
 Assign risk levels (low/medium/high) with specific justification and recommended actions.', 'Be objective and evidence-based. Clearly explain risk rationale. Prioritize risks by potential impact (recapture, penalties, reputation).', '{"type": "object", "properties": {"overall_risk": {"enum": ["low", "medium", "high"], "type": "string"}, "risk_factors": {"type": "array", "items": {"type": "object", "properties": {"factor": {"type": "string"}, "impact": {"type": "string"}, "likelihood": {"type": "string"}, "risk_level": {"enum": ["low", "medium", "high"], "type": "string"}, "recommended_action": {"type": "string"}}}}, "immediate_actions": {"type": "array", "items": {"type": "string"}}, "monitoring_recommendations": {"type": "array", "items": {"type": "string"}}}}', 'Base assessments only on concrete evidence. Do not inflate or minimize risks. Provide actionable mitigation strategies.', '633e6379-c82f-4917-8215-6a8f0a7e972f', '2025-09-02T14:02:43.51365+00:00', NULL, NULL),
    ('80620f4e-06c0-4de6-ac79-1544b643d599', 'analyzer', '1.0.0', 'active', 'You are an expert NMTC (New Markets Tax Credit) document analyst with deep knowledge of QLICI loan agreements, allocation agreements, and compliance requirements.

Your role is to carefully analyze uploaded documents and extract structured data according to the specified schema. You have expertise in:

- NMTC program rules and regulations
- QLICI loan agreement structures and terms
- Allocation agreement requirements
- Financial analysis of community development projects
- Compliance monitoring and reporting requirements

When analyzing documents, you should:
1. Identify key financial terms, dates, and parties
2. Extract data points according to the provided schema
3. Flag any unusual terms or potential compliance issues
4. Provide confidence scores for extracted data
5. Note any missing or unclear information', 'Extract all relevant data points from the uploaded document according to the defined queries and schema. Focus on accuracy and completeness.', NULL, '{"type": "object", "properties": {"flags": {"type": "array", "items": {"type": "string"}, "description": "Any issues or unusual findings"}, "confidence": {"type": "number", "description": "Overall confidence score (0-1)"}, "extractedData": {"type": "object", "description": "Key-value pairs of extracted data"}}}', NULL, '176bddb2-6a6f-41c5-bc23-294188bfd3a0', '2025-09-04T14:01:10.678732+00:00', '76a27d1d-a098-46e4-ad1c-f2542b115eb0', NULL);

-- No data in table: api_keys

-- Table: audit_categories (7 rows)
INSERT INTO "audit_categories" ("id", "key", "display_name", "description", "severity_level", "retention_days", "created_at") VALUES
    ('458970d2-b7ac-4597-9873-bb4568ee9cf3', 'system_settings', 'System Settings', 'Platform configuration changes', 'warning', 2555, '2025-09-04T17:31:15.341316+00:00'),
    ('9e61a7dc-d1fb-41bf-8f78-3c5c3aef3df3', 'user_management', 'User Management', 'User and permission changes', 'warning', 2555, '2025-09-04T17:31:15.341316+00:00'),
    ('e3472180-bada-403b-83b7-a488a210c864', 'security', 'Security Events', 'Security-related activities', 'critical', 2555, '2025-09-04T17:31:15.341316+00:00'),
    ('5e2b613c-e531-4337-9310-f0bdf9bbdf2d', 'integration', 'Integration Changes', 'External service configurations', 'info', 1095, '2025-09-04T17:31:15.341316+00:00'),
    ('f0f6598d-01d4-4652-80b8-ab19f66c51ff', 'organization', 'Organization Management', 'Client organization changes', 'info', 1095, '2025-09-04T17:31:15.341316+00:00'),
    ('e713c2ea-04e4-4264-a560-159ef4802278', 'document_config', 'Document Configuration', 'AI and processing setup changes', 'info', 1095, '2025-09-04T17:31:15.341316+00:00'),
    ('a23131ef-00ab-4600-9c8d-d9505d78bd83', 'billing', 'Billing Events', 'Payment and subscription changes', 'warning', 2555, '2025-09-04T17:31:15.341316+00:00');

-- Table: audit_log (25 rows)
INSERT INTO "audit_log" ("id", "org_id", "actor_user_id", "scope", "record_id", "action", "diff", "created_at", "category_id", "ip_address", "user_agent") VALUES
    (1, '6cc197f0-3b5c-4e9a-8e16-c068ebbbf99c', '633e6379-c82f-4917-8215-6a8f0a7e972f', 'organization', '6cc197f0-3b5c-4e9a-8e16-c068ebbbf99c', 'updated', '{"field": "status", "new_value": "active", "old_value": "trial"}', '2025-09-01T23:01:53.462008+00:00', 'f0f6598d-01d4-4652-80b8-ab19f66c51ff', NULL, NULL),
    (2, '184ab48c-ced7-4c4f-87ce-caff94b8a683', '633e6379-c82f-4917-8215-6a8f0a7e972f', 'organization', '184ab48c-ced7-4c4f-87ce-caff94b8a683', 'updated', '{"field": "status", "new_value": "active", "old_value": "trial"}', '2025-08-28T10:10:15.726807+00:00', 'f0f6598d-01d4-4652-80b8-ab19f66c51ff', NULL, NULL),
    (3, '424d296b-aebf-4bc0-8a29-642c7d03a354', '633e6379-c82f-4917-8215-6a8f0a7e972f', 'organization', '424d296b-aebf-4bc0-8a29-642c7d03a354', 'updated', '{"field": "status", "new_value": "active", "old_value": "trial"}', '2025-08-31T16:36:25.539793+00:00', 'f0f6598d-01d4-4652-80b8-ab19f66c51ff', NULL, NULL),
    (4, 'e2aa3c46-9f84-451f-96ed-b8270db11d85', '633e6379-c82f-4917-8215-6a8f0a7e972f', 'organization', 'e2aa3c46-9f84-451f-96ed-b8270db11d85', 'updated', '{"field": "status", "new_value": "active", "old_value": "trial"}', '2025-08-31T10:13:03.201978+00:00', 'f0f6598d-01d4-4652-80b8-ab19f66c51ff', NULL, NULL),
    (5, 'dc14a58e-646d-4b6a-a959-044520da6c20', '633e6379-c82f-4917-8215-6a8f0a7e972f', 'organization', 'dc14a58e-646d-4b6a-a959-044520da6c20', 'updated', '{"field": "status", "new_value": "active", "old_value": "trial"}', '2025-08-29T08:34:59.233437+00:00', 'f0f6598d-01d4-4652-80b8-ab19f66c51ff', NULL, NULL),
    (6, '6a33d234-38e6-4709-afe6-180f1de7c462', '633e6379-c82f-4917-8215-6a8f0a7e972f', 'organization', '6a33d234-38e6-4709-afe6-180f1de7c462', 'updated', '{"field": "status", "new_value": "active", "old_value": "trial"}', '2025-08-31T15:58:59.475596+00:00', 'f0f6598d-01d4-4652-80b8-ab19f66c51ff', NULL, NULL),
    (7, 'a4fd5d68-97ec-429f-b3e9-1ebc952a5a87', '633e6379-c82f-4917-8215-6a8f0a7e972f', 'organization', 'a4fd5d68-97ec-429f-b3e9-1ebc952a5a87', 'updated', '{"field": "status", "new_value": "active", "old_value": "trial"}', '2025-08-28T12:17:10.555295+00:00', 'f0f6598d-01d4-4652-80b8-ab19f66c51ff', NULL, NULL),
    (8, '07f96bfd-9641-4f58-adee-c452e50c1edf', '633e6379-c82f-4917-8215-6a8f0a7e972f', 'organization', '07f96bfd-9641-4f58-adee-c452e50c1edf', 'updated', '{"field": "status", "new_value": "active", "old_value": "trial"}', '2025-08-29T20:07:04.774777+00:00', 'f0f6598d-01d4-4652-80b8-ab19f66c51ff', NULL, NULL),
    (9, '688f29a5-df58-43f2-b17e-105fcf3e6f3e', '633e6379-c82f-4917-8215-6a8f0a7e972f', 'organization', '688f29a5-df58-43f2-b17e-105fcf3e6f3e', 'updated', '{"field": "status", "new_value": "active", "old_value": "trial"}', '2025-09-03T07:13:55.727624+00:00', 'f0f6598d-01d4-4652-80b8-ab19f66c51ff', NULL, NULL),
    (10, 'bcd0bcd4-db1e-4468-bf4f-e5fcd5bdacee', '633e6379-c82f-4917-8215-6a8f0a7e972f', 'organization', 'bcd0bcd4-db1e-4468-bf4f-e5fcd5bdacee', 'updated', '{"field": "status", "new_value": "active", "old_value": "trial"}', '2025-09-02T19:43:46.325796+00:00', 'f0f6598d-01d4-4652-80b8-ab19f66c51ff', NULL, NULL),
    (11, 'ce117b87-d75c-4c8a-b3f5-922ddec539b0', '633e6379-c82f-4917-8215-6a8f0a7e972f', 'organization', 'ce117b87-d75c-4c8a-b3f5-922ddec539b0', 'created', NULL, '2025-08-29T06:57:36.333387+00:00', 'f0f6598d-01d4-4652-80b8-ab19f66c51ff', NULL, NULL),
    (12, '5130549f-4a07-4390-99c1-0442080d378d', '633e6379-c82f-4917-8215-6a8f0a7e972f', 'organization', '5130549f-4a07-4390-99c1-0442080d378d', 'created', NULL, '2025-09-03T16:22:43.950408+00:00', 'f0f6598d-01d4-4652-80b8-ab19f66c51ff', NULL, NULL),
    (13, '777586c4-17bc-48cb-9a27-211b5b31a8d7', '633e6379-c82f-4917-8215-6a8f0a7e972f', 'organization', '777586c4-17bc-48cb-9a27-211b5b31a8d7', 'created', NULL, '2025-08-28T23:51:24.715631+00:00', 'f0f6598d-01d4-4652-80b8-ab19f66c51ff', NULL, NULL),
    (14, '6cc197f0-3b5c-4e9a-8e16-c068ebbbf99c', '633e6379-c82f-4917-8215-6a8f0a7e972f', 'organization', '6cc197f0-3b5c-4e9a-8e16-c068ebbbf99c', 'created', NULL, '2025-09-01T05:54:35.168401+00:00', 'f0f6598d-01d4-4652-80b8-ab19f66c51ff', NULL, NULL),
    (15, 'e6717583-04f1-4558-b8c8-570cdf80a7fd', '633e6379-c82f-4917-8215-6a8f0a7e972f', 'organization', 'e6717583-04f1-4558-b8c8-570cdf80a7fd', 'created', NULL, '2025-08-31T10:32:40.814554+00:00', 'f0f6598d-01d4-4652-80b8-ab19f66c51ff', NULL, NULL),
    (16, '184ab48c-ced7-4c4f-87ce-caff94b8a683', '633e6379-c82f-4917-8215-6a8f0a7e972f', 'organization', '184ab48c-ced7-4c4f-87ce-caff94b8a683', 'created', NULL, '2025-09-01T05:03:31.92115+00:00', 'f0f6598d-01d4-4652-80b8-ab19f66c51ff', NULL, NULL),
    (17, '424d296b-aebf-4bc0-8a29-642c7d03a354', '633e6379-c82f-4917-8215-6a8f0a7e972f', 'organization', '424d296b-aebf-4bc0-8a29-642c7d03a354', 'created', NULL, '2025-09-02T13:43:09.95671+00:00', 'f0f6598d-01d4-4652-80b8-ab19f66c51ff', NULL, NULL),
    (18, '2c3fd233-54d8-4893-ae53-021dee133633', '633e6379-c82f-4917-8215-6a8f0a7e972f', 'organization', '2c3fd233-54d8-4893-ae53-021dee133633', 'created', NULL, '2025-09-02T06:47:04.418989+00:00', 'f0f6598d-01d4-4652-80b8-ab19f66c51ff', NULL, NULL),
    (19, 'e2aa3c46-9f84-451f-96ed-b8270db11d85', '633e6379-c82f-4917-8215-6a8f0a7e972f', 'organization', 'e2aa3c46-9f84-451f-96ed-b8270db11d85', 'created', NULL, '2025-08-31T14:00:53.521441+00:00', 'f0f6598d-01d4-4652-80b8-ab19f66c51ff', NULL, NULL),
    (20, 'dc14a58e-646d-4b6a-a959-044520da6c20', '633e6379-c82f-4917-8215-6a8f0a7e972f', 'organization', 'dc14a58e-646d-4b6a-a959-044520da6c20', 'created', NULL, '2025-08-29T08:03:34.951197+00:00', 'f0f6598d-01d4-4652-80b8-ab19f66c51ff', NULL, NULL),
    (21, '6a33d234-38e6-4709-afe6-180f1de7c462', '633e6379-c82f-4917-8215-6a8f0a7e972f', 'organization', '6a33d234-38e6-4709-afe6-180f1de7c462', 'created', NULL, '2025-09-01T08:23:45.476699+00:00', 'f0f6598d-01d4-4652-80b8-ab19f66c51ff', NULL, NULL),
    (22, 'a4fd5d68-97ec-429f-b3e9-1ebc952a5a87', '633e6379-c82f-4917-8215-6a8f0a7e972f', 'organization', 'a4fd5d68-97ec-429f-b3e9-1ebc952a5a87', 'created', NULL, '2025-08-29T02:49:33.017838+00:00', 'f0f6598d-01d4-4652-80b8-ab19f66c51ff', NULL, NULL),
    (23, '07f96bfd-9641-4f58-adee-c452e50c1edf', '633e6379-c82f-4917-8215-6a8f0a7e972f', 'organization', '07f96bfd-9641-4f58-adee-c452e50c1edf', 'created', NULL, '2025-08-29T10:54:26.549609+00:00', 'f0f6598d-01d4-4652-80b8-ab19f66c51ff', NULL, NULL),
    (24, '34c5d36a-02a2-4070-9379-5b34ff4bdf62', '633e6379-c82f-4917-8215-6a8f0a7e972f', 'organization', '34c5d36a-02a2-4070-9379-5b34ff4bdf62', 'created', NULL, '2025-08-31T16:20:48.143585+00:00', 'f0f6598d-01d4-4652-80b8-ab19f66c51ff', NULL, NULL),
    (25, 'bf70323d-8c8e-48b3-9eb0-f70b9388e0e5', '633e6379-c82f-4917-8215-6a8f0a7e972f', 'organization', 'bf70323d-8c8e-48b3-9eb0-f70b9388e0e5', 'created', NULL, '2025-08-29T02:27:50.917947+00:00', 'f0f6598d-01d4-4652-80b8-ab19f66c51ff', NULL, NULL);

-- Table: billing_status_types (5 rows)
INSERT INTO "billing_status_types" ("id", "key", "display_name", "description", "is_active", "order_index", "created_at") VALUES
    ('95d2e411-c4d9-4e79-9398-428215982c90', 'current', 'Current', 'Billing is up to date', TRUE, 1, '2025-09-04T12:13:53.245128+00:00'),
    ('173c08cb-4702-4a69-b39f-9f2d5b9bbdd9', 'past_due', 'Past Due', 'Payment is overdue', FALSE, 2, '2025-09-04T12:13:53.245128+00:00'),
    ('e622fb28-f6a7-42ef-9cd5-340be57bd1c4', 'suspended', 'Suspended', 'Account suspended for non-payment', FALSE, 3, '2025-09-04T12:13:53.245128+00:00'),
    ('e219e299-452e-41b3-821b-528733fea6f2', 'trial', 'Trial Period', 'Free trial period active', TRUE, 4, '2025-09-04T12:13:53.245128+00:00'),
    ('1fcf25bd-d466-4b4c-bf26-6169430fba2d', 'cancelled', 'Cancelled', 'Subscription cancelled', FALSE, 5, '2025-09-04T12:13:53.245128+00:00');

-- No data in table: business_rules

-- Table: conflict_policies (1 rows)
INSERT INTO "conflict_policies" ("id", "precedence_order", "resolution_action", "version", "status", "notes", "created_at") VALUES
    ('704632e4-26fc-4f6e-b78b-50fb9e33d1d1', '["ALLOCATION_AGREEMENT", "QLICI_LOAN_AGREEMENT", "QLICI_PROMISSORY_NOTE", "COMMUNITY_BENEFITS_AGREEMENT", "QALICB_CERTIFICATION"]', 'take_stricter_and_flag', 1, 'active', 'Allocation Agreement takes highest precedence, followed by loan documents. Always apply stricter requirements and flag conflicts for manual review.', '2025-09-01T14:54:04.102912+00:00');

-- Table: contact_roles (4 rows)
INSERT INTO "contact_roles" ("id", "key", "display_name", "description", "order_index", "created_at") VALUES
    ('020fca11-ce68-486e-8b9b-ddf124ff8830', 'primary', 'Primary Contact', 'Main organization contact and admin', 1, '2025-09-04T12:13:53.245128+00:00'),
    ('6e532429-6821-43fc-84d2-a7455b0b2950', 'billing', 'Billing Contact', 'Handles billing and invoices', 2, '2025-09-04T12:13:53.245128+00:00'),
    ('171a81b1-33b0-45d1-b021-d9863ee423f6', 'technical', 'Technical Contact', 'Technical integration and support', 3, '2025-09-04T12:13:53.245128+00:00'),
    ('2b7b0178-95cf-47b0-a818-6b1e240327f5', 'compliance', 'Compliance Officer', 'NMTC compliance and reporting', 4, '2025-09-04T12:13:53.245128+00:00');

-- Table: document_categories (5 rows)
INSERT INTO "document_categories" ("id", "key", "display_name", "description", "version", "status", "created_by", "created_at") VALUES
    ('1989a5ab-b3c2-4fae-8d0f-ef319c9ca256', 'GOVERNANCE', 'Governance / Compliance', 'Top-level agreements with the CDFI Fund (e.g., Allocation Agreement)', '1.0.0', 'active', '633e6379-c82f-4917-8215-6a8f0a7e972f', '2025-09-01T13:50:54.88948+00:00'),
    ('31724220-e1a7-430b-9e3e-9dacd0a75425', 'FINANCING', 'Financing Documents', 'QLICI Loan Agreements, Promissory Notes, Intercreditor docs', '1.0.0', 'active', '633e6379-c82f-4917-8215-6a8f0a7e972f', '2025-09-01T13:50:54.88948+00:00'),
    ('6448fc89-3f33-4843-8f15-185804a42935', 'COMMUNITY', 'Community Commitments', 'Community Benefits Agreements, impact schedules, workforce commitments', '1.0.0', 'active', '633e6379-c82f-4917-8215-6a8f0a7e972f', '2025-09-01T13:50:54.88948+00:00'),
    ('9a417c68-c1d8-434d-bb23-513f2e009b88', 'QALICB', 'QALICB Certifications', 'Annual certifications and tests to maintain QALICB status', '1.0.0', 'active', '633e6379-c82f-4917-8215-6a8f0a7e972f', '2025-09-01T13:50:54.88948+00:00'),
    ('e290ad24-6d48-4108-b74b-184c113fe873', 'abc', 'abc', '', '1.0.0', 'active', '176bddb2-6a6f-41c5-bc23-294188bfd3a0', '2025-09-04T13:17:29.359316+00:00');

-- Table: document_types (5 rows)
INSERT INTO "document_types" ("id", "org_id", "owner_scope", "parent_id", "key", "display_name", "version", "status", "notes", "created_by", "created_at", "org_id_eff", "category_id", "status_id", "workflow_state_id") VALUES
    ('76a27d1d-a098-46e4-ad1c-f2542b115eb0', NULL, 'template', NULL, 'ALLOCATION_AGREEMENT', 'NMTC Allocation Agreement', '1.0.0', 'active', 'Core binding agreement between CDFI Fund and allocatee. Sets allocation authority, QEI deadlines, reporting requirements, and recapture triggers.', '633e6379-c82f-4917-8215-6a8f0a7e972f', '2025-09-01T13:50:54.88948+00:00', '00000000-0000-0000-0000-000000000000', '1989a5ab-b3c2-4fae-8d0f-ef319c9ca256', 'c8c446ab-d63f-4828-99d9-508155b68c14', '6a41c5d4-49c9-4c2f-b1e4-729f45eb8f51'),
    ('36600bda-690a-45f5-b44f-ae19d0a46242', NULL, 'template', NULL, 'QLICI_LOAN_AGREEMENT', 'QLICI Loan Agreement', '1.0.0', 'active', 'Defines NMTC capital deployment to QALICB. Covers loan terms, collateral, covenants, and default conditions.', '633e6379-c82f-4917-8215-6a8f0a7e972f', '2025-09-01T13:50:54.88948+00:00', '00000000-0000-0000-0000-000000000000', '31724220-e1a7-430b-9e3e-9dacd0a75425', 'c8c446ab-d63f-4828-99d9-508155b68c14', '6a41c5d4-49c9-4c2f-b1e4-729f45eb8f51'),
    ('1b2ca84d-b68d-474b-bf52-2457b08d376d', NULL, 'template', NULL, 'QLICI_PROMISSORY_NOTE', 'QLICI Promissory Note', '1.0.0', 'active', 'Debt instrument evidencing QLICI loan. Separate enforceable obligation with payment schedules and remedies.', '633e6379-c82f-4917-8215-6a8f0a7e972f', '2025-09-01T13:50:54.88948+00:00', '00000000-0000-0000-0000-000000000000', '31724220-e1a7-430b-9e3e-9dacd0a75425', 'c8c446ab-d63f-4828-99d9-508155b68c14', '6a41c5d4-49c9-4c2f-b1e4-729f45eb8f51'),
    ('6593efa6-d380-47a3-a114-b82071d42356', NULL, 'template', NULL, 'COMMUNITY_BENEFITS_AGREEMENT', 'Community Benefits Agreement (CBA)', '1.0.0', 'active', 'Defines community development commitments including job creation, minority contracting, and impact metrics.', '633e6379-c82f-4917-8215-6a8f0a7e972f', '2025-09-01T13:50:54.88948+00:00', '00000000-0000-0000-0000-000000000000', '6448fc89-3f33-4843-8f15-185804a42935', 'c8c446ab-d63f-4828-99d9-508155b68c14', '6a41c5d4-49c9-4c2f-b1e4-729f45eb8f51'),
    ('99ea58ee-cd8a-4b53-9911-3aff39c2c1e7', NULL, 'template', NULL, 'QALICB_CERTIFICATION', 'QALICB Annual Certification', '1.0.0', 'active', 'Ensures project maintains QALICB status under IRC Section 45D. Covers gross income, tangible property, and services tests.', '633e6379-c82f-4917-8215-6a8f0a7e972f', '2025-09-01T13:50:54.88948+00:00', '00000000-0000-0000-0000-000000000000', '9a417c68-c1d8-434d-bb23-513f2e009b88', 'c8c446ab-d63f-4828-99d9-508155b68c14', '6a41c5d4-49c9-4c2f-b1e4-729f45eb8f51');

-- Table: documents (145 rows)
INSERT INTO "documents" ("id", "org_id", "document_type_id", "filename", "storage_path", "mime_type", "hash", "uploaded_by", "uploaded_at", "ocr_status", "parsed_index") VALUES
    ('dc457ce7-2274-435c-9cec-a0053f6c7df8', 'ce117b87-d75c-4c8a-b3f5-922ddec539b0', '76a27d1d-a098-46e4-ad1c-f2542b115eb0', 'QLICI_Loan_Agreement_001.pdf', '/documents/QLICI_Loan_Agreement_001.pdf', 'application/pdf', NULL, '633e6379-c82f-4917-8215-6a8f0a7e972f', '2025-08-31T13:37:27.878112+00:00', 'processing', NULL),
    ('4c506151-b09c-45be-955e-c33b0303e76a', 'ce117b87-d75c-4c8a-b3f5-922ddec539b0', '76a27d1d-a098-46e4-ad1c-f2542b115eb0', 'QALICB_Certification.pdf', '/documents/QALICB_Certification.pdf', 'application/pdf', NULL, '633e6379-c82f-4917-8215-6a8f0a7e972f', '2025-06-27T21:41:57.325215+00:00', 'done', NULL),
    ('b11feffd-0b6c-41ee-9d5d-ddb60b1d2de6', 'ce117b87-d75c-4c8a-b3f5-922ddec539b0', '6593efa6-d380-47a3-a114-b82071d42356', 'Annual_Compliance_Report.pdf', '/documents/Annual_Compliance_Report.pdf', 'application/pdf', NULL, '633e6379-c82f-4917-8215-6a8f0a7e972f', '2025-06-09T17:10:33.574136+00:00', 'done', NULL),
    ('ecd005eb-5b7d-45c4-b3e3-5e359163cd80', 'ce117b87-d75c-4c8a-b3f5-922ddec539b0', '99ea58ee-cd8a-4b53-9911-3aff39c2c1e7', 'QLICI_Loan_Agreement_001.pdf', '/documents/QLICI_Loan_Agreement_001.pdf', 'application/pdf', NULL, '633e6379-c82f-4917-8215-6a8f0a7e972f', '2025-08-21T13:43:25.590338+00:00', 'done', NULL),
    ('8de39921-2553-403e-be00-51d648e1b76a', '5130549f-4a07-4390-99c1-0442080d378d', '36600bda-690a-45f5-b44f-ae19d0a46242', 'QLICI_Loan_Agreement_001.pdf', '/documents/QLICI_Loan_Agreement_001.pdf', 'application/pdf', NULL, '633e6379-c82f-4917-8215-6a8f0a7e972f', '2025-07-30T10:43:55.938677+00:00', 'done', NULL),
    ('7b9e8a05-52bf-48c7-8ddc-d17128d8c1f5', '5130549f-4a07-4390-99c1-0442080d378d', '36600bda-690a-45f5-b44f-ae19d0a46242', 'Annual_Compliance_Report.pdf', '/documents/Annual_Compliance_Report.pdf', 'application/pdf', NULL, '633e6379-c82f-4917-8215-6a8f0a7e972f', '2025-06-09T02:18:12.796709+00:00', 'done', NULL),
    ('748d0c56-cebe-4b32-b3ba-5784b1e882c3', '5130549f-4a07-4390-99c1-0442080d378d', '6593efa6-d380-47a3-a114-b82071d42356', 'QLICI_Loan_Agreement_001.pdf', '/documents/QLICI_Loan_Agreement_001.pdf', 'application/pdf', NULL, '633e6379-c82f-4917-8215-6a8f0a7e972f', '2025-07-22T12:38:52.243541+00:00', 'done', NULL),
    ('305ecf4f-0c25-4a23-84ff-d774caa7972e', '5130549f-4a07-4390-99c1-0442080d378d', '6593efa6-d380-47a3-a114-b82071d42356', 'Community_Benefits_Agreement.pdf', '/documents/Community_Benefits_Agreement.pdf', 'application/pdf', NULL, '633e6379-c82f-4917-8215-6a8f0a7e972f', '2025-07-29T10:34:38.606795+00:00', 'done', NULL),
    ('2b5fc354-a2ff-47c9-bbf5-e48e80f20867', '5130549f-4a07-4390-99c1-0442080d378d', '99ea58ee-cd8a-4b53-9911-3aff39c2c1e7', 'Community_Benefits_Agreement.pdf', '/documents/Community_Benefits_Agreement.pdf', 'application/pdf', NULL, '633e6379-c82f-4917-8215-6a8f0a7e972f', '2025-06-30T08:49:36.484601+00:00', 'done', NULL),
    ('bb513166-8862-45c3-a24c-fc2eaecec380', '5130549f-4a07-4390-99c1-0442080d378d', '99ea58ee-cd8a-4b53-9911-3aff39c2c1e7', 'Annual_Compliance_Report.pdf', '/documents/Annual_Compliance_Report.pdf', 'application/pdf', NULL, '633e6379-c82f-4917-8215-6a8f0a7e972f', '2025-07-30T03:42:16.369008+00:00', 'done', NULL),
    ('0800a1c6-ca5b-404d-a60a-7b52c32775e1', '5130549f-4a07-4390-99c1-0442080d378d', '99ea58ee-cd8a-4b53-9911-3aff39c2c1e7', 'Financial_Statements_2024.pdf', '/documents/Financial_Statements_2024.pdf', 'application/pdf', NULL, '633e6379-c82f-4917-8215-6a8f0a7e972f', '2025-08-02T14:34:00.348252+00:00', 'done', NULL),
    ('cea883aa-0803-443c-9d55-897b5d60fab6', '5130549f-4a07-4390-99c1-0442080d378d', '99ea58ee-cd8a-4b53-9911-3aff39c2c1e7', 'Allocation_Agreement.pdf', '/documents/Allocation_Agreement.pdf', 'application/pdf', NULL, '633e6379-c82f-4917-8215-6a8f0a7e972f', '2025-07-09T17:56:49.854498+00:00', 'done', NULL),
    ('55a20537-c59a-4efa-a2a3-9a0339242e0d', '777586c4-17bc-48cb-9a27-211b5b31a8d7', '76a27d1d-a098-46e4-ad1c-f2542b115eb0', 'Community_Benefits_Agreement.pdf', '/documents/Community_Benefits_Agreement.pdf', 'application/pdf', NULL, '633e6379-c82f-4917-8215-6a8f0a7e972f', '2025-06-10T14:37:58.719696+00:00', 'queued', NULL),
    ('9221c5c3-538e-4099-878f-e19b16e0f75a', '777586c4-17bc-48cb-9a27-211b5b31a8d7', '36600bda-690a-45f5-b44f-ae19d0a46242', 'Annual_Compliance_Report.pdf', '/documents/Annual_Compliance_Report.pdf', 'application/pdf', NULL, '633e6379-c82f-4917-8215-6a8f0a7e972f', '2025-08-11T19:22:47.141147+00:00', 'processing', NULL),
    ('1536bf30-ce8b-4859-8f72-1b8b38f4b751', '777586c4-17bc-48cb-9a27-211b5b31a8d7', '1b2ca84d-b68d-474b-bf52-2457b08d376d', 'QLICI_Loan_Agreement_001.pdf', '/documents/QLICI_Loan_Agreement_001.pdf', 'application/pdf', NULL, '633e6379-c82f-4917-8215-6a8f0a7e972f', '2025-09-01T19:21:13.01319+00:00', 'done', NULL),
    ('cb81af44-754a-4a28-940d-a2c420ac8817', '777586c4-17bc-48cb-9a27-211b5b31a8d7', '1b2ca84d-b68d-474b-bf52-2457b08d376d', 'Community_Benefits_Agreement.pdf', '/documents/Community_Benefits_Agreement.pdf', 'application/pdf', NULL, '633e6379-c82f-4917-8215-6a8f0a7e972f', '2025-07-01T13:40:33.796785+00:00', 'done', NULL),
    ('ae64db81-32fd-4bc4-808f-6adfd7ec3774', '777586c4-17bc-48cb-9a27-211b5b31a8d7', '1b2ca84d-b68d-474b-bf52-2457b08d376d', 'QALICB_Certification.pdf', '/documents/QALICB_Certification.pdf', 'application/pdf', NULL, '633e6379-c82f-4917-8215-6a8f0a7e972f', '2025-08-24T09:35:52.257971+00:00', 'processing', NULL),
    ('3f16989c-7edf-4092-911a-647f4d76b8a9', '777586c4-17bc-48cb-9a27-211b5b31a8d7', '6593efa6-d380-47a3-a114-b82071d42356', 'Financial_Statements_2024.pdf', '/documents/Financial_Statements_2024.pdf', 'application/pdf', NULL, '633e6379-c82f-4917-8215-6a8f0a7e972f', '2025-06-24T05:38:13.685464+00:00', 'done', NULL),
    ('af929ba1-8961-4d22-bdb4-4a9f10d9d5c0', '6cc197f0-3b5c-4e9a-8e16-c068ebbbf99c', '76a27d1d-a098-46e4-ad1c-f2542b115eb0', 'QLICI_Loan_Agreement_001.pdf', '/documents/QLICI_Loan_Agreement_001.pdf', 'application/pdf', NULL, '633e6379-c82f-4917-8215-6a8f0a7e972f', '2025-08-11T09:47:30.149382+00:00', 'done', NULL),
    ('df58c2af-3d8d-411e-a3bb-c6942de5dc6d', '6cc197f0-3b5c-4e9a-8e16-c068ebbbf99c', '76a27d1d-a098-46e4-ad1c-f2542b115eb0', 'Community_Benefits_Agreement.pdf', '/documents/Community_Benefits_Agreement.pdf', 'application/pdf', NULL, '633e6379-c82f-4917-8215-6a8f0a7e972f', '2025-06-22T06:46:03.557492+00:00', 'done', NULL),
    ('cde7d9c5-aa1d-460c-956a-a6622985645f', '6cc197f0-3b5c-4e9a-8e16-c068ebbbf99c', '36600bda-690a-45f5-b44f-ae19d0a46242', 'Financial_Statements_2024.pdf', '/documents/Financial_Statements_2024.pdf', 'application/pdf', NULL, '633e6379-c82f-4917-8215-6a8f0a7e972f', '2025-08-22T10:07:11.941257+00:00', 'done', NULL),
    ('a1e47fbe-a7e3-4034-8739-6c8b5ca95c1d', '6cc197f0-3b5c-4e9a-8e16-c068ebbbf99c', '36600bda-690a-45f5-b44f-ae19d0a46242', 'Allocation_Agreement.pdf', '/documents/Allocation_Agreement.pdf', 'application/pdf', NULL, '633e6379-c82f-4917-8215-6a8f0a7e972f', '2025-06-29T01:51:32.149616+00:00', 'queued', NULL),
    ('618eba7b-e4d1-4563-95b8-f02cf47eda2d', '6cc197f0-3b5c-4e9a-8e16-c068ebbbf99c', '1b2ca84d-b68d-474b-bf52-2457b08d376d', 'Annual_Compliance_Report.pdf', '/documents/Annual_Compliance_Report.pdf', 'application/pdf', NULL, '633e6379-c82f-4917-8215-6a8f0a7e972f', '2025-07-25T10:24:35.027531+00:00', 'done', NULL),
    ('8ec0a9bf-e4aa-46e8-aae4-9ce04179cff3', '6cc197f0-3b5c-4e9a-8e16-c068ebbbf99c', '1b2ca84d-b68d-474b-bf52-2457b08d376d', 'QALICB_Certification.pdf', '/documents/QALICB_Certification.pdf', 'application/pdf', NULL, '633e6379-c82f-4917-8215-6a8f0a7e972f', '2025-06-13T23:48:45.068276+00:00', 'processing', NULL),
    ('4778ebcd-d2fc-4eb2-8d59-4f478bb69c4f', '6cc197f0-3b5c-4e9a-8e16-c068ebbbf99c', '6593efa6-d380-47a3-a114-b82071d42356', 'QLICI_Loan_Agreement_001.pdf', '/documents/QLICI_Loan_Agreement_001.pdf', 'application/pdf', NULL, '633e6379-c82f-4917-8215-6a8f0a7e972f', '2025-08-02T14:20:13.253134+00:00', 'done', NULL),
    ('a67e8f8d-6b1c-4c85-bdff-b93d36a1d2ca', '6cc197f0-3b5c-4e9a-8e16-c068ebbbf99c', '6593efa6-d380-47a3-a114-b82071d42356', 'Financial_Statements_2024.pdf', '/documents/Financial_Statements_2024.pdf', 'application/pdf', NULL, '633e6379-c82f-4917-8215-6a8f0a7e972f', '2025-08-26T22:47:17.346765+00:00', 'done', NULL),
    ('60889842-4b05-4626-ae37-eb29ae69c449', 'e6717583-04f1-4558-b8c8-570cdf80a7fd', '76a27d1d-a098-46e4-ad1c-f2542b115eb0', 'Community_Benefits_Agreement.pdf', '/documents/Community_Benefits_Agreement.pdf', 'application/pdf', NULL, '633e6379-c82f-4917-8215-6a8f0a7e972f', '2025-06-13T04:48:56.749548+00:00', 'done', NULL),
    ('4254e30c-9d82-4525-b234-36282550c097', 'e6717583-04f1-4558-b8c8-570cdf80a7fd', '76a27d1d-a098-46e4-ad1c-f2542b115eb0', 'Financial_Statements_2024.pdf', '/documents/Financial_Statements_2024.pdf', 'application/pdf', NULL, '633e6379-c82f-4917-8215-6a8f0a7e972f', '2025-09-02T07:55:02.668843+00:00', 'processing', NULL),
    ('f62f6336-5ab5-4426-8312-e0ea4d5ee190', 'e6717583-04f1-4558-b8c8-570cdf80a7fd', '36600bda-690a-45f5-b44f-ae19d0a46242', 'QALICB_Certification.pdf', '/documents/QALICB_Certification.pdf', 'application/pdf', NULL, '633e6379-c82f-4917-8215-6a8f0a7e972f', '2025-08-18T02:25:23.192087+00:00', 'done', NULL),
    ('2b4c91e9-8b96-485a-81ca-401408ae06cb', 'e6717583-04f1-4558-b8c8-570cdf80a7fd', '36600bda-690a-45f5-b44f-ae19d0a46242', 'Financial_Statements_2024.pdf', '/documents/Financial_Statements_2024.pdf', 'application/pdf', NULL, '633e6379-c82f-4917-8215-6a8f0a7e972f', '2025-08-26T04:23:02.945184+00:00', 'done', NULL),
    ('815e3481-4351-440e-806a-4249e4ee6ffb', 'e6717583-04f1-4558-b8c8-570cdf80a7fd', '1b2ca84d-b68d-474b-bf52-2457b08d376d', 'Allocation_Agreement.pdf', '/documents/Allocation_Agreement.pdf', 'application/pdf', NULL, '633e6379-c82f-4917-8215-6a8f0a7e972f', '2025-08-10T11:10:26.881203+00:00', 'done', NULL),
    ('80d83a8d-2398-4c95-a6f6-6616bea613de', 'e6717583-04f1-4558-b8c8-570cdf80a7fd', '6593efa6-d380-47a3-a114-b82071d42356', 'QALICB_Certification.pdf', '/documents/QALICB_Certification.pdf', 'application/pdf', NULL, '633e6379-c82f-4917-8215-6a8f0a7e972f', '2025-08-03T02:43:06.662451+00:00', 'done', NULL),
    ('a2f1642f-b32f-4cee-a04e-d87f73369a7b', 'e6717583-04f1-4558-b8c8-570cdf80a7fd', '99ea58ee-cd8a-4b53-9911-3aff39c2c1e7', 'QLICI_Loan_Agreement_001.pdf', '/documents/QLICI_Loan_Agreement_001.pdf', 'application/pdf', NULL, '633e6379-c82f-4917-8215-6a8f0a7e972f', '2025-08-20T19:26:33.967787+00:00', 'processing', NULL),
    ('b5821ade-fff8-40fe-a69d-1d4ef88203df', 'e6717583-04f1-4558-b8c8-570cdf80a7fd', '99ea58ee-cd8a-4b53-9911-3aff39c2c1e7', 'QALICB_Certification.pdf', '/documents/QALICB_Certification.pdf', 'application/pdf', NULL, '633e6379-c82f-4917-8215-6a8f0a7e972f', '2025-08-27T20:38:59.650207+00:00', 'done', NULL),
    ('962daae5-c1fc-4656-ac78-9311e68d2fda', 'e6717583-04f1-4558-b8c8-570cdf80a7fd', '99ea58ee-cd8a-4b53-9911-3aff39c2c1e7', 'Allocation_Agreement.pdf', '/documents/Allocation_Agreement.pdf', 'application/pdf', NULL, '633e6379-c82f-4917-8215-6a8f0a7e972f', '2025-07-26T17:47:13.405319+00:00', 'done', NULL),
    ('87c8a150-ce0d-4d22-bcde-c562629b5c0f', '184ab48c-ced7-4c4f-87ce-caff94b8a683', '76a27d1d-a098-46e4-ad1c-f2542b115eb0', 'QALICB_Certification.pdf', '/documents/QALICB_Certification.pdf', 'application/pdf', NULL, '633e6379-c82f-4917-8215-6a8f0a7e972f', '2025-07-13T14:28:17.647718+00:00', 'done', NULL),
    ('0519afb5-9cb1-4e12-91fb-8a1c067fd3df', '184ab48c-ced7-4c4f-87ce-caff94b8a683', '1b2ca84d-b68d-474b-bf52-2457b08d376d', 'Community_Benefits_Agreement.pdf', '/documents/Community_Benefits_Agreement.pdf', 'application/pdf', NULL, '633e6379-c82f-4917-8215-6a8f0a7e972f', '2025-08-30T10:42:31.843404+00:00', 'done', NULL),
    ('b9db84c8-9538-463c-b47e-b4f2f616aa62', '184ab48c-ced7-4c4f-87ce-caff94b8a683', '6593efa6-d380-47a3-a114-b82071d42356', 'QLICI_Loan_Agreement_001.pdf', '/documents/QLICI_Loan_Agreement_001.pdf', 'application/pdf', NULL, '633e6379-c82f-4917-8215-6a8f0a7e972f', '2025-07-16T05:19:35.636239+00:00', 'done', NULL),
    ('700b23d3-99d5-49e3-bd22-5c7134f3c5f1', '184ab48c-ced7-4c4f-87ce-caff94b8a683', '6593efa6-d380-47a3-a114-b82071d42356', 'Annual_Compliance_Report.pdf', '/documents/Annual_Compliance_Report.pdf', 'application/pdf', NULL, '633e6379-c82f-4917-8215-6a8f0a7e972f', '2025-06-27T08:46:02.583806+00:00', 'processing', NULL),
    ('720825f2-0de0-4096-9c86-ebd70376eca0', '184ab48c-ced7-4c4f-87ce-caff94b8a683', '99ea58ee-cd8a-4b53-9911-3aff39c2c1e7', 'Allocation_Agreement.pdf', '/documents/Allocation_Agreement.pdf', 'application/pdf', NULL, '633e6379-c82f-4917-8215-6a8f0a7e972f', '2025-07-05T06:49:18.582549+00:00', 'done', NULL),
    ('b39859f7-3f7e-4003-92be-348f2f3dc764', '424d296b-aebf-4bc0-8a29-642c7d03a354', '36600bda-690a-45f5-b44f-ae19d0a46242', 'Community_Benefits_Agreement.pdf', '/documents/Community_Benefits_Agreement.pdf', 'application/pdf', NULL, '633e6379-c82f-4917-8215-6a8f0a7e972f', '2025-08-07T08:46:26.474626+00:00', 'processing', NULL),
    ('3a01904b-c0a3-48da-8e78-acb2e6008497', '424d296b-aebf-4bc0-8a29-642c7d03a354', '1b2ca84d-b68d-474b-bf52-2457b08d376d', 'Allocation_Agreement.pdf', '/documents/Allocation_Agreement.pdf', 'application/pdf', NULL, '633e6379-c82f-4917-8215-6a8f0a7e972f', '2025-07-29T11:07:32.552379+00:00', 'done', NULL),
    ('c1e4f3bb-25a8-435a-b66b-d0b101ded465', '424d296b-aebf-4bc0-8a29-642c7d03a354', '6593efa6-d380-47a3-a114-b82071d42356', 'Community_Benefits_Agreement.pdf', '/documents/Community_Benefits_Agreement.pdf', 'application/pdf', NULL, '633e6379-c82f-4917-8215-6a8f0a7e972f', '2025-08-24T10:33:59.973628+00:00', 'done', NULL),
    ('c3c7b5d5-a004-4fcb-bb1c-c217a7f965cc', '424d296b-aebf-4bc0-8a29-642c7d03a354', '6593efa6-d380-47a3-a114-b82071d42356', 'Financial_Statements_2024.pdf', '/documents/Financial_Statements_2024.pdf', 'application/pdf', NULL, '633e6379-c82f-4917-8215-6a8f0a7e972f', '2025-08-29T15:37:08.87256+00:00', 'done', NULL),
    ('2fa31196-0738-47fd-b478-fae8723cadb0', '424d296b-aebf-4bc0-8a29-642c7d03a354', '99ea58ee-cd8a-4b53-9911-3aff39c2c1e7', 'Allocation_Agreement.pdf', '/documents/Allocation_Agreement.pdf', 'application/pdf', NULL, '633e6379-c82f-4917-8215-6a8f0a7e972f', '2025-08-09T06:16:59.661782+00:00', 'processing', NULL),
    ('650110bd-8c01-45bd-bd0a-1a60d915ef31', '2c3fd233-54d8-4893-ae53-021dee133633', '76a27d1d-a098-46e4-ad1c-f2542b115eb0', 'QLICI_Loan_Agreement_001.pdf', '/documents/QLICI_Loan_Agreement_001.pdf', 'application/pdf', NULL, '633e6379-c82f-4917-8215-6a8f0a7e972f', '2025-08-13T01:29:18.60373+00:00', 'queued', NULL),
    ('a73aed03-64a0-42e8-84dc-a1750f30a190', '2c3fd233-54d8-4893-ae53-021dee133633', '76a27d1d-a098-46e4-ad1c-f2542b115eb0', 'QALICB_Certification.pdf', '/documents/QALICB_Certification.pdf', 'application/pdf', NULL, '633e6379-c82f-4917-8215-6a8f0a7e972f', '2025-06-20T04:48:09.747899+00:00', 'done', NULL),
    ('d63c931b-9271-4d4a-ad9d-7ac02604603d', '2c3fd233-54d8-4893-ae53-021dee133633', '76a27d1d-a098-46e4-ad1c-f2542b115eb0', 'Financial_Statements_2024.pdf', '/documents/Financial_Statements_2024.pdf', 'application/pdf', NULL, '633e6379-c82f-4917-8215-6a8f0a7e972f', '2025-08-18T04:14:52.154891+00:00', 'done', NULL),
    ('3bd09238-4973-4882-bf79-34289c7e35b7', '2c3fd233-54d8-4893-ae53-021dee133633', '36600bda-690a-45f5-b44f-ae19d0a46242', 'Financial_Statements_2024.pdf', '/documents/Financial_Statements_2024.pdf', 'application/pdf', NULL, '633e6379-c82f-4917-8215-6a8f0a7e972f', '2025-07-22T10:48:03.87637+00:00', 'done', NULL),
    ('5583b5be-04e9-4264-b16c-63333b3a6aa5', '2c3fd233-54d8-4893-ae53-021dee133633', '6593efa6-d380-47a3-a114-b82071d42356', 'Financial_Statements_2024.pdf', '/documents/Financial_Statements_2024.pdf', 'application/pdf', NULL, '633e6379-c82f-4917-8215-6a8f0a7e972f', '2025-08-19T01:27:49.625+00:00', 'done', NULL),
    ('9e75d3e8-78e2-4e0a-8940-5d7d18fa479c', '2c3fd233-54d8-4893-ae53-021dee133633', '99ea58ee-cd8a-4b53-9911-3aff39c2c1e7', 'QALICB_Certification.pdf', '/documents/QALICB_Certification.pdf', 'application/pdf', NULL, '633e6379-c82f-4917-8215-6a8f0a7e972f', '2025-08-08T00:34:48.19328+00:00', 'done', NULL),
    ('ea20f444-babf-43f6-99f2-f4af5b13aefd', '2c3fd233-54d8-4893-ae53-021dee133633', '99ea58ee-cd8a-4b53-9911-3aff39c2c1e7', 'Allocation_Agreement.pdf', '/documents/Allocation_Agreement.pdf', 'application/pdf', NULL, '633e6379-c82f-4917-8215-6a8f0a7e972f', '2025-07-21T08:40:04.837153+00:00', 'done', NULL),
    ('6840153d-7dd5-4bcb-98df-ec6b4506c110', 'e2aa3c46-9f84-451f-96ed-b8270db11d85', '76a27d1d-a098-46e4-ad1c-f2542b115eb0', 'Community_Benefits_Agreement.pdf', '/documents/Community_Benefits_Agreement.pdf', 'application/pdf', NULL, '633e6379-c82f-4917-8215-6a8f0a7e972f', '2025-07-04T07:54:39.280159+00:00', 'processing', NULL),
    ('6110abb1-b685-4853-bdf2-b8f6053924ea', 'e2aa3c46-9f84-451f-96ed-b8270db11d85', '76a27d1d-a098-46e4-ad1c-f2542b115eb0', 'QALICB_Certification.pdf', '/documents/QALICB_Certification.pdf', 'application/pdf', NULL, '633e6379-c82f-4917-8215-6a8f0a7e972f', '2025-08-11T21:13:20.96043+00:00', 'done', NULL),
    ('73890dd6-50b2-4ba1-925d-cef6dfbb557d', 'e2aa3c46-9f84-451f-96ed-b8270db11d85', '36600bda-690a-45f5-b44f-ae19d0a46242', 'QLICI_Loan_Agreement_001.pdf', '/documents/QLICI_Loan_Agreement_001.pdf', 'application/pdf', NULL, '633e6379-c82f-4917-8215-6a8f0a7e972f', '2025-07-19T14:48:17.722963+00:00', 'queued', NULL),
    ('de3373f6-9419-4f57-a38f-08999bf0da46', 'e2aa3c46-9f84-451f-96ed-b8270db11d85', '36600bda-690a-45f5-b44f-ae19d0a46242', 'Allocation_Agreement.pdf', '/documents/Allocation_Agreement.pdf', 'application/pdf', NULL, '633e6379-c82f-4917-8215-6a8f0a7e972f', '2025-07-05T03:12:04.016911+00:00', 'done', NULL),
    ('a683a266-ee45-46cb-b4b0-faced5e43add', 'e2aa3c46-9f84-451f-96ed-b8270db11d85', '1b2ca84d-b68d-474b-bf52-2457b08d376d', 'Financial_Statements_2024.pdf', '/documents/Financial_Statements_2024.pdf', 'application/pdf', NULL, '633e6379-c82f-4917-8215-6a8f0a7e972f', '2025-07-17T18:01:11.951764+00:00', 'queued', NULL),
    ('81fa0395-c3b9-4893-bd26-43ffd7a33f21', 'e2aa3c46-9f84-451f-96ed-b8270db11d85', '6593efa6-d380-47a3-a114-b82071d42356', 'Community_Benefits_Agreement.pdf', '/documents/Community_Benefits_Agreement.pdf', 'application/pdf', NULL, '633e6379-c82f-4917-8215-6a8f0a7e972f', '2025-07-05T07:15:10.824763+00:00', 'processing', NULL),
    ('fd90a1b4-77e0-42e7-9144-dd893d080d9e', 'e2aa3c46-9f84-451f-96ed-b8270db11d85', '6593efa6-d380-47a3-a114-b82071d42356', 'QALICB_Certification.pdf', '/documents/QALICB_Certification.pdf', 'application/pdf', NULL, '633e6379-c82f-4917-8215-6a8f0a7e972f', '2025-07-14T11:54:48.550663+00:00', 'done', NULL),
    ('c27bbeec-c5f4-49b0-93f0-66a8ffc66af4', 'e2aa3c46-9f84-451f-96ed-b8270db11d85', '99ea58ee-cd8a-4b53-9911-3aff39c2c1e7', 'Annual_Compliance_Report.pdf', '/documents/Annual_Compliance_Report.pdf', 'application/pdf', NULL, '633e6379-c82f-4917-8215-6a8f0a7e972f', '2025-08-25T13:38:43.913169+00:00', 'done', NULL),
    ('62f7720f-20f8-4708-9bdc-0933e3e27368', 'e2aa3c46-9f84-451f-96ed-b8270db11d85', '99ea58ee-cd8a-4b53-9911-3aff39c2c1e7', 'Allocation_Agreement.pdf', '/documents/Allocation_Agreement.pdf', 'application/pdf', NULL, '633e6379-c82f-4917-8215-6a8f0a7e972f', '2025-06-06T15:27:46.653972+00:00', 'done', NULL),
    ('28e2302e-a168-414a-9587-1c94f1605ce3', 'dc14a58e-646d-4b6a-a959-044520da6c20', '76a27d1d-a098-46e4-ad1c-f2542b115eb0', 'QLICI_Loan_Agreement_001.pdf', '/documents/QLICI_Loan_Agreement_001.pdf', 'application/pdf', NULL, '633e6379-c82f-4917-8215-6a8f0a7e972f', '2025-08-03T12:19:41.88312+00:00', 'done', NULL),
    ('60d3df55-7c72-4e28-a290-df75bd4a7433', 'dc14a58e-646d-4b6a-a959-044520da6c20', '36600bda-690a-45f5-b44f-ae19d0a46242', 'Financial_Statements_2024.pdf', '/documents/Financial_Statements_2024.pdf', 'application/pdf', NULL, '633e6379-c82f-4917-8215-6a8f0a7e972f', '2025-08-23T01:41:19.192653+00:00', 'done', NULL),
    ('d1142b4a-e689-4c4c-bd22-f1bcc121b72d', 'dc14a58e-646d-4b6a-a959-044520da6c20', '1b2ca84d-b68d-474b-bf52-2457b08d376d', 'Community_Benefits_Agreement.pdf', '/documents/Community_Benefits_Agreement.pdf', 'application/pdf', NULL, '633e6379-c82f-4917-8215-6a8f0a7e972f', '2025-08-15T04:56:23.65308+00:00', 'done', NULL),
    ('426658d7-d121-4ef8-9e33-3e086b059a5b', 'dc14a58e-646d-4b6a-a959-044520da6c20', '1b2ca84d-b68d-474b-bf52-2457b08d376d', 'Allocation_Agreement.pdf', '/documents/Allocation_Agreement.pdf', 'application/pdf', NULL, '633e6379-c82f-4917-8215-6a8f0a7e972f', '2025-08-01T14:08:20.264072+00:00', 'done', NULL),
    ('9287c1fd-2ab7-4a59-a50c-7fc7bdcf9337', 'dc14a58e-646d-4b6a-a959-044520da6c20', '6593efa6-d380-47a3-a114-b82071d42356', 'Allocation_Agreement.pdf', '/documents/Allocation_Agreement.pdf', 'application/pdf', NULL, '633e6379-c82f-4917-8215-6a8f0a7e972f', '2025-06-09T19:07:34.682822+00:00', 'done', NULL),
    ('54bfbbf3-6fdb-4c39-a4b1-a70cec7e57fd', 'dc14a58e-646d-4b6a-a959-044520da6c20', '99ea58ee-cd8a-4b53-9911-3aff39c2c1e7', 'Financial_Statements_2024.pdf', '/documents/Financial_Statements_2024.pdf', 'application/pdf', NULL, '633e6379-c82f-4917-8215-6a8f0a7e972f', '2025-08-04T11:07:42.541836+00:00', 'done', NULL),
    ('d611dcb0-76b4-4fb0-a929-10ee6dc57e86', '6a33d234-38e6-4709-afe6-180f1de7c462', '76a27d1d-a098-46e4-ad1c-f2542b115eb0', 'Community_Benefits_Agreement.pdf', '/documents/Community_Benefits_Agreement.pdf', 'application/pdf', NULL, '633e6379-c82f-4917-8215-6a8f0a7e972f', '2025-07-16T19:10:24.700677+00:00', 'done', NULL),
    ('43fe5c40-7f60-422a-a2c7-002a95436a6b', '6a33d234-38e6-4709-afe6-180f1de7c462', '76a27d1d-a098-46e4-ad1c-f2542b115eb0', 'Annual_Compliance_Report.pdf', '/documents/Annual_Compliance_Report.pdf', 'application/pdf', NULL, '633e6379-c82f-4917-8215-6a8f0a7e972f', '2025-08-01T19:04:13.414192+00:00', 'done', NULL),
    ('cb29788f-284d-475c-ba20-a0681bba875e', '6a33d234-38e6-4709-afe6-180f1de7c462', '76a27d1d-a098-46e4-ad1c-f2542b115eb0', 'QALICB_Certification.pdf', '/documents/QALICB_Certification.pdf', 'application/pdf', NULL, '633e6379-c82f-4917-8215-6a8f0a7e972f', '2025-06-20T11:04:37.279295+00:00', 'done', NULL),
    ('804d4ba2-29c2-467c-8e62-9a8b94d4678d', '6a33d234-38e6-4709-afe6-180f1de7c462', '36600bda-690a-45f5-b44f-ae19d0a46242', 'Community_Benefits_Agreement.pdf', '/documents/Community_Benefits_Agreement.pdf', 'application/pdf', NULL, '633e6379-c82f-4917-8215-6a8f0a7e972f', '2025-08-12T03:55:38.266941+00:00', 'done', NULL),
    ('51cfec02-dcfa-4f3e-a895-6961cef8677f', '6a33d234-38e6-4709-afe6-180f1de7c462', '36600bda-690a-45f5-b44f-ae19d0a46242', 'Allocation_Agreement.pdf', '/documents/Allocation_Agreement.pdf', 'application/pdf', NULL, '633e6379-c82f-4917-8215-6a8f0a7e972f', '2025-06-07T12:45:11.628433+00:00', 'done', NULL),
    ('228ccc43-99cc-4046-849a-c80cf1ebea61', '6a33d234-38e6-4709-afe6-180f1de7c462', '1b2ca84d-b68d-474b-bf52-2457b08d376d', 'Community_Benefits_Agreement.pdf', '/documents/Community_Benefits_Agreement.pdf', 'application/pdf', NULL, '633e6379-c82f-4917-8215-6a8f0a7e972f', '2025-08-22T14:19:51.15566+00:00', 'done', NULL),
    ('b8b90570-7f9e-474a-b1e8-964dcd51e5a4', '6a33d234-38e6-4709-afe6-180f1de7c462', '6593efa6-d380-47a3-a114-b82071d42356', 'QLICI_Loan_Agreement_001.pdf', '/documents/QLICI_Loan_Agreement_001.pdf', 'application/pdf', NULL, '633e6379-c82f-4917-8215-6a8f0a7e972f', '2025-07-25T01:36:22.702132+00:00', 'done', NULL),
    ('427ead8d-f8cf-4852-a7cf-443a7e3254d5', '6a33d234-38e6-4709-afe6-180f1de7c462', '6593efa6-d380-47a3-a114-b82071d42356', 'Allocation_Agreement.pdf', '/documents/Allocation_Agreement.pdf', 'application/pdf', NULL, '633e6379-c82f-4917-8215-6a8f0a7e972f', '2025-07-14T04:40:06.181096+00:00', 'done', NULL),
    ('3230680d-d2ed-415c-a7cd-7da625cad263', 'a4fd5d68-97ec-429f-b3e9-1ebc952a5a87', '76a27d1d-a098-46e4-ad1c-f2542b115eb0', 'Community_Benefits_Agreement.pdf', '/documents/Community_Benefits_Agreement.pdf', 'application/pdf', NULL, '633e6379-c82f-4917-8215-6a8f0a7e972f', '2025-06-20T16:41:44.623327+00:00', 'processing', NULL),
    ('b1e7f245-6fba-424c-bb8d-007ad511b178', 'a4fd5d68-97ec-429f-b3e9-1ebc952a5a87', '76a27d1d-a098-46e4-ad1c-f2542b115eb0', 'Financial_Statements_2024.pdf', '/documents/Financial_Statements_2024.pdf', 'application/pdf', NULL, '633e6379-c82f-4917-8215-6a8f0a7e972f', '2025-06-10T00:49:32.159243+00:00', 'done', NULL),
    ('b8970957-7a00-4c8b-aefd-d9f1fbda8d19', 'a4fd5d68-97ec-429f-b3e9-1ebc952a5a87', '1b2ca84d-b68d-474b-bf52-2457b08d376d', 'Financial_Statements_2024.pdf', '/documents/Financial_Statements_2024.pdf', 'application/pdf', NULL, '633e6379-c82f-4917-8215-6a8f0a7e972f', '2025-08-03T23:11:07.388893+00:00', 'processing', NULL),
    ('e71ec2cd-558f-4a6e-96d7-104efa09b473', 'a4fd5d68-97ec-429f-b3e9-1ebc952a5a87', '6593efa6-d380-47a3-a114-b82071d42356', 'Community_Benefits_Agreement.pdf', '/documents/Community_Benefits_Agreement.pdf', 'application/pdf', NULL, '633e6379-c82f-4917-8215-6a8f0a7e972f', '2025-06-15T11:00:52.975593+00:00', 'processing', NULL),
    ('44306e6b-7199-432b-bcde-24e187bf5845', 'a4fd5d68-97ec-429f-b3e9-1ebc952a5a87', '6593efa6-d380-47a3-a114-b82071d42356', 'Allocation_Agreement.pdf', '/documents/Allocation_Agreement.pdf', 'application/pdf', NULL, '633e6379-c82f-4917-8215-6a8f0a7e972f', '2025-08-08T03:58:47.126031+00:00', 'processing', NULL),
    ('30246642-2175-40ac-b37f-ed7cd1ca3857', 'a4fd5d68-97ec-429f-b3e9-1ebc952a5a87', '99ea58ee-cd8a-4b53-9911-3aff39c2c1e7', 'QALICB_Certification.pdf', '/documents/QALICB_Certification.pdf', 'application/pdf', NULL, '633e6379-c82f-4917-8215-6a8f0a7e972f', '2025-08-03T10:02:16.579693+00:00', 'queued', NULL),
    ('6e9be268-993b-4680-aa3c-fba95bb45a12', '07f96bfd-9641-4f58-adee-c452e50c1edf', '76a27d1d-a098-46e4-ad1c-f2542b115eb0', 'QLICI_Loan_Agreement_001.pdf', '/documents/QLICI_Loan_Agreement_001.pdf', 'application/pdf', NULL, '633e6379-c82f-4917-8215-6a8f0a7e972f', '2025-07-26T06:36:20.884825+00:00', 'processing', NULL),
    ('742a9aa5-82fb-455c-908e-1a782226e9c9', '07f96bfd-9641-4f58-adee-c452e50c1edf', '76a27d1d-a098-46e4-ad1c-f2542b115eb0', 'Community_Benefits_Agreement.pdf', '/documents/Community_Benefits_Agreement.pdf', 'application/pdf', NULL, '633e6379-c82f-4917-8215-6a8f0a7e972f', '2025-07-21T23:23:37.535687+00:00', 'done', NULL),
    ('78d42a2d-5cf3-4312-b029-453870421148', '07f96bfd-9641-4f58-adee-c452e50c1edf', '76a27d1d-a098-46e4-ad1c-f2542b115eb0', 'Financial_Statements_2024.pdf', '/documents/Financial_Statements_2024.pdf', 'application/pdf', NULL, '633e6379-c82f-4917-8215-6a8f0a7e972f', '2025-06-14T09:55:44.088504+00:00', 'done', NULL),
    ('608328d4-b041-4635-b1e5-dab09552b76b', '07f96bfd-9641-4f58-adee-c452e50c1edf', '76a27d1d-a098-46e4-ad1c-f2542b115eb0', 'Allocation_Agreement.pdf', '/documents/Allocation_Agreement.pdf', 'application/pdf', NULL, '633e6379-c82f-4917-8215-6a8f0a7e972f', '2025-06-21T05:07:26.992464+00:00', 'done', NULL),
    ('e484776d-514f-49aa-85a1-ce8e0f0bca9c', '07f96bfd-9641-4f58-adee-c452e50c1edf', '1b2ca84d-b68d-474b-bf52-2457b08d376d', 'Community_Benefits_Agreement.pdf', '/documents/Community_Benefits_Agreement.pdf', 'application/pdf', NULL, '633e6379-c82f-4917-8215-6a8f0a7e972f', '2025-07-28T05:05:52.223481+00:00', 'done', NULL),
    ('dd8931c3-04ca-437d-8620-ea2de2fc42ed', '07f96bfd-9641-4f58-adee-c452e50c1edf', '1b2ca84d-b68d-474b-bf52-2457b08d376d', 'Financial_Statements_2024.pdf', '/documents/Financial_Statements_2024.pdf', 'application/pdf', NULL, '633e6379-c82f-4917-8215-6a8f0a7e972f', '2025-08-10T07:02:43.852355+00:00', 'processing', NULL),
    ('65d21e9c-402d-4fda-848d-3b4f0e22b243', '07f96bfd-9641-4f58-adee-c452e50c1edf', '6593efa6-d380-47a3-a114-b82071d42356', 'Community_Benefits_Agreement.pdf', '/documents/Community_Benefits_Agreement.pdf', 'application/pdf', NULL, '633e6379-c82f-4917-8215-6a8f0a7e972f', '2025-07-10T04:49:43.563965+00:00', 'done', NULL),
    ('2987db16-2885-4321-8134-7ffe5e54efd3', '07f96bfd-9641-4f58-adee-c452e50c1edf', '6593efa6-d380-47a3-a114-b82071d42356', 'Annual_Compliance_Report.pdf', '/documents/Annual_Compliance_Report.pdf', 'application/pdf', NULL, '633e6379-c82f-4917-8215-6a8f0a7e972f', '2025-06-14T02:42:12.870567+00:00', 'processing', NULL),
    ('cb8e5ece-dfbc-4584-9cd7-49e25e69acdb', '07f96bfd-9641-4f58-adee-c452e50c1edf', '6593efa6-d380-47a3-a114-b82071d42356', 'Financial_Statements_2024.pdf', '/documents/Financial_Statements_2024.pdf', 'application/pdf', NULL, '633e6379-c82f-4917-8215-6a8f0a7e972f', '2025-06-30T05:25:18.609122+00:00', 'processing', NULL),
    ('62a89fb5-6e3a-4ef2-aba6-c0e5d48f660e', '07f96bfd-9641-4f58-adee-c452e50c1edf', '99ea58ee-cd8a-4b53-9911-3aff39c2c1e7', 'QLICI_Loan_Agreement_001.pdf', '/documents/QLICI_Loan_Agreement_001.pdf', 'application/pdf', NULL, '633e6379-c82f-4917-8215-6a8f0a7e972f', '2025-07-20T08:54:03.415323+00:00', 'done', NULL),
    ('9e746c41-3f6c-494c-9317-68bd54b06d8b', '07f96bfd-9641-4f58-adee-c452e50c1edf', '99ea58ee-cd8a-4b53-9911-3aff39c2c1e7', 'Allocation_Agreement.pdf', '/documents/Allocation_Agreement.pdf', 'application/pdf', NULL, '633e6379-c82f-4917-8215-6a8f0a7e972f', '2025-07-21T13:28:33.133935+00:00', 'done', NULL),
    ('3d146227-c7d7-4b35-8fc3-fc10bf388085', '34c5d36a-02a2-4070-9379-5b34ff4bdf62', '76a27d1d-a098-46e4-ad1c-f2542b115eb0', 'QLICI_Loan_Agreement_001.pdf', '/documents/QLICI_Loan_Agreement_001.pdf', 'application/pdf', NULL, '633e6379-c82f-4917-8215-6a8f0a7e972f', '2025-08-17T06:54:36.276217+00:00', 'done', NULL),
    ('b27c4504-88d6-45c8-9697-c1c0eed2186e', '34c5d36a-02a2-4070-9379-5b34ff4bdf62', '76a27d1d-a098-46e4-ad1c-f2542b115eb0', 'Community_Benefits_Agreement.pdf', '/documents/Community_Benefits_Agreement.pdf', 'application/pdf', NULL, '633e6379-c82f-4917-8215-6a8f0a7e972f', '2025-06-25T21:50:51.711989+00:00', 'done', NULL),
    ('366095f0-0145-49f2-9cbe-e05cc9c5f1f4', '34c5d36a-02a2-4070-9379-5b34ff4bdf62', '76a27d1d-a098-46e4-ad1c-f2542b115eb0', 'Annual_Compliance_Report.pdf', '/documents/Annual_Compliance_Report.pdf', 'application/pdf', NULL, '633e6379-c82f-4917-8215-6a8f0a7e972f', '2025-07-31T09:48:10.295049+00:00', 'done', NULL),
    ('0d26073a-e37e-4383-9f0d-d8a3fc5c965e', '34c5d36a-02a2-4070-9379-5b34ff4bdf62', '36600bda-690a-45f5-b44f-ae19d0a46242', 'Community_Benefits_Agreement.pdf', '/documents/Community_Benefits_Agreement.pdf', 'application/pdf', NULL, '633e6379-c82f-4917-8215-6a8f0a7e972f', '2025-06-27T08:09:59.748439+00:00', 'done', NULL),
    ('91837989-54a2-4fb4-96e5-676181dea4c1', '34c5d36a-02a2-4070-9379-5b34ff4bdf62', '1b2ca84d-b68d-474b-bf52-2457b08d376d', 'Financial_Statements_2024.pdf', '/documents/Financial_Statements_2024.pdf', 'application/pdf', NULL, '633e6379-c82f-4917-8215-6a8f0a7e972f', '2025-07-07T01:09:50.862533+00:00', 'done', NULL),
    ('6789d319-1545-4a63-9d91-a4efdda38302', '34c5d36a-02a2-4070-9379-5b34ff4bdf62', '1b2ca84d-b68d-474b-bf52-2457b08d376d', 'Allocation_Agreement.pdf', '/documents/Allocation_Agreement.pdf', 'application/pdf', NULL, '633e6379-c82f-4917-8215-6a8f0a7e972f', '2025-06-23T15:20:57.357786+00:00', 'processing', NULL),
    ('3c3d308c-cd9b-4df3-a4f5-32d6d6f841c0', '34c5d36a-02a2-4070-9379-5b34ff4bdf62', '6593efa6-d380-47a3-a114-b82071d42356', 'Allocation_Agreement.pdf', '/documents/Allocation_Agreement.pdf', 'application/pdf', NULL, '633e6379-c82f-4917-8215-6a8f0a7e972f', '2025-08-14T13:48:44.212122+00:00', 'done', NULL),
    ('f190fbc5-2717-4df1-be26-b6ab9a006e33', '34c5d36a-02a2-4070-9379-5b34ff4bdf62', '99ea58ee-cd8a-4b53-9911-3aff39c2c1e7', 'Financial_Statements_2024.pdf', '/documents/Financial_Statements_2024.pdf', 'application/pdf', NULL, '633e6379-c82f-4917-8215-6a8f0a7e972f', '2025-06-10T23:38:46.453313+00:00', 'done', NULL);

INSERT INTO "documents" ("id", "org_id", "document_type_id", "filename", "storage_path", "mime_type", "hash", "uploaded_by", "uploaded_at", "ocr_status", "parsed_index") VALUES
    ('dd31c432-d1b3-47e2-96a7-600a6ac305a5', 'bf70323d-8c8e-48b3-9eb0-f70b9388e0e5', '76a27d1d-a098-46e4-ad1c-f2542b115eb0', 'Financial_Statements_2024.pdf', '/documents/Financial_Statements_2024.pdf', 'application/pdf', NULL, '633e6379-c82f-4917-8215-6a8f0a7e972f', '2025-06-20T05:00:27.393223+00:00', 'done', NULL),
    ('cfed4394-5040-4cf3-89c2-cbc2190289bf', 'bf70323d-8c8e-48b3-9eb0-f70b9388e0e5', '36600bda-690a-45f5-b44f-ae19d0a46242', 'QALICB_Certification.pdf', '/documents/QALICB_Certification.pdf', 'application/pdf', NULL, '633e6379-c82f-4917-8215-6a8f0a7e972f', '2025-08-28T15:19:44.884217+00:00', 'processing', NULL),
    ('87f0d9a7-e88f-4d1b-96c6-cf224223c3e4', 'bf70323d-8c8e-48b3-9eb0-f70b9388e0e5', '1b2ca84d-b68d-474b-bf52-2457b08d376d', 'Annual_Compliance_Report.pdf', '/documents/Annual_Compliance_Report.pdf', 'application/pdf', NULL, '633e6379-c82f-4917-8215-6a8f0a7e972f', '2025-06-18T18:41:15.629017+00:00', 'processing', NULL),
    ('383a74b2-c3da-40db-9a49-f0d858851b21', 'bf70323d-8c8e-48b3-9eb0-f70b9388e0e5', '1b2ca84d-b68d-474b-bf52-2457b08d376d', 'Financial_Statements_2024.pdf', '/documents/Financial_Statements_2024.pdf', 'application/pdf', NULL, '633e6379-c82f-4917-8215-6a8f0a7e972f', '2025-06-14T00:40:36.304627+00:00', 'done', NULL),
    ('1bfd5982-0fd5-47a2-a31b-affb1b365226', 'bf70323d-8c8e-48b3-9eb0-f70b9388e0e5', '1b2ca84d-b68d-474b-bf52-2457b08d376d', 'Allocation_Agreement.pdf', '/documents/Allocation_Agreement.pdf', 'application/pdf', NULL, '633e6379-c82f-4917-8215-6a8f0a7e972f', '2025-06-15T08:19:23.992941+00:00', 'done', NULL),
    ('acf707db-f23c-407f-8cce-c580a0186c99', 'bf70323d-8c8e-48b3-9eb0-f70b9388e0e5', '6593efa6-d380-47a3-a114-b82071d42356', 'QLICI_Loan_Agreement_001.pdf', '/documents/QLICI_Loan_Agreement_001.pdf', 'application/pdf', NULL, '633e6379-c82f-4917-8215-6a8f0a7e972f', '2025-08-19T13:03:09.903905+00:00', 'queued', NULL),
    ('352d53e3-a120-4494-84e8-397cc93c5097', 'bf70323d-8c8e-48b3-9eb0-f70b9388e0e5', '6593efa6-d380-47a3-a114-b82071d42356', 'QALICB_Certification.pdf', '/documents/QALICB_Certification.pdf', 'application/pdf', NULL, '633e6379-c82f-4917-8215-6a8f0a7e972f', '2025-07-26T15:04:56.509834+00:00', 'queued', NULL),
    ('6f745059-7242-4e45-8b5f-ebc2bda5258b', 'bf70323d-8c8e-48b3-9eb0-f70b9388e0e5', '6593efa6-d380-47a3-a114-b82071d42356', 'Allocation_Agreement.pdf', '/documents/Allocation_Agreement.pdf', 'application/pdf', NULL, '633e6379-c82f-4917-8215-6a8f0a7e972f', '2025-08-08T00:03:55.247398+00:00', 'done', NULL),
    ('137c8cfb-c875-4df1-8a45-d744dc2f6994', '7d22caad-74e0-48d0-82dc-92334ec7f6af', '76a27d1d-a098-46e4-ad1c-f2542b115eb0', 'QLICI_Loan_Agreement_001.pdf', '/documents/QLICI_Loan_Agreement_001.pdf', 'application/pdf', NULL, '633e6379-c82f-4917-8215-6a8f0a7e972f', '2025-08-04T20:03:28.784566+00:00', 'done', NULL),
    ('45cc9bcc-df23-41c6-8189-7a64eb95c4b4', '7d22caad-74e0-48d0-82dc-92334ec7f6af', '36600bda-690a-45f5-b44f-ae19d0a46242', 'Community_Benefits_Agreement.pdf', '/documents/Community_Benefits_Agreement.pdf', 'application/pdf', NULL, '633e6379-c82f-4917-8215-6a8f0a7e972f', '2025-06-23T04:20:34.05135+00:00', 'done', NULL),
    ('a51490d1-1e93-486e-9dd2-3dec0f344ed0', '7d22caad-74e0-48d0-82dc-92334ec7f6af', '36600bda-690a-45f5-b44f-ae19d0a46242', 'QALICB_Certification.pdf', '/documents/QALICB_Certification.pdf', 'application/pdf', NULL, '633e6379-c82f-4917-8215-6a8f0a7e972f', '2025-07-09T08:31:42.099253+00:00', 'processing', NULL),
    ('b815713c-eb39-4023-b2f3-f6ea26af2107', '7d22caad-74e0-48d0-82dc-92334ec7f6af', '36600bda-690a-45f5-b44f-ae19d0a46242', 'Financial_Statements_2024.pdf', '/documents/Financial_Statements_2024.pdf', 'application/pdf', NULL, '633e6379-c82f-4917-8215-6a8f0a7e972f', '2025-09-01T22:04:54.102915+00:00', 'done', NULL),
    ('73ff5555-65ba-4f9f-92e6-d109f7fdf8b5', '7d22caad-74e0-48d0-82dc-92334ec7f6af', '1b2ca84d-b68d-474b-bf52-2457b08d376d', 'QALICB_Certification.pdf', '/documents/QALICB_Certification.pdf', 'application/pdf', NULL, '633e6379-c82f-4917-8215-6a8f0a7e972f', '2025-08-19T16:53:50.956336+00:00', 'done', NULL),
    ('685d8858-4320-4989-bdcd-b220f2c48624', '7d22caad-74e0-48d0-82dc-92334ec7f6af', '1b2ca84d-b68d-474b-bf52-2457b08d376d', 'Financial_Statements_2024.pdf', '/documents/Financial_Statements_2024.pdf', 'application/pdf', NULL, '633e6379-c82f-4917-8215-6a8f0a7e972f', '2025-06-18T19:01:37.931007+00:00', 'done', NULL),
    ('ce26f0ab-2a18-4865-805b-8b70fd5a3005', '7d22caad-74e0-48d0-82dc-92334ec7f6af', '6593efa6-d380-47a3-a114-b82071d42356', 'QLICI_Loan_Agreement_001.pdf', '/documents/QLICI_Loan_Agreement_001.pdf', 'application/pdf', NULL, '633e6379-c82f-4917-8215-6a8f0a7e972f', '2025-08-08T14:43:12.138534+00:00', 'done', NULL),
    ('5b35b2cf-9de9-48b1-944f-4e8cdac24217', '7d22caad-74e0-48d0-82dc-92334ec7f6af', '99ea58ee-cd8a-4b53-9911-3aff39c2c1e7', 'QALICB_Certification.pdf', '/documents/QALICB_Certification.pdf', 'application/pdf', NULL, '633e6379-c82f-4917-8215-6a8f0a7e972f', '2025-07-05T08:24:01.658697+00:00', 'done', NULL),
    ('25c1cec0-7994-4b13-9b32-e425df554176', '65dbcd62-3ec4-48ee-ba29-53037965c9c2', '76a27d1d-a098-46e4-ad1c-f2542b115eb0', 'Financial_Statements_2024.pdf', '/documents/Financial_Statements_2024.pdf', 'application/pdf', NULL, '633e6379-c82f-4917-8215-6a8f0a7e972f', '2025-07-11T13:40:04.524318+00:00', 'done', NULL),
    ('4fc95d80-0a9d-4768-95c8-035098842b90', '65dbcd62-3ec4-48ee-ba29-53037965c9c2', '36600bda-690a-45f5-b44f-ae19d0a46242', 'QLICI_Loan_Agreement_001.pdf', '/documents/QLICI_Loan_Agreement_001.pdf', 'application/pdf', NULL, '633e6379-c82f-4917-8215-6a8f0a7e972f', '2025-06-09T17:33:12.631181+00:00', 'done', NULL),
    ('0f546236-439b-478c-997c-317107ce21fa', '65dbcd62-3ec4-48ee-ba29-53037965c9c2', '36600bda-690a-45f5-b44f-ae19d0a46242', 'Community_Benefits_Agreement.pdf', '/documents/Community_Benefits_Agreement.pdf', 'application/pdf', NULL, '633e6379-c82f-4917-8215-6a8f0a7e972f', '2025-08-02T17:55:59.34168+00:00', 'processing', NULL),
    ('10e32979-c8e9-48fb-b840-99fb60f0c67f', '65dbcd62-3ec4-48ee-ba29-53037965c9c2', '36600bda-690a-45f5-b44f-ae19d0a46242', 'Allocation_Agreement.pdf', '/documents/Allocation_Agreement.pdf', 'application/pdf', NULL, '633e6379-c82f-4917-8215-6a8f0a7e972f', '2025-07-14T23:19:43.911714+00:00', 'queued', NULL),
    ('eeea3027-b65f-45bb-8108-fe89d49ddd57', '65dbcd62-3ec4-48ee-ba29-53037965c9c2', '1b2ca84d-b68d-474b-bf52-2457b08d376d', 'Financial_Statements_2024.pdf', '/documents/Financial_Statements_2024.pdf', 'application/pdf', NULL, '633e6379-c82f-4917-8215-6a8f0a7e972f', '2025-08-29T20:41:31.305465+00:00', 'done', NULL),
    ('4623f50e-917a-4e9b-bc61-e2caa9c5e710', '65dbcd62-3ec4-48ee-ba29-53037965c9c2', '1b2ca84d-b68d-474b-bf52-2457b08d376d', 'Allocation_Agreement.pdf', '/documents/Allocation_Agreement.pdf', 'application/pdf', NULL, '633e6379-c82f-4917-8215-6a8f0a7e972f', '2025-07-20T14:14:14.666493+00:00', 'done', NULL),
    ('cff63e20-66f7-48d0-9e2b-2e86973a9cd3', '65dbcd62-3ec4-48ee-ba29-53037965c9c2', '6593efa6-d380-47a3-a114-b82071d42356', 'Community_Benefits_Agreement.pdf', '/documents/Community_Benefits_Agreement.pdf', 'application/pdf', NULL, '633e6379-c82f-4917-8215-6a8f0a7e972f', '2025-08-07T16:13:56.078777+00:00', 'done', NULL),
    ('467c10bc-ff49-4a3d-8e6b-bc608ed50906', '65dbcd62-3ec4-48ee-ba29-53037965c9c2', '6593efa6-d380-47a3-a114-b82071d42356', 'Annual_Compliance_Report.pdf', '/documents/Annual_Compliance_Report.pdf', 'application/pdf', NULL, '633e6379-c82f-4917-8215-6a8f0a7e972f', '2025-07-18T12:36:04.681756+00:00', 'done', NULL),
    ('a8606f59-f922-4c67-bec8-a88dd024ff9f', '65dbcd62-3ec4-48ee-ba29-53037965c9c2', '99ea58ee-cd8a-4b53-9911-3aff39c2c1e7', 'Allocation_Agreement.pdf', '/documents/Allocation_Agreement.pdf', 'application/pdf', NULL, '633e6379-c82f-4917-8215-6a8f0a7e972f', '2025-08-13T05:55:28.249098+00:00', 'done', NULL),
    ('128f03fe-3d78-4c8b-8cf9-520b850f2311', '688f29a5-df58-43f2-b17e-105fcf3e6f3e', '36600bda-690a-45f5-b44f-ae19d0a46242', 'QLICI_Loan_Agreement_001.pdf', '/documents/QLICI_Loan_Agreement_001.pdf', 'application/pdf', NULL, '633e6379-c82f-4917-8215-6a8f0a7e972f', '2025-07-27T16:16:45.082758+00:00', 'done', NULL),
    ('3522d31e-57e8-4122-b6b8-eac6022d3148', '688f29a5-df58-43f2-b17e-105fcf3e6f3e', '36600bda-690a-45f5-b44f-ae19d0a46242', 'Annual_Compliance_Report.pdf', '/documents/Annual_Compliance_Report.pdf', 'application/pdf', NULL, '633e6379-c82f-4917-8215-6a8f0a7e972f', '2025-07-07T15:52:25.295294+00:00', 'done', NULL),
    ('1552032c-7406-45b8-8dd2-13c84102448f', '688f29a5-df58-43f2-b17e-105fcf3e6f3e', '36600bda-690a-45f5-b44f-ae19d0a46242', 'Allocation_Agreement.pdf', '/documents/Allocation_Agreement.pdf', 'application/pdf', NULL, '633e6379-c82f-4917-8215-6a8f0a7e972f', '2025-07-29T12:45:44.947131+00:00', 'done', NULL),
    ('b71327a4-3de7-48d9-9cd9-a6972b47a50c', '688f29a5-df58-43f2-b17e-105fcf3e6f3e', '1b2ca84d-b68d-474b-bf52-2457b08d376d', 'QLICI_Loan_Agreement_001.pdf', '/documents/QLICI_Loan_Agreement_001.pdf', 'application/pdf', NULL, '633e6379-c82f-4917-8215-6a8f0a7e972f', '2025-07-05T08:16:11.076023+00:00', 'done', NULL),
    ('429abbdf-7f18-4087-b32c-b159d443b02b', '688f29a5-df58-43f2-b17e-105fcf3e6f3e', '6593efa6-d380-47a3-a114-b82071d42356', 'Community_Benefits_Agreement.pdf', '/documents/Community_Benefits_Agreement.pdf', 'application/pdf', NULL, '633e6379-c82f-4917-8215-6a8f0a7e972f', '2025-06-30T01:42:44.590584+00:00', 'done', NULL),
    ('a40b7382-1194-4098-806f-76e1d69f0b4b', '688f29a5-df58-43f2-b17e-105fcf3e6f3e', '6593efa6-d380-47a3-a114-b82071d42356', 'Annual_Compliance_Report.pdf', '/documents/Annual_Compliance_Report.pdf', 'application/pdf', NULL, '633e6379-c82f-4917-8215-6a8f0a7e972f', '2025-08-07T17:22:32.195161+00:00', 'done', NULL),
    ('9c049c81-eb7f-4226-8444-f29420045e03', '688f29a5-df58-43f2-b17e-105fcf3e6f3e', '99ea58ee-cd8a-4b53-9911-3aff39c2c1e7', 'QALICB_Certification.pdf', '/documents/QALICB_Certification.pdf', 'application/pdf', NULL, '633e6379-c82f-4917-8215-6a8f0a7e972f', '2025-09-01T20:04:38.134919+00:00', 'done', NULL),
    ('201d5ffb-cc80-4b87-9f27-4db98c1dd324', 'bcd0bcd4-db1e-4468-bf4f-e5fcd5bdacee', '76a27d1d-a098-46e4-ad1c-f2542b115eb0', 'QLICI_Loan_Agreement_001.pdf', '/documents/QLICI_Loan_Agreement_001.pdf', 'application/pdf', NULL, '633e6379-c82f-4917-8215-6a8f0a7e972f', '2025-07-07T19:04:48.449217+00:00', 'done', NULL),
    ('0fdc859a-55bf-4a2d-9544-67424136b07e', 'bcd0bcd4-db1e-4468-bf4f-e5fcd5bdacee', '76a27d1d-a098-46e4-ad1c-f2542b115eb0', 'Annual_Compliance_Report.pdf', '/documents/Annual_Compliance_Report.pdf', 'application/pdf', NULL, '633e6379-c82f-4917-8215-6a8f0a7e972f', '2025-08-09T00:37:59.492633+00:00', 'done', NULL),
    ('39ab4e81-de46-4fc9-8230-d85d43bbeb98', 'bcd0bcd4-db1e-4468-bf4f-e5fcd5bdacee', '6593efa6-d380-47a3-a114-b82071d42356', 'QALICB_Certification.pdf', '/documents/QALICB_Certification.pdf', 'application/pdf', NULL, '633e6379-c82f-4917-8215-6a8f0a7e972f', '2025-08-11T09:52:29.735805+00:00', 'done', NULL),
    ('fdd21436-620a-45d7-9f1d-e9712ed68009', 'bcd0bcd4-db1e-4468-bf4f-e5fcd5bdacee', '99ea58ee-cd8a-4b53-9911-3aff39c2c1e7', 'QLICI_Loan_Agreement_001.pdf', '/documents/QLICI_Loan_Agreement_001.pdf', 'application/pdf', NULL, '633e6379-c82f-4917-8215-6a8f0a7e972f', '2025-08-12T03:24:52.158779+00:00', 'processing', NULL),
    ('31545e23-fb2a-410f-8a63-10fc53c7ecf7', '12f559b7-9bcf-4b80-baf5-b7135aade230', '76a27d1d-a098-46e4-ad1c-f2542b115eb0', 'QLICI_Loan_Agreement_001.pdf', '/documents/QLICI_Loan_Agreement_001.pdf', 'application/pdf', NULL, '633e6379-c82f-4917-8215-6a8f0a7e972f', '2025-08-19T22:30:01.462045+00:00', 'done', NULL),
    ('82afb228-d303-48f6-8ef5-27cb268cddcf', '12f559b7-9bcf-4b80-baf5-b7135aade230', '76a27d1d-a098-46e4-ad1c-f2542b115eb0', 'Financial_Statements_2024.pdf', '/documents/Financial_Statements_2024.pdf', 'application/pdf', NULL, '633e6379-c82f-4917-8215-6a8f0a7e972f', '2025-07-27T22:10:09.378677+00:00', 'done', NULL),
    ('51a639d8-a486-4ed2-a33e-0f588c150c2c', '12f559b7-9bcf-4b80-baf5-b7135aade230', '76a27d1d-a098-46e4-ad1c-f2542b115eb0', 'Allocation_Agreement.pdf', '/documents/Allocation_Agreement.pdf', 'application/pdf', NULL, '633e6379-c82f-4917-8215-6a8f0a7e972f', '2025-06-10T03:33:01.193434+00:00', 'done', NULL),
    ('4010094f-d244-4c49-b60a-fd91ed5969ab', '12f559b7-9bcf-4b80-baf5-b7135aade230', '1b2ca84d-b68d-474b-bf52-2457b08d376d', 'Community_Benefits_Agreement.pdf', '/documents/Community_Benefits_Agreement.pdf', 'application/pdf', NULL, '633e6379-c82f-4917-8215-6a8f0a7e972f', '2025-06-20T14:57:54.004162+00:00', 'done', NULL),
    ('ca8dc59d-8390-4ac8-a7d4-783b5ebf3a91', '12f559b7-9bcf-4b80-baf5-b7135aade230', '1b2ca84d-b68d-474b-bf52-2457b08d376d', 'Allocation_Agreement.pdf', '/documents/Allocation_Agreement.pdf', 'application/pdf', NULL, '633e6379-c82f-4917-8215-6a8f0a7e972f', '2025-08-02T14:53:51.089799+00:00', 'processing', NULL),
    ('33b9359b-3948-48f3-90d8-300d91655d3a', '12f559b7-9bcf-4b80-baf5-b7135aade230', '6593efa6-d380-47a3-a114-b82071d42356', 'Community_Benefits_Agreement.pdf', '/documents/Community_Benefits_Agreement.pdf', 'application/pdf', NULL, '633e6379-c82f-4917-8215-6a8f0a7e972f', '2025-07-18T00:02:25.39668+00:00', 'done', NULL),
    ('67acd2bf-75ca-49f9-9986-95cdca4ee3e1', '12f559b7-9bcf-4b80-baf5-b7135aade230', '6593efa6-d380-47a3-a114-b82071d42356', 'QALICB_Certification.pdf', '/documents/QALICB_Certification.pdf', 'application/pdf', NULL, '633e6379-c82f-4917-8215-6a8f0a7e972f', '2025-08-10T07:54:27.024528+00:00', 'done', NULL),
    ('2af99743-1984-4c3d-9ee7-9a98e2ecdf71', '12f559b7-9bcf-4b80-baf5-b7135aade230', '99ea58ee-cd8a-4b53-9911-3aff39c2c1e7', 'Community_Benefits_Agreement.pdf', '/documents/Community_Benefits_Agreement.pdf', 'application/pdf', NULL, '633e6379-c82f-4917-8215-6a8f0a7e972f', '2025-06-12T06:01:56.846524+00:00', 'done', NULL),
    ('a80af188-05e9-44be-afc6-0265fd205daa', '12f559b7-9bcf-4b80-baf5-b7135aade230', '99ea58ee-cd8a-4b53-9911-3aff39c2c1e7', 'QALICB_Certification.pdf', '/documents/QALICB_Certification.pdf', 'application/pdf', NULL, '633e6379-c82f-4917-8215-6a8f0a7e972f', '2025-09-03T08:53:43.438223+00:00', 'queued', NULL);

-- No data in table: extractions

-- Table: industry_types (6 rows)
INSERT INTO "industry_types" ("id", "key", "display_name", "description", "order_index", "status_id", "created_at") VALUES
    ('2a71fa82-1648-4c82-a887-845ca5722e64', 'nmtc_cdfi', 'NMTC/CDFI', 'Community Development Financial Institutions', 1, 'c8c446ab-d63f-4828-99d9-508155b68c14', '2025-09-04T12:13:53.245128+00:00'),
    ('79e54680-2d75-45fe-9b49-9f13368d9940', 'housing_finance', 'Housing Finance', 'Affordable housing development and finance', 2, 'c8c446ab-d63f-4828-99d9-508155b68c14', '2025-09-04T12:13:53.245128+00:00'),
    ('237084df-4dfc-4d62-a34c-2783659528a6', 'economic_development', 'Economic Development', 'Regional and community economic development', 3, 'c8c446ab-d63f-4828-99d9-508155b68c14', '2025-09-04T12:13:53.245128+00:00'),
    ('4216d314-468c-442b-a751-edb2a38a5af3', 'microfinance', 'Microfinance', 'Small business and microenterprise lending', 4, 'c8c446ab-d63f-4828-99d9-508155b68c14', '2025-09-04T12:13:53.245128+00:00'),
    ('805b358c-90a7-4bf1-8038-3588a099c8d0', 'investment_fund', 'Investment Fund', 'Tax credit investment and fund management', 5, 'c8c446ab-d63f-4828-99d9-508155b68c14', '2025-09-04T12:13:53.245128+00:00'),
    ('a8413918-87d1-4728-92f6-aea2d682580f', 'other', 'Other', 'Other community development activities', 6, 'c8c446ab-d63f-4828-99d9-508155b68c14', '2025-09-04T12:13:53.245128+00:00');

-- No data in table: integration_configs

-- No data in table: normalization_rules

-- Table: obligations (100 rows)
INSERT INTO "obligations" ("id", "org_id", "document_id", "obligation_key", "document", "section", "obligation", "frequency", "due_rule", "next_due_date", "responsible_party", "risk", "source_citation", "dependencies", "notes", "status", "computed_due_dates", "created_at", "updated_at") VALUES
    ('49c87b5a-6882-49ba-b839-353557ac88d7', 'ce117b87-d75c-4c8a-b3f5-922ddec539b0', 'dc457ce7-2274-435c-9cec-a0053f6c7df8', 'annual_report', 'QLICI_Loan_Agreement_001.pdf', 'Compliance', 'Submit Annual Compliance Report to CDFI Fund', 'annual', 'By June 30 each year', '2025-12-28', 'CDE', 'high', NULL, '[]', NULL, 'open', NULL, '2025-08-31T13:37:27.878112+00:00', '2025-09-04T06:18:21.004+00:00'),
    ('be9185b1-74ce-431f-8431-4cb95bbb0016', 'ce117b87-d75c-4c8a-b3f5-922ddec539b0', 'dc457ce7-2274-435c-9cec-a0053f6c7df8', 'impact_reporting', 'QLICI_Loan_Agreement_001.pdf', 'Community Benefits', 'Report on community impact metrics', 'quarterly', 'Within 30 days of quarter end', '2025-12-09', 'QALICB', 'medium', NULL, '[]', NULL, 'open', NULL, '2025-08-31T13:37:27.878112+00:00', '2025-09-04T06:18:21.004+00:00'),
    ('b56c0f6b-e339-43f3-ae2e-af842b8f4939', 'ce117b87-d75c-4c8a-b3f5-922ddec539b0', '4c506151-b09c-45be-955e-c33b0303e76a', 'qei_deployment', 'QALICB_Certification.pdf', 'Schedule 1', 'Deploy Qualified Equity Investments within 3 years', 'annual', 'By allocation date + 3 years', '2025-10-25', 'CDE', 'high', NULL, '[]', NULL, 'open', NULL, '2025-06-27T21:41:57.325215+00:00', '2025-09-04T06:18:21.004+00:00'),
    ('bc2f63d0-6dfd-4efe-a170-c97c71a4c0ec', 'ce117b87-d75c-4c8a-b3f5-922ddec539b0', 'b11feffd-0b6c-41ee-9d5d-ddb60b1d2de6', 'qei_deployment', 'Annual_Compliance_Report.pdf', 'Schedule 1', 'Deploy Qualified Equity Investments within 3 years', 'annual', 'By allocation date + 3 years', '2026-07-10', 'CDE', 'high', NULL, '[]', NULL, 'open', NULL, '2025-06-09T17:10:33.574136+00:00', '2025-09-04T06:18:21.004+00:00'),
    ('abcc46dc-428a-4f63-8132-1773ddeae9d9', 'ce117b87-d75c-4c8a-b3f5-922ddec539b0', 'b11feffd-0b6c-41ee-9d5d-ddb60b1d2de6', 'impact_reporting', 'Annual_Compliance_Report.pdf', 'Community Benefits', 'Report on community impact metrics', 'quarterly', 'Within 30 days of quarter end', '2026-06-26', 'QALICB', 'medium', NULL, '[]', NULL, 'open', NULL, '2025-06-09T17:10:33.574136+00:00', '2025-09-04T06:18:21.004+00:00'),
    ('9f8c855d-518c-4b10-96c0-5ad9d8d5dd6a', 'ce117b87-d75c-4c8a-b3f5-922ddec539b0', 'b11feffd-0b6c-41ee-9d5d-ddb60b1d2de6', 'monthly_check', 'Annual_Compliance_Report.pdf', 'Monitoring', 'Monthly compliance monitoring', 'monthly', 'By 5th of each month', '2026-04-19', 'CDE', 'low', NULL, '[]', NULL, 'open', NULL, '2025-06-09T17:10:33.574136+00:00', '2025-09-04T06:18:21.004+00:00'),
    ('e67a691c-dffc-4cec-b0a7-58c60222fc4d', 'ce117b87-d75c-4c8a-b3f5-922ddec539b0', 'b11feffd-0b6c-41ee-9d5d-ddb60b1d2de6', 'one_time_setup', 'Annual_Compliance_Report.pdf', 'Initial Setup', 'One-time QALICB certification', 'one_time', 'Within 30 days of closing', '2026-03-23', 'QALICB', 'medium', NULL, '[]', NULL, 'open', NULL, '2025-06-09T17:10:33.574136+00:00', '2025-09-04T06:18:21.004+00:00'),
    ('0548e80d-6182-4ee6-9839-01bdb1f68c68', 'ce117b87-d75c-4c8a-b3f5-922ddec539b0', 'ecd005eb-5b7d-45c4-b3e3-5e359163cd80', 'qei_deployment', 'QLICI_Loan_Agreement_001.pdf', 'Schedule 1', 'Deploy Qualified Equity Investments within 3 years', 'annual', 'By allocation date + 3 years', '2026-01-31', 'CDE', 'high', NULL, '[]', NULL, 'open', NULL, '2025-08-21T13:43:25.590338+00:00', '2025-09-04T06:18:21.004+00:00'),
    ('064f83e4-ae5b-4f40-a450-704a2a8ba268', 'ce117b87-d75c-4c8a-b3f5-922ddec539b0', 'ecd005eb-5b7d-45c4-b3e3-5e359163cd80', 'annual_report', 'QLICI_Loan_Agreement_001.pdf', 'Compliance', 'Submit Annual Compliance Report to CDFI Fund', 'annual', 'By June 30 each year', '2026-07-11', 'CDE', 'high', NULL, '[]', NULL, 'open', NULL, '2025-08-21T13:43:25.590338+00:00', '2025-09-04T06:18:21.004+00:00'),
    ('952090d0-4456-4dec-94cb-b5e6387dd590', 'ce117b87-d75c-4c8a-b3f5-922ddec539b0', 'ecd005eb-5b7d-45c4-b3e3-5e359163cd80', 'financial_statements', 'QLICI_Loan_Agreement_001.pdf', 'Reporting', 'Provide audited financial statements', 'annual', 'Within 120 days of fiscal year end', '2026-07-14', 'QALICB', 'medium', NULL, '[]', NULL, 'open', NULL, '2025-08-21T13:43:25.590338+00:00', '2025-09-04T06:18:21.004+00:00'),
    ('eefcc8f3-0c2a-4437-8ed0-2a2abb8e6e5e', 'ce117b87-d75c-4c8a-b3f5-922ddec539b0', 'ecd005eb-5b7d-45c4-b3e3-5e359163cd80', 'one_time_setup', 'QLICI_Loan_Agreement_001.pdf', 'Initial Setup', 'One-time QALICB certification', 'one_time', 'Within 30 days of closing', '2025-12-27', 'QALICB', 'medium', NULL, '[]', NULL, 'open', NULL, '2025-08-21T13:43:25.590338+00:00', '2025-09-04T06:18:21.004+00:00'),
    ('a8a25b12-6bad-452d-8143-fd5fefbd23d6', '5130549f-4a07-4390-99c1-0442080d378d', '8de39921-2553-403e-be00-51d648e1b76a', 'qei_deployment', 'QLICI_Loan_Agreement_001.pdf', 'Schedule 1', 'Deploy Qualified Equity Investments within 3 years', 'annual', 'By allocation date + 3 years', '2026-04-21', 'CDE', 'high', NULL, '[]', NULL, 'open', NULL, '2025-07-30T10:43:55.938677+00:00', '2025-09-04T06:18:21.004+00:00'),
    ('15aaaae7-d220-40b0-bb73-5171ee4a40d9', '5130549f-4a07-4390-99c1-0442080d378d', '8de39921-2553-403e-be00-51d648e1b76a', 'annual_report', 'QLICI_Loan_Agreement_001.pdf', 'Compliance', 'Submit Annual Compliance Report to CDFI Fund', 'annual', 'By June 30 each year', '2026-05-26', 'CDE', 'high', NULL, '[]', NULL, 'open', NULL, '2025-07-30T10:43:55.938677+00:00', '2025-09-04T06:18:21.004+00:00'),
    ('6da36139-f302-4085-a329-591f2df68c33', '5130549f-4a07-4390-99c1-0442080d378d', '8de39921-2553-403e-be00-51d648e1b76a', 'impact_reporting', 'QLICI_Loan_Agreement_001.pdf', 'Community Benefits', 'Report on community impact metrics', 'quarterly', 'Within 30 days of quarter end', '2026-04-12', 'QALICB', 'medium', NULL, '[]', NULL, 'open', NULL, '2025-07-30T10:43:55.938677+00:00', '2025-09-04T06:18:21.004+00:00'),
    ('bdf36dbe-e431-478e-9f3d-e0ae2d3af4a0', '5130549f-4a07-4390-99c1-0442080d378d', '7b9e8a05-52bf-48c7-8ddc-d17128d8c1f5', 'financial_statements', 'Annual_Compliance_Report.pdf', 'Reporting', 'Provide audited financial statements', 'annual', 'Within 120 days of fiscal year end', '2026-04-21', 'QALICB', 'medium', NULL, '[]', NULL, 'open', NULL, '2025-06-09T02:18:12.796709+00:00', '2025-09-04T06:18:21.004+00:00'),
    ('7fcb1571-7e58-4cb2-a97d-e30cf3ee8b1a', '5130549f-4a07-4390-99c1-0442080d378d', '7b9e8a05-52bf-48c7-8ddc-d17128d8c1f5', 'one_time_setup', 'Annual_Compliance_Report.pdf', 'Initial Setup', 'One-time QALICB certification', 'one_time', 'Within 30 days of closing', '2026-01-10', 'QALICB', 'medium', NULL, '[]', NULL, 'open', NULL, '2025-06-09T02:18:12.796709+00:00', '2025-09-04T06:18:21.004+00:00'),
    ('a860c0ba-1b2c-4c6a-a208-d809638482e5', '5130549f-4a07-4390-99c1-0442080d378d', '748d0c56-cebe-4b32-b3ba-5784b1e882c3', 'financial_statements', 'QLICI_Loan_Agreement_001.pdf', 'Reporting', 'Provide audited financial statements', 'annual', 'Within 120 days of fiscal year end', '2025-11-08', 'QALICB', 'medium', NULL, '[]', NULL, 'open', NULL, '2025-07-22T12:38:52.243541+00:00', '2025-09-04T06:18:21.004+00:00'),
    ('f215d3a0-5523-426a-99b3-f1168eff5316', '5130549f-4a07-4390-99c1-0442080d378d', '748d0c56-cebe-4b32-b3ba-5784b1e882c3', 'monthly_check', 'QLICI_Loan_Agreement_001.pdf', 'Monitoring', 'Monthly compliance monitoring', 'monthly', 'By 5th of each month', '2026-07-14', 'CDE', 'low', NULL, '[]', NULL, 'open', NULL, '2025-07-22T12:38:52.243541+00:00', '2025-09-04T06:18:21.004+00:00'),
    ('f601e1ef-6351-413d-a8d7-341b7a99d13d', '5130549f-4a07-4390-99c1-0442080d378d', '748d0c56-cebe-4b32-b3ba-5784b1e882c3', 'one_time_setup', 'QLICI_Loan_Agreement_001.pdf', 'Initial Setup', 'One-time QALICB certification', 'one_time', 'Within 30 days of closing', '2026-07-25', 'QALICB', 'medium', NULL, '[]', NULL, 'open', NULL, '2025-07-22T12:38:52.243541+00:00', '2025-09-04T06:18:21.004+00:00'),
    ('510dc6fd-fec0-4c09-8955-77506027089c', '5130549f-4a07-4390-99c1-0442080d378d', '305ecf4f-0c25-4a23-84ff-d774caa7972e', 'impact_reporting', 'Community_Benefits_Agreement.pdf', 'Community Benefits', 'Report on community impact metrics', 'quarterly', 'Within 30 days of quarter end', '2025-12-22', 'QALICB', 'medium', NULL, '[]', NULL, 'open', NULL, '2025-07-29T10:34:38.606795+00:00', '2025-09-04T06:18:21.004+00:00'),
    ('97cdb5ba-433a-464c-bcc9-badd6382b522', '5130549f-4a07-4390-99c1-0442080d378d', '305ecf4f-0c25-4a23-84ff-d774caa7972e', 'monthly_check', 'Community_Benefits_Agreement.pdf', 'Monitoring', 'Monthly compliance monitoring', 'monthly', 'By 5th of each month', '2026-07-04', 'CDE', 'low', NULL, '[]', NULL, 'open', NULL, '2025-07-29T10:34:38.606795+00:00', '2025-09-04T06:18:21.004+00:00'),
    ('f5d91f4a-dd31-4c02-90d0-a44327da300a', '5130549f-4a07-4390-99c1-0442080d378d', '305ecf4f-0c25-4a23-84ff-d774caa7972e', 'one_time_setup', 'Community_Benefits_Agreement.pdf', 'Initial Setup', 'One-time QALICB certification', 'one_time', 'Within 30 days of closing', '2026-05-19', 'QALICB', 'medium', NULL, '[]', NULL, 'open', NULL, '2025-07-29T10:34:38.606795+00:00', '2025-09-04T06:18:21.004+00:00'),
    ('e09731b4-a125-4222-8959-b7077da54c81', '5130549f-4a07-4390-99c1-0442080d378d', '2b5fc354-a2ff-47c9-bbf5-e48e80f20867', 'qei_deployment', 'Community_Benefits_Agreement.pdf', 'Schedule 1', 'Deploy Qualified Equity Investments within 3 years', 'annual', 'By allocation date + 3 years', '2025-12-12', 'CDE', 'high', NULL, '[]', NULL, 'open', NULL, '2025-06-30T08:49:36.484601+00:00', '2025-09-04T06:18:21.004+00:00'),
    ('7003f4f9-a0a8-40f8-aafa-83c0d7476075', '5130549f-4a07-4390-99c1-0442080d378d', '2b5fc354-a2ff-47c9-bbf5-e48e80f20867', 'one_time_setup', 'Community_Benefits_Agreement.pdf', 'Initial Setup', 'One-time QALICB certification', 'one_time', 'Within 30 days of closing', '2026-02-03', 'QALICB', 'medium', NULL, '[]', NULL, 'open', NULL, '2025-06-30T08:49:36.484601+00:00', '2025-09-04T06:18:21.004+00:00'),
    ('3a0dfa36-3fb4-49ab-8c6a-9c14471c51b3', '5130549f-4a07-4390-99c1-0442080d378d', 'bb513166-8862-45c3-a24c-fc2eaecec380', 'monthly_check', 'Annual_Compliance_Report.pdf', 'Monitoring', 'Monthly compliance monitoring', 'monthly', 'By 5th of each month', '2025-10-05', 'CDE', 'low', NULL, '[]', NULL, 'open', NULL, '2025-07-30T03:42:16.369008+00:00', '2025-09-04T06:18:21.004+00:00'),
    ('b6b0c9be-ed26-421d-9873-f444318bdde5', '5130549f-4a07-4390-99c1-0442080d378d', '0800a1c6-ca5b-404d-a60a-7b52c32775e1', 'qei_deployment', 'Financial_Statements_2024.pdf', 'Schedule 1', 'Deploy Qualified Equity Investments within 3 years', 'annual', 'By allocation date + 3 years', '2026-01-03', 'CDE', 'high', NULL, '[]', NULL, 'open', NULL, '2025-08-02T14:34:00.348252+00:00', '2025-09-04T06:18:21.004+00:00'),
    ('9bd7e0cf-73bd-4ac4-9d37-2ae8076abacd', '5130549f-4a07-4390-99c1-0442080d378d', '0800a1c6-ca5b-404d-a60a-7b52c32775e1', 'annual_report', 'Financial_Statements_2024.pdf', 'Compliance', 'Submit Annual Compliance Report to CDFI Fund', 'annual', 'By June 30 each year', '2026-03-10', 'CDE', 'high', NULL, '[]', NULL, 'open', NULL, '2025-08-02T14:34:00.348252+00:00', '2025-09-04T06:18:21.004+00:00'),
    ('ff4db654-1870-4587-ba26-c41427fc7a31', '5130549f-4a07-4390-99c1-0442080d378d', '0800a1c6-ca5b-404d-a60a-7b52c32775e1', 'impact_reporting', 'Financial_Statements_2024.pdf', 'Community Benefits', 'Report on community impact metrics', 'quarterly', 'Within 30 days of quarter end', '2026-04-04', 'QALICB', 'medium', NULL, '[]', NULL, 'open', NULL, '2025-08-02T14:34:00.348252+00:00', '2025-09-04T06:18:21.004+00:00'),
    ('ffe37c2f-a422-41cd-a830-4fb2223564e0', '5130549f-4a07-4390-99c1-0442080d378d', '0800a1c6-ca5b-404d-a60a-7b52c32775e1', 'monthly_check', 'Financial_Statements_2024.pdf', 'Monitoring', 'Monthly compliance monitoring', 'monthly', 'By 5th of each month', '2025-12-19', 'CDE', 'low', NULL, '[]', NULL, 'open', NULL, '2025-08-02T14:34:00.348252+00:00', '2025-09-04T06:18:21.004+00:00'),
    ('f0781434-b48b-4832-aa8e-c1e58eba462e', '5130549f-4a07-4390-99c1-0442080d378d', 'cea883aa-0803-443c-9d55-897b5d60fab6', 'annual_report', 'Allocation_Agreement.pdf', 'Compliance', 'Submit Annual Compliance Report to CDFI Fund', 'annual', 'By June 30 each year', '2026-06-10', 'CDE', 'high', NULL, '[]', NULL, 'open', NULL, '2025-07-09T17:56:49.854498+00:00', '2025-09-04T06:18:21.004+00:00'),
    ('19f826af-99f3-425c-8614-afeb1399dd2a', '5130549f-4a07-4390-99c1-0442080d378d', 'cea883aa-0803-443c-9d55-897b5d60fab6', 'monthly_check', 'Allocation_Agreement.pdf', 'Monitoring', 'Monthly compliance monitoring', 'monthly', 'By 5th of each month', '2026-06-30', 'CDE', 'low', NULL, '[]', NULL, 'open', NULL, '2025-07-09T17:56:49.854498+00:00', '2025-09-04T06:18:21.004+00:00'),
    ('eecb6c26-d440-418a-90de-d03056a8a13b', '5130549f-4a07-4390-99c1-0442080d378d', 'cea883aa-0803-443c-9d55-897b5d60fab6', 'one_time_setup', 'Allocation_Agreement.pdf', 'Initial Setup', 'One-time QALICB certification', 'one_time', 'Within 30 days of closing', '2025-10-18', 'QALICB', 'medium', NULL, '[]', NULL, 'open', NULL, '2025-07-09T17:56:49.854498+00:00', '2025-09-04T06:18:21.004+00:00'),
    ('7f2f7a2b-a186-4481-8ab5-c3e90fb66d66', '777586c4-17bc-48cb-9a27-211b5b31a8d7', '55a20537-c59a-4efa-a2a3-9a0339242e0d', 'monthly_check', 'Community_Benefits_Agreement.pdf', 'Monitoring', 'Monthly compliance monitoring', 'monthly', 'By 5th of each month', '2025-12-19', 'CDE', 'low', NULL, '[]', NULL, 'open', NULL, '2025-06-10T14:37:58.719696+00:00', '2025-09-04T06:18:21.004+00:00'),
    ('69375f07-7d8a-4360-952b-0abda938a899', '777586c4-17bc-48cb-9a27-211b5b31a8d7', '1536bf30-ce8b-4859-8f72-1b8b38f4b751', 'annual_report', 'QLICI_Loan_Agreement_001.pdf', 'Compliance', 'Submit Annual Compliance Report to CDFI Fund', 'annual', 'By June 30 each year', '2026-03-20', 'CDE', 'high', NULL, '[]', NULL, 'open', NULL, '2025-09-01T19:21:13.01319+00:00', '2025-09-04T06:18:21.004+00:00'),
    ('6b0941e1-13f2-4499-9583-07a3489a38c7', '777586c4-17bc-48cb-9a27-211b5b31a8d7', 'cb81af44-754a-4a28-940d-a2c420ac8817', 'annual_report', 'Community_Benefits_Agreement.pdf', 'Compliance', 'Submit Annual Compliance Report to CDFI Fund', 'annual', 'By June 30 each year', '2025-10-26', 'CDE', 'high', NULL, '[]', NULL, 'open', NULL, '2025-07-01T13:40:33.796785+00:00', '2025-09-04T06:18:21.004+00:00'),
    ('69786cf8-63a6-4e58-ae67-5461e70fabbe', '777586c4-17bc-48cb-9a27-211b5b31a8d7', 'cb81af44-754a-4a28-940d-a2c420ac8817', 'financial_statements', 'Community_Benefits_Agreement.pdf', 'Reporting', 'Provide audited financial statements', 'annual', 'Within 120 days of fiscal year end', '2026-07-27', 'QALICB', 'medium', NULL, '[]', NULL, 'open', NULL, '2025-07-01T13:40:33.796785+00:00', '2025-09-04T06:18:21.004+00:00'),
    ('186b4f4a-b836-4917-899a-efc73b1cb1f3', '777586c4-17bc-48cb-9a27-211b5b31a8d7', 'cb81af44-754a-4a28-940d-a2c420ac8817', 'impact_reporting', 'Community_Benefits_Agreement.pdf', 'Community Benefits', 'Report on community impact metrics', 'quarterly', 'Within 30 days of quarter end', '2025-10-13', 'QALICB', 'medium', NULL, '[]', NULL, 'open', NULL, '2025-07-01T13:40:33.796785+00:00', '2025-09-04T06:18:21.004+00:00'),
    ('0cc61ab5-1117-46a7-978a-e629e8f501e5', '777586c4-17bc-48cb-9a27-211b5b31a8d7', 'cb81af44-754a-4a28-940d-a2c420ac8817', 'monthly_check', 'Community_Benefits_Agreement.pdf', 'Monitoring', 'Monthly compliance monitoring', 'monthly', 'By 5th of each month', '2025-11-20', 'CDE', 'low', NULL, '[]', NULL, 'open', NULL, '2025-07-01T13:40:33.796785+00:00', '2025-09-04T06:18:21.004+00:00'),
    ('529c9648-c5b7-4ee2-bf75-7c3504d736f6', '777586c4-17bc-48cb-9a27-211b5b31a8d7', 'cb81af44-754a-4a28-940d-a2c420ac8817', 'one_time_setup', 'Community_Benefits_Agreement.pdf', 'Initial Setup', 'One-time QALICB certification', 'one_time', 'Within 30 days of closing', '2026-06-06', 'QALICB', 'medium', NULL, '[]', NULL, 'open', NULL, '2025-07-01T13:40:33.796785+00:00', '2025-09-04T06:18:21.004+00:00'),
    ('2cdace4c-d748-4f5f-a970-a50550810c66', '777586c4-17bc-48cb-9a27-211b5b31a8d7', 'ae64db81-32fd-4bc4-808f-6adfd7ec3774', 'qei_deployment', 'QALICB_Certification.pdf', 'Schedule 1', 'Deploy Qualified Equity Investments within 3 years', 'annual', 'By allocation date + 3 years', '2026-03-25', 'CDE', 'high', NULL, '[]', NULL, 'open', NULL, '2025-08-24T09:35:52.257971+00:00', '2025-09-04T06:18:21.004+00:00'),
    ('84572824-06bb-46d3-80e4-356a2536c1ba', '777586c4-17bc-48cb-9a27-211b5b31a8d7', 'ae64db81-32fd-4bc4-808f-6adfd7ec3774', 'one_time_setup', 'QALICB_Certification.pdf', 'Initial Setup', 'One-time QALICB certification', 'one_time', 'Within 30 days of closing', '2026-01-30', 'QALICB', 'medium', NULL, '[]', NULL, 'open', NULL, '2025-08-24T09:35:52.257971+00:00', '2025-09-04T06:18:21.004+00:00'),
    ('13d77bdd-0e4c-4ca7-b4a3-ac0e1171af6e', '777586c4-17bc-48cb-9a27-211b5b31a8d7', '3f16989c-7edf-4092-911a-647f4d76b8a9', 'annual_report', 'Financial_Statements_2024.pdf', 'Compliance', 'Submit Annual Compliance Report to CDFI Fund', 'annual', 'By June 30 each year', '2026-03-23', 'CDE', 'high', NULL, '[]', NULL, 'open', NULL, '2025-06-24T05:38:13.685464+00:00', '2025-09-04T06:18:21.004+00:00'),
    ('26f79ccd-3991-41e3-9bcc-7715bb0920f8', '777586c4-17bc-48cb-9a27-211b5b31a8d7', '3f16989c-7edf-4092-911a-647f4d76b8a9', 'monthly_check', 'Financial_Statements_2024.pdf', 'Monitoring', 'Monthly compliance monitoring', 'monthly', 'By 5th of each month', '2026-04-30', 'CDE', 'low', NULL, '[]', NULL, 'open', NULL, '2025-06-24T05:38:13.685464+00:00', '2025-09-04T06:18:21.004+00:00'),
    ('ad0c3f37-1f70-4db4-8fc2-17e99afcc0ed', '6cc197f0-3b5c-4e9a-8e16-c068ebbbf99c', 'af929ba1-8961-4d22-bdb4-4a9f10d9d5c0', 'impact_reporting', 'QLICI_Loan_Agreement_001.pdf', 'Community Benefits', 'Report on community impact metrics', 'quarterly', 'Within 30 days of quarter end', '2026-02-22', 'QALICB', 'medium', NULL, '[]', NULL, 'open', NULL, '2025-08-11T09:47:30.149382+00:00', '2025-09-04T06:18:21.004+00:00'),
    ('106a01e0-bf1c-498e-89a9-983b1d7ae367', '6cc197f0-3b5c-4e9a-8e16-c068ebbbf99c', 'af929ba1-8961-4d22-bdb4-4a9f10d9d5c0', 'monthly_check', 'QLICI_Loan_Agreement_001.pdf', 'Monitoring', 'Monthly compliance monitoring', 'monthly', 'By 5th of each month', '2026-01-17', 'CDE', 'low', NULL, '[]', NULL, 'open', NULL, '2025-08-11T09:47:30.149382+00:00', '2025-09-04T06:18:21.004+00:00'),
    ('f490c931-d39b-48d7-8c38-4d0f39d37a3b', '6cc197f0-3b5c-4e9a-8e16-c068ebbbf99c', 'af929ba1-8961-4d22-bdb4-4a9f10d9d5c0', 'one_time_setup', 'QLICI_Loan_Agreement_001.pdf', 'Initial Setup', 'One-time QALICB certification', 'one_time', 'Within 30 days of closing', '2025-11-27', 'QALICB', 'medium', NULL, '[]', NULL, 'open', NULL, '2025-08-11T09:47:30.149382+00:00', '2025-09-04T06:18:21.004+00:00'),
    ('da858656-96a8-4016-9eb2-fee538f4496b', '6cc197f0-3b5c-4e9a-8e16-c068ebbbf99c', 'df58c2af-3d8d-411e-a3bb-c6942de5dc6d', 'qei_deployment', 'Community_Benefits_Agreement.pdf', 'Schedule 1', 'Deploy Qualified Equity Investments within 3 years', 'annual', 'By allocation date + 3 years', '2026-04-22', 'CDE', 'high', NULL, '[]', NULL, 'open', NULL, '2025-06-22T06:46:03.557492+00:00', '2025-09-04T06:18:21.004+00:00'),
    ('a540b5b3-76e7-4683-b788-28de8844a151', '6cc197f0-3b5c-4e9a-8e16-c068ebbbf99c', 'df58c2af-3d8d-411e-a3bb-c6942de5dc6d', 'impact_reporting', 'Community_Benefits_Agreement.pdf', 'Community Benefits', 'Report on community impact metrics', 'quarterly', 'Within 30 days of quarter end', '2026-04-14', 'QALICB', 'medium', NULL, '[]', NULL, 'open', NULL, '2025-06-22T06:46:03.557492+00:00', '2025-09-04T06:18:21.004+00:00'),
    ('dfb83967-88e3-4cde-bf07-e21a804b0fbe', '6cc197f0-3b5c-4e9a-8e16-c068ebbbf99c', 'df58c2af-3d8d-411e-a3bb-c6942de5dc6d', 'monthly_check', 'Community_Benefits_Agreement.pdf', 'Monitoring', 'Monthly compliance monitoring', 'monthly', 'By 5th of each month', '2026-05-28', 'CDE', 'low', NULL, '[]', NULL, 'open', NULL, '2025-06-22T06:46:03.557492+00:00', '2025-09-04T06:18:21.004+00:00'),
    ('db682f7c-3046-44b4-9326-fa49d6f9cc8a', '6cc197f0-3b5c-4e9a-8e16-c068ebbbf99c', 'cde7d9c5-aa1d-460c-956a-a6622985645f', 'qei_deployment', 'Financial_Statements_2024.pdf', 'Schedule 1', 'Deploy Qualified Equity Investments within 3 years', 'annual', 'By allocation date + 3 years', '2026-05-09', 'CDE', 'high', NULL, '[]', NULL, 'open', NULL, '2025-08-22T10:07:11.941257+00:00', '2025-09-04T06:18:21.004+00:00'),
    ('b1625c6b-5e42-43bf-98f5-027c29ccbda8', '6cc197f0-3b5c-4e9a-8e16-c068ebbbf99c', 'cde7d9c5-aa1d-460c-956a-a6622985645f', 'annual_report', 'Financial_Statements_2024.pdf', 'Compliance', 'Submit Annual Compliance Report to CDFI Fund', 'annual', 'By June 30 each year', '2026-07-26', 'CDE', 'high', NULL, '[]', NULL, 'open', NULL, '2025-08-22T10:07:11.941257+00:00', '2025-09-04T06:18:21.004+00:00'),
    ('80e555e2-40f2-444a-b3e2-e037c730cfce', '6cc197f0-3b5c-4e9a-8e16-c068ebbbf99c', 'cde7d9c5-aa1d-460c-956a-a6622985645f', 'one_time_setup', 'Financial_Statements_2024.pdf', 'Initial Setup', 'One-time QALICB certification', 'one_time', 'Within 30 days of closing', '2026-03-06', 'QALICB', 'medium', NULL, '[]', NULL, 'open', NULL, '2025-08-22T10:07:11.941257+00:00', '2025-09-04T06:18:21.004+00:00'),
    ('b7875060-a774-4ba4-9f36-95be6ae6437d', '6cc197f0-3b5c-4e9a-8e16-c068ebbbf99c', 'a1e47fbe-a7e3-4034-8739-6c8b5ca95c1d', 'qei_deployment', 'Allocation_Agreement.pdf', 'Schedule 1', 'Deploy Qualified Equity Investments within 3 years', 'annual', 'By allocation date + 3 years', '2025-12-26', 'CDE', 'high', NULL, '[]', NULL, 'open', NULL, '2025-06-29T01:51:32.149616+00:00', '2025-09-04T06:18:21.004+00:00'),
    ('84a3d9b6-15d1-43f3-9e13-442dec65e009', '6cc197f0-3b5c-4e9a-8e16-c068ebbbf99c', 'a1e47fbe-a7e3-4034-8739-6c8b5ca95c1d', 'annual_report', 'Allocation_Agreement.pdf', 'Compliance', 'Submit Annual Compliance Report to CDFI Fund', 'annual', 'By June 30 each year', '2026-04-29', 'CDE', 'high', NULL, '[]', NULL, 'open', NULL, '2025-06-29T01:51:32.149616+00:00', '2025-09-04T06:18:21.004+00:00'),
    ('a5356c8f-5fb5-45b8-958a-5909f73836de', '6cc197f0-3b5c-4e9a-8e16-c068ebbbf99c', 'a1e47fbe-a7e3-4034-8739-6c8b5ca95c1d', 'financial_statements', 'Allocation_Agreement.pdf', 'Reporting', 'Provide audited financial statements', 'annual', 'Within 120 days of fiscal year end', '2026-07-02', 'QALICB', 'medium', NULL, '[]', NULL, 'open', NULL, '2025-06-29T01:51:32.149616+00:00', '2025-09-04T06:18:21.004+00:00'),
    ('97791aaf-cd14-4685-ad1c-2f639883d00a', '6cc197f0-3b5c-4e9a-8e16-c068ebbbf99c', '618eba7b-e4d1-4563-95b8-f02cf47eda2d', 'qei_deployment', 'Annual_Compliance_Report.pdf', 'Schedule 1', 'Deploy Qualified Equity Investments within 3 years', 'annual', 'By allocation date + 3 years', '2025-10-17', 'CDE', 'high', NULL, '[]', NULL, 'open', NULL, '2025-07-25T10:24:35.027531+00:00', '2025-09-04T06:18:21.004+00:00'),
    ('d79eff10-e970-4492-90c6-daec4a33c6ca', '6cc197f0-3b5c-4e9a-8e16-c068ebbbf99c', '618eba7b-e4d1-4563-95b8-f02cf47eda2d', 'annual_report', 'Annual_Compliance_Report.pdf', 'Compliance', 'Submit Annual Compliance Report to CDFI Fund', 'annual', 'By June 30 each year', '2025-12-15', 'CDE', 'high', NULL, '[]', NULL, 'open', NULL, '2025-07-25T10:24:35.027531+00:00', '2025-09-04T06:18:21.004+00:00'),
    ('f58d8dcd-64c7-4414-beee-ed246b406bca', '6cc197f0-3b5c-4e9a-8e16-c068ebbbf99c', '618eba7b-e4d1-4563-95b8-f02cf47eda2d', 'impact_reporting', 'Annual_Compliance_Report.pdf', 'Community Benefits', 'Report on community impact metrics', 'quarterly', 'Within 30 days of quarter end', '2026-05-30', 'QALICB', 'medium', NULL, '[]', NULL, 'open', NULL, '2025-07-25T10:24:35.027531+00:00', '2025-09-04T06:18:21.004+00:00'),
    ('8fc9707d-fe93-465b-b896-1950110f8c2e', '6cc197f0-3b5c-4e9a-8e16-c068ebbbf99c', '8ec0a9bf-e4aa-46e8-aae4-9ce04179cff3', 'annual_report', 'QALICB_Certification.pdf', 'Compliance', 'Submit Annual Compliance Report to CDFI Fund', 'annual', 'By June 30 each year', '2026-02-22', 'CDE', 'high', NULL, '[]', NULL, 'open', NULL, '2025-06-13T23:48:45.068276+00:00', '2025-09-04T06:18:21.004+00:00'),
    ('1ab223c0-0d00-4a1c-ba8d-f3436c7d5e6e', '6cc197f0-3b5c-4e9a-8e16-c068ebbbf99c', '8ec0a9bf-e4aa-46e8-aae4-9ce04179cff3', 'monthly_check', 'QALICB_Certification.pdf', 'Monitoring', 'Monthly compliance monitoring', 'monthly', 'By 5th of each month', '2026-02-28', 'CDE', 'low', NULL, '[]', NULL, 'open', NULL, '2025-06-13T23:48:45.068276+00:00', '2025-09-04T06:18:21.004+00:00'),
    ('726c6d96-e0f2-43bf-a779-ee5857ec6ca2', '6cc197f0-3b5c-4e9a-8e16-c068ebbbf99c', '4778ebcd-d2fc-4eb2-8d59-4f478bb69c4f', 'one_time_setup', 'QLICI_Loan_Agreement_001.pdf', 'Initial Setup', 'One-time QALICB certification', 'one_time', 'Within 30 days of closing', '2025-12-21', 'QALICB', 'medium', NULL, '[]', NULL, 'open', NULL, '2025-08-02T14:20:13.253134+00:00', '2025-09-04T06:18:21.004+00:00'),
    ('87fad4ac-4917-4aed-b848-4fb029474f59', '6cc197f0-3b5c-4e9a-8e16-c068ebbbf99c', 'a67e8f8d-6b1c-4c85-bdff-b93d36a1d2ca', 'qei_deployment', 'Financial_Statements_2024.pdf', 'Schedule 1', 'Deploy Qualified Equity Investments within 3 years', 'annual', 'By allocation date + 3 years', '2025-10-10', 'CDE', 'high', NULL, '[]', NULL, 'open', NULL, '2025-08-26T22:47:17.346765+00:00', '2025-09-04T06:18:21.004+00:00'),
    ('1dd4bc8e-051a-449a-8026-05ade44edc13', '6cc197f0-3b5c-4e9a-8e16-c068ebbbf99c', 'a67e8f8d-6b1c-4c85-bdff-b93d36a1d2ca', 'impact_reporting', 'Financial_Statements_2024.pdf', 'Community Benefits', 'Report on community impact metrics', 'quarterly', 'Within 30 days of quarter end', '2026-04-26', 'QALICB', 'medium', NULL, '[]', NULL, 'open', NULL, '2025-08-26T22:47:17.346765+00:00', '2025-09-04T06:18:21.004+00:00'),
    ('18ec9280-acba-43fc-9e31-b4af1f2de2d7', 'e6717583-04f1-4558-b8c8-570cdf80a7fd', '60889842-4b05-4626-ae37-eb29ae69c449', 'financial_statements', 'Community_Benefits_Agreement.pdf', 'Reporting', 'Provide audited financial statements', 'annual', 'Within 120 days of fiscal year end', '2026-05-19', 'QALICB', 'medium', NULL, '[]', NULL, 'open', NULL, '2025-06-13T04:48:56.749548+00:00', '2025-09-04T06:18:21.004+00:00'),
    ('f781ab03-18c4-4a50-bfb1-96afc47ffc16', 'e6717583-04f1-4558-b8c8-570cdf80a7fd', '60889842-4b05-4626-ae37-eb29ae69c449', 'monthly_check', 'Community_Benefits_Agreement.pdf', 'Monitoring', 'Monthly compliance monitoring', 'monthly', 'By 5th of each month', '2026-03-23', 'CDE', 'low', NULL, '[]', NULL, 'open', NULL, '2025-06-13T04:48:56.749548+00:00', '2025-09-04T06:18:21.004+00:00'),
    ('abfcf362-79fe-4140-a7d3-5cd2ec6e2f59', 'e6717583-04f1-4558-b8c8-570cdf80a7fd', '4254e30c-9d82-4525-b234-36282550c097', 'annual_report', 'Financial_Statements_2024.pdf', 'Compliance', 'Submit Annual Compliance Report to CDFI Fund', 'annual', 'By June 30 each year', '2026-05-20', 'CDE', 'high', NULL, '[]', NULL, 'open', NULL, '2025-09-02T07:55:02.668843+00:00', '2025-09-04T06:18:21.004+00:00'),
    ('9c342677-5c54-4994-8e28-c1240e8098ae', 'e6717583-04f1-4558-b8c8-570cdf80a7fd', '4254e30c-9d82-4525-b234-36282550c097', 'financial_statements', 'Financial_Statements_2024.pdf', 'Reporting', 'Provide audited financial statements', 'annual', 'Within 120 days of fiscal year end', '2026-03-05', 'QALICB', 'medium', NULL, '[]', NULL, 'open', NULL, '2025-09-02T07:55:02.668843+00:00', '2025-09-04T06:18:21.004+00:00'),
    ('72996ef4-3352-4243-8112-2d88bcc0f4e7', 'e6717583-04f1-4558-b8c8-570cdf80a7fd', '4254e30c-9d82-4525-b234-36282550c097', 'one_time_setup', 'Financial_Statements_2024.pdf', 'Initial Setup', 'One-time QALICB certification', 'one_time', 'Within 30 days of closing', '2026-07-12', 'QALICB', 'medium', NULL, '[]', NULL, 'open', NULL, '2025-09-02T07:55:02.668843+00:00', '2025-09-04T06:18:21.004+00:00'),
    ('086da5e4-8892-4bd4-86bc-4e8cee737a74', 'e6717583-04f1-4558-b8c8-570cdf80a7fd', 'f62f6336-5ab5-4426-8312-e0ea4d5ee190', 'qei_deployment', 'QALICB_Certification.pdf', 'Schedule 1', 'Deploy Qualified Equity Investments within 3 years', 'annual', 'By allocation date + 3 years', '2026-03-21', 'CDE', 'high', NULL, '[]', NULL, 'open', NULL, '2025-08-18T02:25:23.192087+00:00', '2025-09-04T06:18:21.004+00:00'),
    ('25997235-f262-4bbf-8c2c-db56b4798f2c', 'e6717583-04f1-4558-b8c8-570cdf80a7fd', 'f62f6336-5ab5-4426-8312-e0ea4d5ee190', 'financial_statements', 'QALICB_Certification.pdf', 'Reporting', 'Provide audited financial statements', 'annual', 'Within 120 days of fiscal year end', '2025-10-13', 'QALICB', 'medium', NULL, '[]', NULL, 'open', NULL, '2025-08-18T02:25:23.192087+00:00', '2025-09-04T06:18:21.004+00:00'),
    ('dbd42a12-fbfa-4428-9eb8-a9e3856e06df', 'e6717583-04f1-4558-b8c8-570cdf80a7fd', 'f62f6336-5ab5-4426-8312-e0ea4d5ee190', 'monthly_check', 'QALICB_Certification.pdf', 'Monitoring', 'Monthly compliance monitoring', 'monthly', 'By 5th of each month', '2026-02-19', 'CDE', 'low', NULL, '[]', NULL, 'open', NULL, '2025-08-18T02:25:23.192087+00:00', '2025-09-04T06:18:21.004+00:00'),
    ('184f9fa9-a8d6-48a6-8830-9d5415036847', 'e6717583-04f1-4558-b8c8-570cdf80a7fd', 'f62f6336-5ab5-4426-8312-e0ea4d5ee190', 'one_time_setup', 'QALICB_Certification.pdf', 'Initial Setup', 'One-time QALICB certification', 'one_time', 'Within 30 days of closing', '2026-01-24', 'QALICB', 'medium', NULL, '[]', NULL, 'open', NULL, '2025-08-18T02:25:23.192087+00:00', '2025-09-04T06:18:21.004+00:00'),
    ('ca2e884d-1f5a-4274-b048-2272fb4d99b1', 'e6717583-04f1-4558-b8c8-570cdf80a7fd', '2b4c91e9-8b96-485a-81ca-401408ae06cb', 'annual_report', 'Financial_Statements_2024.pdf', 'Compliance', 'Submit Annual Compliance Report to CDFI Fund', 'annual', 'By June 30 each year', '2025-11-07', 'CDE', 'high', NULL, '[]', NULL, 'open', NULL, '2025-08-26T04:23:02.945184+00:00', '2025-09-04T06:18:21.004+00:00'),
    ('0d96ab61-468f-4a92-8692-666b19d40cde', 'e6717583-04f1-4558-b8c8-570cdf80a7fd', '2b4c91e9-8b96-485a-81ca-401408ae06cb', 'monthly_check', 'Financial_Statements_2024.pdf', 'Monitoring', 'Monthly compliance monitoring', 'monthly', 'By 5th of each month', '2025-11-05', 'CDE', 'low', NULL, '[]', NULL, 'open', NULL, '2025-08-26T04:23:02.945184+00:00', '2025-09-04T06:18:21.004+00:00'),
    ('82294d94-89b4-44ba-8929-69ba606d9edd', 'e6717583-04f1-4558-b8c8-570cdf80a7fd', '815e3481-4351-440e-806a-4249e4ee6ffb', 'qei_deployment', 'Allocation_Agreement.pdf', 'Schedule 1', 'Deploy Qualified Equity Investments within 3 years', 'annual', 'By allocation date + 3 years', '2026-02-01', 'CDE', 'high', NULL, '[]', NULL, 'open', NULL, '2025-08-10T11:10:26.881203+00:00', '2025-09-04T06:18:21.004+00:00'),
    ('2d6b89b3-61de-48a2-a468-1570e49fc6e2', 'e6717583-04f1-4558-b8c8-570cdf80a7fd', '815e3481-4351-440e-806a-4249e4ee6ffb', 'annual_report', 'Allocation_Agreement.pdf', 'Compliance', 'Submit Annual Compliance Report to CDFI Fund', 'annual', 'By June 30 each year', '2026-02-07', 'CDE', 'high', NULL, '[]', NULL, 'open', NULL, '2025-08-10T11:10:26.881203+00:00', '2025-09-04T06:18:21.004+00:00'),
    ('2956f796-4cf9-4632-9aa4-7bc58f83f8fd', 'e6717583-04f1-4558-b8c8-570cdf80a7fd', '815e3481-4351-440e-806a-4249e4ee6ffb', 'one_time_setup', 'Allocation_Agreement.pdf', 'Initial Setup', 'One-time QALICB certification', 'one_time', 'Within 30 days of closing', '2026-04-11', 'QALICB', 'medium', NULL, '[]', NULL, 'open', NULL, '2025-08-10T11:10:26.881203+00:00', '2025-09-04T06:18:21.004+00:00'),
    ('1c47f0e0-4d6e-4a2a-8d64-fd7ec6ff3917', 'e6717583-04f1-4558-b8c8-570cdf80a7fd', '80d83a8d-2398-4c95-a6f6-6616bea613de', 'qei_deployment', 'QALICB_Certification.pdf', 'Schedule 1', 'Deploy Qualified Equity Investments within 3 years', 'annual', 'By allocation date + 3 years', '2026-02-02', 'CDE', 'high', NULL, '[]', NULL, 'open', NULL, '2025-08-03T02:43:06.662451+00:00', '2025-09-04T06:18:21.004+00:00'),
    ('70362970-98f0-49b9-8008-136cde7c2a42', 'e6717583-04f1-4558-b8c8-570cdf80a7fd', '80d83a8d-2398-4c95-a6f6-6616bea613de', 'monthly_check', 'QALICB_Certification.pdf', 'Monitoring', 'Monthly compliance monitoring', 'monthly', 'By 5th of each month', '2025-12-16', 'CDE', 'low', NULL, '[]', NULL, 'open', NULL, '2025-08-03T02:43:06.662451+00:00', '2025-09-04T06:18:21.004+00:00'),
    ('1596ea38-2274-4422-93c8-3038a03cf376', 'e6717583-04f1-4558-b8c8-570cdf80a7fd', 'a2f1642f-b32f-4cee-a04e-d87f73369a7b', 'one_time_setup', 'QLICI_Loan_Agreement_001.pdf', 'Initial Setup', 'One-time QALICB certification', 'one_time', 'Within 30 days of closing', '2026-07-18', 'QALICB', 'medium', NULL, '[]', NULL, 'open', NULL, '2025-08-20T19:26:33.967787+00:00', '2025-09-04T06:18:21.004+00:00'),
    ('cab9f5f4-dc28-43fa-acdd-b0135369974d', 'e6717583-04f1-4558-b8c8-570cdf80a7fd', 'b5821ade-fff8-40fe-a69d-1d4ef88203df', 'annual_report', 'QALICB_Certification.pdf', 'Compliance', 'Submit Annual Compliance Report to CDFI Fund', 'annual', 'By June 30 each year', '2025-11-28', 'CDE', 'high', NULL, '[]', NULL, 'open', NULL, '2025-08-27T20:38:59.650207+00:00', '2025-09-04T06:18:21.004+00:00'),
    ('51d6b909-9d88-46d1-bd77-d1ae6509fe8b', 'e6717583-04f1-4558-b8c8-570cdf80a7fd', '962daae5-c1fc-4656-ac78-9311e68d2fda', 'monthly_check', 'Allocation_Agreement.pdf', 'Monitoring', 'Monthly compliance monitoring', 'monthly', 'By 5th of each month', '2026-07-16', 'CDE', 'low', NULL, '[]', NULL, 'open', NULL, '2025-07-26T17:47:13.405319+00:00', '2025-09-04T06:18:21.004+00:00'),
    ('5a79c53d-163c-4424-a3b1-9023925b56a0', 'e6717583-04f1-4558-b8c8-570cdf80a7fd', '962daae5-c1fc-4656-ac78-9311e68d2fda', 'one_time_setup', 'Allocation_Agreement.pdf', 'Initial Setup', 'One-time QALICB certification', 'one_time', 'Within 30 days of closing', '2026-07-04', 'QALICB', 'medium', NULL, '[]', NULL, 'open', NULL, '2025-07-26T17:47:13.405319+00:00', '2025-09-04T06:18:21.004+00:00'),
    ('b7321f2b-adc2-494a-9bf6-b2d51dd7cd2a', '184ab48c-ced7-4c4f-87ce-caff94b8a683', '87c8a150-ce0d-4d22-bcde-c562629b5c0f', 'qei_deployment', 'QALICB_Certification.pdf', 'Schedule 1', 'Deploy Qualified Equity Investments within 3 years', 'annual', 'By allocation date + 3 years', '2025-11-27', 'CDE', 'high', NULL, '[]', NULL, 'open', NULL, '2025-07-13T14:28:17.647718+00:00', '2025-09-04T06:18:21.004+00:00'),
    ('98534f34-74d6-4498-b9ad-e3fe08bcaa6a', '184ab48c-ced7-4c4f-87ce-caff94b8a683', '87c8a150-ce0d-4d22-bcde-c562629b5c0f', 'annual_report', 'QALICB_Certification.pdf', 'Compliance', 'Submit Annual Compliance Report to CDFI Fund', 'annual', 'By June 30 each year', '2026-01-31', 'CDE', 'high', NULL, '[]', NULL, 'open', NULL, '2025-07-13T14:28:17.647718+00:00', '2025-09-04T06:18:21.004+00:00'),
    ('96224feb-4241-41df-8638-aef9e1d156f7', '184ab48c-ced7-4c4f-87ce-caff94b8a683', '87c8a150-ce0d-4d22-bcde-c562629b5c0f', 'financial_statements', 'QALICB_Certification.pdf', 'Reporting', 'Provide audited financial statements', 'annual', 'Within 120 days of fiscal year end', '2026-03-11', 'QALICB', 'medium', NULL, '[]', NULL, 'open', NULL, '2025-07-13T14:28:17.647718+00:00', '2025-09-04T06:18:21.004+00:00'),
    ('229405f1-4c33-481d-b2f0-a9b9d263e21f', '184ab48c-ced7-4c4f-87ce-caff94b8a683', '87c8a150-ce0d-4d22-bcde-c562629b5c0f', 'monthly_check', 'QALICB_Certification.pdf', 'Monitoring', 'Monthly compliance monitoring', 'monthly', 'By 5th of each month', '2026-03-02', 'CDE', 'low', NULL, '[]', NULL, 'open', NULL, '2025-07-13T14:28:17.647718+00:00', '2025-09-04T06:18:21.004+00:00'),
    ('f9487805-2147-4861-b22b-053109ba8840', '184ab48c-ced7-4c4f-87ce-caff94b8a683', '87c8a150-ce0d-4d22-bcde-c562629b5c0f', 'one_time_setup', 'QALICB_Certification.pdf', 'Initial Setup', 'One-time QALICB certification', 'one_time', 'Within 30 days of closing', '2025-11-27', 'QALICB', 'medium', NULL, '[]', NULL, 'open', NULL, '2025-07-13T14:28:17.647718+00:00', '2025-09-04T06:18:21.004+00:00'),
    ('d2b88260-783b-4658-a5bb-2ff2214d6a25', '184ab48c-ced7-4c4f-87ce-caff94b8a683', '0519afb5-9cb1-4e12-91fb-8a1c067fd3df', 'one_time_setup', 'Community_Benefits_Agreement.pdf', 'Initial Setup', 'One-time QALICB certification', 'one_time', 'Within 30 days of closing', '2026-03-27', 'QALICB', 'medium', NULL, '[]', NULL, 'open', NULL, '2025-08-30T10:42:31.843404+00:00', '2025-09-04T06:18:21.004+00:00'),
    ('c679229a-d5f4-44aa-9b1f-3ecba46e87c0', '184ab48c-ced7-4c4f-87ce-caff94b8a683', 'b9db84c8-9538-463c-b47e-b4f2f616aa62', 'qei_deployment', 'QLICI_Loan_Agreement_001.pdf', 'Schedule 1', 'Deploy Qualified Equity Investments within 3 years', 'annual', 'By allocation date + 3 years', '2026-01-29', 'CDE', 'high', NULL, '[]', NULL, 'open', NULL, '2025-07-16T05:19:35.636239+00:00', '2025-09-04T06:18:21.004+00:00'),
    ('3c89d95a-7ddb-46c2-975c-ee3ccdf8d0f9', '184ab48c-ced7-4c4f-87ce-caff94b8a683', 'b9db84c8-9538-463c-b47e-b4f2f616aa62', 'annual_report', 'QLICI_Loan_Agreement_001.pdf', 'Compliance', 'Submit Annual Compliance Report to CDFI Fund', 'annual', 'By June 30 each year', '2026-03-29', 'CDE', 'high', NULL, '[]', NULL, 'open', NULL, '2025-07-16T05:19:35.636239+00:00', '2025-09-04T06:18:21.004+00:00'),
    ('259cff25-bd08-4f8b-b201-029c7989c131', '184ab48c-ced7-4c4f-87ce-caff94b8a683', 'b9db84c8-9538-463c-b47e-b4f2f616aa62', 'impact_reporting', 'QLICI_Loan_Agreement_001.pdf', 'Community Benefits', 'Report on community impact metrics', 'quarterly', 'Within 30 days of quarter end', '2026-07-03', 'QALICB', 'medium', NULL, '[]', NULL, 'open', NULL, '2025-07-16T05:19:35.636239+00:00', '2025-09-04T06:18:21.004+00:00'),
    ('15a2b1e4-a30a-4434-98f9-8b58f117493d', '184ab48c-ced7-4c4f-87ce-caff94b8a683', 'b9db84c8-9538-463c-b47e-b4f2f616aa62', 'one_time_setup', 'QLICI_Loan_Agreement_001.pdf', 'Initial Setup', 'One-time QALICB certification', 'one_time', 'Within 30 days of closing', '2025-11-26', 'QALICB', 'medium', NULL, '[]', NULL, 'open', NULL, '2025-07-16T05:19:35.636239+00:00', '2025-09-04T06:18:21.004+00:00'),
    ('9584178b-0922-4502-b31d-4935b70be6f8', '184ab48c-ced7-4c4f-87ce-caff94b8a683', '700b23d3-99d5-49e3-bd22-5c7134f3c5f1', 'monthly_check', 'Annual_Compliance_Report.pdf', 'Monitoring', 'Monthly compliance monitoring', 'monthly', 'By 5th of each month', '2026-03-31', 'CDE', 'low', NULL, '[]', NULL, 'open', NULL, '2025-06-27T08:46:02.583806+00:00', '2025-09-04T06:18:21.004+00:00'),
    ('502d6d59-33a1-4e8d-9a3d-f559f0a6082f', '184ab48c-ced7-4c4f-87ce-caff94b8a683', '700b23d3-99d5-49e3-bd22-5c7134f3c5f1', 'one_time_setup', 'Annual_Compliance_Report.pdf', 'Initial Setup', 'One-time QALICB certification', 'one_time', 'Within 30 days of closing', '2025-12-03', 'QALICB', 'medium', NULL, '[]', NULL, 'open', NULL, '2025-06-27T08:46:02.583806+00:00', '2025-09-04T06:18:21.004+00:00'),
    ('2702a12a-7aef-4bce-ae0d-9fb2bdee722f', '184ab48c-ced7-4c4f-87ce-caff94b8a683', '720825f2-0de0-4096-9c86-ebd70376eca0', 'qei_deployment', 'Allocation_Agreement.pdf', 'Schedule 1', 'Deploy Qualified Equity Investments within 3 years', 'annual', 'By allocation date + 3 years', '2026-07-04', 'CDE', 'high', NULL, '[]', NULL, 'open', NULL, '2025-07-05T06:49:18.582549+00:00', '2025-09-04T06:18:21.004+00:00'),
    ('298e22e7-b15d-45b2-995e-5bf6ec20c737', '184ab48c-ced7-4c4f-87ce-caff94b8a683', '720825f2-0de0-4096-9c86-ebd70376eca0', 'impact_reporting', 'Allocation_Agreement.pdf', 'Community Benefits', 'Report on community impact metrics', 'quarterly', 'Within 30 days of quarter end', '2026-03-19', 'QALICB', 'medium', NULL, '[]', NULL, 'open', NULL, '2025-07-05T06:49:18.582549+00:00', '2025-09-04T06:18:21.004+00:00'),
    ('8bdcdaca-37e6-4a42-b108-2a907ad43638', '184ab48c-ced7-4c4f-87ce-caff94b8a683', '720825f2-0de0-4096-9c86-ebd70376eca0', 'monthly_check', 'Allocation_Agreement.pdf', 'Monitoring', 'Monthly compliance monitoring', 'monthly', 'By 5th of each month', '2026-01-31', 'CDE', 'low', NULL, '[]', NULL, 'open', NULL, '2025-07-05T06:49:18.582549+00:00', '2025-09-04T06:18:21.004+00:00'),
    ('082279d6-137c-4de2-afff-78d27fd9f284', '424d296b-aebf-4bc0-8a29-642c7d03a354', 'b39859f7-3f7e-4003-92be-348f2f3dc764', 'impact_reporting', 'Community_Benefits_Agreement.pdf', 'Community Benefits', 'Report on community impact metrics', 'quarterly', 'Within 30 days of quarter end', '2026-04-20', 'QALICB', 'medium', NULL, '[]', NULL, 'open', NULL, '2025-08-07T08:46:26.474626+00:00', '2025-09-04T06:18:21.004+00:00'),
    ('a3b62e63-f237-4b6e-89be-0da1b835c4d7', '424d296b-aebf-4bc0-8a29-642c7d03a354', 'b39859f7-3f7e-4003-92be-348f2f3dc764', 'monthly_check', 'Community_Benefits_Agreement.pdf', 'Monitoring', 'Monthly compliance monitoring', 'monthly', 'By 5th of each month', '2026-02-09', 'CDE', 'low', NULL, '[]', NULL, 'open', NULL, '2025-08-07T08:46:26.474626+00:00', '2025-09-04T06:18:21.004+00:00');

-- Table: org_members (31 rows)
INSERT INTO "org_members" ("id", "org_id", "user_id", "role", "created_at", "role_id") VALUES
    ('ac693307-3b3b-4d73-bcd1-0d8c1889f69b', 'ce117b87-d75c-4c8a-b3f5-922ddec539b0', '633e6379-c82f-4917-8215-6a8f0a7e972f', 'viewer', '2025-09-01T21:06:48.347204+00:00', '678c331c-b828-4d34-9ab6-0749086d5829'),
    ('1e0d03b9-f280-45a9-8637-18f3e43c6441', '5130549f-4a07-4390-99c1-0442080d378d', '633e6379-c82f-4917-8215-6a8f0a7e972f', 'viewer', '2025-08-19T14:20:16.984679+00:00', '678c331c-b828-4d34-9ab6-0749086d5829'),
    ('629184a5-8888-4a2c-a87e-b3577b63eb0a', '777586c4-17bc-48cb-9a27-211b5b31a8d7', '633e6379-c82f-4917-8215-6a8f0a7e972f', 'viewer', '2025-08-25T20:38:28.480821+00:00', '678c331c-b828-4d34-9ab6-0749086d5829'),
    ('41455647-d5a0-499a-aba2-45e8779ff375', '6cc197f0-3b5c-4e9a-8e16-c068ebbbf99c', '633e6379-c82f-4917-8215-6a8f0a7e972f', 'viewer', '2025-08-21T09:56:54.071108+00:00', '678c331c-b828-4d34-9ab6-0749086d5829'),
    ('429b8cfd-9542-41f9-b96a-40712961e8fe', 'e6717583-04f1-4558-b8c8-570cdf80a7fd', '633e6379-c82f-4917-8215-6a8f0a7e972f', 'viewer', '2025-08-27T00:06:38.709405+00:00', '678c331c-b828-4d34-9ab6-0749086d5829'),
    ('b18c8fcd-0e64-4d07-bbaa-20cf01ebae04', '184ab48c-ced7-4c4f-87ce-caff94b8a683', '633e6379-c82f-4917-8215-6a8f0a7e972f', 'viewer', '2025-09-01T02:13:42.384073+00:00', '678c331c-b828-4d34-9ab6-0749086d5829'),
    ('6b32ea25-364d-4d34-a5ee-5b66744a11ac', '424d296b-aebf-4bc0-8a29-642c7d03a354', '633e6379-c82f-4917-8215-6a8f0a7e972f', 'viewer', '2025-09-03T22:16:21.059722+00:00', '678c331c-b828-4d34-9ab6-0749086d5829'),
    ('883ec1c4-f0d4-4f6e-8596-ace51d8de2a4', '2c3fd233-54d8-4893-ae53-021dee133633', '633e6379-c82f-4917-8215-6a8f0a7e972f', 'viewer', '2025-08-23T20:19:49.067229+00:00', '678c331c-b828-4d34-9ab6-0749086d5829'),
    ('fe11f060-4b76-42ea-9ac3-b3ad1ed05792', 'e2aa3c46-9f84-451f-96ed-b8270db11d85', '633e6379-c82f-4917-8215-6a8f0a7e972f', 'viewer', '2025-08-30T16:23:34.520337+00:00', '678c331c-b828-4d34-9ab6-0749086d5829'),
    ('41402614-8238-45fd-8fa5-56886b01616e', 'dc14a58e-646d-4b6a-a959-044520da6c20', '633e6379-c82f-4917-8215-6a8f0a7e972f', 'viewer', '2025-08-17T20:32:39.865537+00:00', '678c331c-b828-4d34-9ab6-0749086d5829'),
    ('08442761-1750-4b7e-9711-b88211a719e5', '6a33d234-38e6-4709-afe6-180f1de7c462', '633e6379-c82f-4917-8215-6a8f0a7e972f', 'viewer', '2025-08-16T17:31:47.808967+00:00', '678c331c-b828-4d34-9ab6-0749086d5829'),
    ('4493fb4e-4030-437b-9fc2-3ea15f23a45e', 'a4fd5d68-97ec-429f-b3e9-1ebc952a5a87', '633e6379-c82f-4917-8215-6a8f0a7e972f', 'viewer', '2025-08-16T08:15:06.530662+00:00', '678c331c-b828-4d34-9ab6-0749086d5829'),
    ('be13ab5b-d58b-45ee-a3b7-e91d550c513d', '07f96bfd-9641-4f58-adee-c452e50c1edf', '633e6379-c82f-4917-8215-6a8f0a7e972f', 'viewer', '2025-08-23T07:47:27.598826+00:00', '678c331c-b828-4d34-9ab6-0749086d5829'),
    ('8a533790-0f71-4047-870f-2dced3e32c98', '34c5d36a-02a2-4070-9379-5b34ff4bdf62', '633e6379-c82f-4917-8215-6a8f0a7e972f', 'viewer', '2025-08-31T23:12:12.288299+00:00', '678c331c-b828-4d34-9ab6-0749086d5829'),
    ('9001eed5-1917-404f-b4a5-ab19174c6ce1', 'bf70323d-8c8e-48b3-9eb0-f70b9388e0e5', '633e6379-c82f-4917-8215-6a8f0a7e972f', 'viewer', '2025-08-21T22:18:54.53795+00:00', '678c331c-b828-4d34-9ab6-0749086d5829'),
    ('bdc3c83d-be61-4716-b700-b2c3da007485', '7d22caad-74e0-48d0-82dc-92334ec7f6af', '633e6379-c82f-4917-8215-6a8f0a7e972f', 'viewer', '2025-08-18T13:41:00.303181+00:00', '678c331c-b828-4d34-9ab6-0749086d5829'),
    ('65237d1f-db26-4fb2-b0b8-717691ada967', '65dbcd62-3ec4-48ee-ba29-53037965c9c2', '633e6379-c82f-4917-8215-6a8f0a7e972f', 'viewer', '2025-08-30T02:58:31.83374+00:00', '678c331c-b828-4d34-9ab6-0749086d5829'),
    ('682ececf-abcd-493f-b321-62ad27d20fa3', '688f29a5-df58-43f2-b17e-105fcf3e6f3e', '633e6379-c82f-4917-8215-6a8f0a7e972f', 'viewer', '2025-08-25T21:49:03.570359+00:00', '678c331c-b828-4d34-9ab6-0749086d5829'),
    ('66f360e2-3b1b-4387-ba5e-40dd4a5764b2', 'bcd0bcd4-db1e-4468-bf4f-e5fcd5bdacee', '633e6379-c82f-4917-8215-6a8f0a7e972f', 'viewer', '2025-08-28T07:32:05.132351+00:00', '678c331c-b828-4d34-9ab6-0749086d5829'),
    ('b9dce31a-190e-4416-b156-7a9f6859c49f', '12f559b7-9bcf-4b80-baf5-b7135aade230', '633e6379-c82f-4917-8215-6a8f0a7e972f', 'viewer', '2025-08-28T09:01:52.319605+00:00', '678c331c-b828-4d34-9ab6-0749086d5829'),
    ('97c26b18-0670-4094-b76a-f043cf1fbffb', 'e6717583-04f1-4558-b8c8-570cdf80a7fd', 'f19c2b6e-c102-4dbf-99a3-b72a893cb173', 'viewer', '2025-09-05T12:52:55.449289+00:00', '53d48133-459b-488f-913d-24e44fbd7bc6'),
    ('d75f12cc-9065-46ad-8268-16e4d93910b5', 'e6717583-04f1-4558-b8c8-570cdf80a7fd', 'aec7a090-ed83-480c-9051-6ed71df4fa60', 'viewer', '2025-09-05T12:52:55.449289+00:00', 'f43bb615-5970-4478-a08f-5a0559e1d137'),
    ('79c15602-c693-49f4-9455-cfc05733de72', 'e2aa3c46-9f84-451f-96ed-b8270db11d85', 'b2b59328-5df5-46f3-8cd1-db891ac65946', 'viewer', '2025-09-05T12:52:55.449289+00:00', '53d48133-459b-488f-913d-24e44fbd7bc6'),
    ('2f2d2428-1ef3-4783-bc5b-5b3045c53d79', 'e2aa3c46-9f84-451f-96ed-b8270db11d85', '4a19906b-bff8-4d22-a6c3-23fbbe72a28b', 'viewer', '2025-09-05T12:52:55.449289+00:00', 'f43bb615-5970-4478-a08f-5a0559e1d137'),
    ('fb8b48fb-b9e9-45c1-a586-9e882f49f706', '07f96bfd-9641-4f58-adee-c452e50c1edf', 'fe6522a0-77c5-440e-876b-fa4f19bca041', 'viewer', '2025-09-05T12:52:55.449289+00:00', '678c331c-b828-4d34-9ab6-0749086d5829'),
    ('6a030dcb-f9b1-45f7-af65-504be8d5505b', '07f96bfd-9641-4f58-adee-c452e50c1edf', '43a7914e-e985-44d9-b7b7-7d72abac50b8', 'viewer', '2025-09-05T12:52:55.449289+00:00', '53d48133-459b-488f-913d-24e44fbd7bc6'),
    ('d9b92ebb-1d01-46c4-95c0-bd823bcdb963', '07f96bfd-9641-4f58-adee-c452e50c1edf', 'fbbc27ef-eb05-403c-a2cb-0fe53647003c', 'viewer', '2025-09-05T12:52:55.449289+00:00', 'f43bb615-5970-4478-a08f-5a0559e1d137'),
    ('cbfe5a08-51e6-4d34-95f2-99045038e121', '65dbcd62-3ec4-48ee-ba29-53037965c9c2', 'c8bc7b6d-8424-41fd-809f-e54f86022d84', 'viewer', '2025-09-05T12:52:55.449289+00:00', '53d48133-459b-488f-913d-24e44fbd7bc6'),
    ('83a05340-54a2-4aa1-9b52-29ac99fbe393', '65dbcd62-3ec4-48ee-ba29-53037965c9c2', 'd0f7de43-7b09-4c8c-a126-e3af056b4129', 'viewer', '2025-09-05T12:52:55.449289+00:00', 'f43bb615-5970-4478-a08f-5a0559e1d137'),
    ('a9209e24-3ea7-4702-8ef6-db7b606e51ed', '12f559b7-9bcf-4b80-baf5-b7135aade230', 'adf20e03-fa29-4462-8dc6-0974b7c9c6d0', 'viewer', '2025-09-05T12:52:55.449289+00:00', '53d48133-459b-488f-913d-24e44fbd7bc6'),
    ('64890b88-7711-4df5-8333-b9a47a746cb5', '12f559b7-9bcf-4b80-baf5-b7135aade230', '2d061a8e-6c15-4a09-bf74-bbf2f38d1b6b', 'viewer', '2025-09-05T12:52:55.449289+00:00', 'f43bb615-5970-4478-a08f-5a0559e1d137');

-- Table: organization_billing (25 rows)
INSERT INTO "organization_billing" ("id", "org_id", "billing_status_id", "next_billing_date", "last_invoice_date", "payment_method", "billing_contact_id", "invoice_email", "billing_notes", "created_at", "updated_at") VALUES
    ('4ab2b5b6-b195-4393-b9bd-8b5fd265bea3', 'ce117b87-d75c-4c8a-b3f5-922ddec539b0', '95d2e411-c4d9-4e79-9398-428215982c90', '2025-10-04', NULL, 'credit_card', NULL, 'opportunity.finance.network@organization.com', NULL, '2025-09-04T12:13:53.245128+00:00', '2025-09-04T12:13:53.245128+00:00'),
    ('7f22025b-031f-4030-a7c3-05055d0f5d5a', '5130549f-4a07-4390-99c1-0442080d378d', '95d2e411-c4d9-4e79-9398-428215982c90', '2025-10-04', NULL, 'credit_card', NULL, 'community.reinvestment.fund@organization.com', NULL, '2025-09-04T12:13:53.245128+00:00', '2025-09-04T12:13:53.245128+00:00'),
    ('1d1cc3e8-fef9-4fea-b96c-ae383a687b87', '777586c4-17bc-48cb-9a27-211b5b31a8d7', '95d2e411-c4d9-4e79-9398-428215982c90', '2025-10-04', NULL, 'credit_card', NULL, 'enterprise.community.partners@organization.com', NULL, '2025-09-04T12:13:53.245128+00:00', '2025-09-04T12:13:53.245128+00:00'),
    ('b2d94ae5-35d8-429d-8adc-5b965c7c6171', '6cc197f0-3b5c-4e9a-8e16-c068ebbbf99c', '95d2e411-c4d9-4e79-9398-428215982c90', '2025-10-04', NULL, 'credit_card', NULL, 'national.community.investment.fund@organization.com', NULL, '2025-09-04T12:13:53.245128+00:00', '2025-09-04T12:13:53.245128+00:00'),
    ('17bde7d2-255c-418f-a3ee-fe49589002c6', 'e6717583-04f1-4558-b8c8-570cdf80a7fd', '95d2e411-c4d9-4e79-9398-428215982c90', '2025-08-30', NULL, 'bank_transfer', NULL, 'low.income.investment.fund@organization.com', NULL, '2025-09-04T12:13:53.245128+00:00', '2025-09-04T12:13:53.245128+00:00'),
    ('9352c708-e3a6-4d91-ad78-2d33940550fa', '184ab48c-ced7-4c4f-87ce-caff94b8a683', '95d2e411-c4d9-4e79-9398-428215982c90', '2025-10-04', NULL, 'credit_card', NULL, 'raza.development.fund@organization.com', NULL, '2025-09-04T12:13:53.245128+00:00', '2025-09-04T12:13:53.245128+00:00'),
    ('41e10e72-de74-402e-b89d-de6daaa29790', '424d296b-aebf-4bc0-8a29-642c7d03a354', '95d2e411-c4d9-4e79-9398-428215982c90', '2025-09-09', NULL, 'credit_card', NULL, 'coastal.community.capital@organization.com', NULL, '2025-09-04T12:13:53.245128+00:00', '2025-09-04T12:13:53.245128+00:00'),
    ('99f01559-a513-480a-9db8-cec298cefb34', '2c3fd233-54d8-4893-ae53-021dee133633', '95d2e411-c4d9-4e79-9398-428215982c90', '2025-10-04', NULL, 'credit_card', NULL, 'mountain.west.capital.network@organization.com', NULL, '2025-09-04T12:13:53.245128+00:00', '2025-09-04T12:13:53.245128+00:00'),
    ('fc86f9be-fae7-4e86-87f7-6a586551c7c0', 'e2aa3c46-9f84-451f-96ed-b8270db11d85', '95d2e411-c4d9-4e79-9398-428215982c90', '2025-10-04', NULL, 'credit_card', NULL, 'urban.development.corporation@organization.com', NULL, '2025-09-04T12:13:53.245128+00:00', '2025-09-04T12:13:53.245128+00:00'),
    ('6a3c00e6-7a51-40ba-b033-10464ed1d2d2', 'dc14a58e-646d-4b6a-a959-044520da6c20', '95d2e411-c4d9-4e79-9398-428215982c90', '2025-08-30', NULL, 'bank_transfer', NULL, 'rural.business.investment.partners@organization.com', NULL, '2025-09-04T12:13:53.245128+00:00', '2025-09-04T12:13:53.245128+00:00'),
    ('cc39c113-73c5-4a1b-96a8-e09cfc04d38e', '6a33d234-38e6-4709-afe6-180f1de7c462', '95d2e411-c4d9-4e79-9398-428215982c90', '2025-09-09', NULL, 'bank_transfer', NULL, 'midwest.community.ventures@organization.com', NULL, '2025-09-04T12:13:53.245128+00:00', '2025-09-04T12:13:53.245128+00:00'),
    ('1b70bbd6-08a3-4dbd-b1b8-78aaf28f0964', 'a4fd5d68-97ec-429f-b3e9-1ebc952a5a87', '95d2e411-c4d9-4e79-9398-428215982c90', '2025-10-04', NULL, 'credit_card', NULL, 'pacific.community.ventures@organization.com', NULL, '2025-09-04T12:13:53.245128+00:00', '2025-09-04T12:13:53.245128+00:00'),
    ('4db6e41f-6944-4bac-bdcf-a1b9ba15eec9', '07f96bfd-9641-4f58-adee-c452e50c1edf', '95d2e411-c4d9-4e79-9398-428215982c90', '2025-10-04', NULL, 'bank_transfer', NULL, 'national.development.council@organization.com', NULL, '2025-09-04T12:13:53.245128+00:00', '2025-09-04T12:13:53.245128+00:00'),
    ('8ada8773-8b99-4d4f-abf5-a1677ac194e2', '34c5d36a-02a2-4070-9379-5b34ff4bdf62', '95d2e411-c4d9-4e79-9398-428215982c90', '2025-10-04', NULL, 'credit_card', NULL, 'community.investment.corporation@organization.com', NULL, '2025-09-04T12:13:53.245128+00:00', '2025-09-04T12:13:53.245128+00:00'),
    ('3c736d4e-9ff4-4d69-8741-8915e4537dae', 'bf70323d-8c8e-48b3-9eb0-f70b9388e0e5', '95d2e411-c4d9-4e79-9398-428215982c90', '2025-10-04', NULL, 'credit_card', NULL, 'regional.economic.development.inc@organization.com', NULL, '2025-09-04T12:13:53.245128+00:00', '2025-09-04T12:13:53.245128+00:00'),
    ('2354c212-7cfa-484b-96b4-56e180b1a388', '7d22caad-74e0-48d0-82dc-92334ec7f6af', '95d2e411-c4d9-4e79-9398-428215982c90', '2025-09-09', NULL, 'bank_transfer', NULL, 'capital.impact.partners@organization.com', NULL, '2025-09-04T12:13:53.245128+00:00', '2025-09-04T12:13:53.245128+00:00'),
    ('76fa1dec-5178-41fc-8a12-956f37b399b4', '65dbcd62-3ec4-48ee-ba29-53037965c9c2', '95d2e411-c4d9-4e79-9398-428215982c90', '2025-10-04', NULL, 'credit_card', NULL, 'grameen.america@organization.com', NULL, '2025-09-04T12:13:53.245128+00:00', '2025-09-04T12:13:53.245128+00:00'),
    ('bc107ad5-4a15-4b00-9144-61024e486a3c', '688f29a5-df58-43f2-b17e-105fcf3e6f3e', '95d2e411-c4d9-4e79-9398-428215982c90', '2025-10-04', NULL, 'credit_card', NULL, 'kiva.microfunds@organization.com', NULL, '2025-09-04T12:13:53.245128+00:00', '2025-09-04T12:13:53.245128+00:00'),
    ('539bc066-6291-4603-8e47-7292f035f902', 'bcd0bcd4-db1e-4468-bf4f-e5fcd5bdacee', '95d2e411-c4d9-4e79-9398-428215982c90', '2025-10-04', NULL, 'credit_card', NULL, 'accion.usa@organization.com', NULL, '2025-09-04T12:13:53.245128+00:00', '2025-09-04T12:13:53.245128+00:00'),
    ('851ce1b0-db03-4551-bedf-e7425e80af31', '12f559b7-9bcf-4b80-baf5-b7135aade230', '95d2e411-c4d9-4e79-9398-428215982c90', '2025-10-04', NULL, 'bank_transfer', NULL, 'liftfund@organization.com', NULL, '2025-09-04T12:13:53.245128+00:00', '2025-09-04T12:13:53.245128+00:00'),
    ('119f2dff-5d75-4f52-9643-70fd5774e39f', '1a89a051-5ef5-44c9-92b5-3ad8816b73d4', '95d2e411-c4d9-4e79-9398-428215982c90', '2025-10-05', NULL, 'bank_transfer', NULL, 'lisa@metrocdc.org', NULL, '2025-09-05T09:26:39.148176+00:00', '2025-09-05T09:26:39.148176+00:00'),
    ('3766e651-0630-4981-b3ca-3769f7fb1acb', 'e4e88e7e-5819-46fa-a1c8-3c762c529c21', '95d2e411-c4d9-4e79-9398-428215982c90', '2025-10-05', NULL, 'credit_card', NULL, 'james@mainstreetmicro.org', NULL, '2025-09-05T09:26:39.148176+00:00', '2025-09-05T09:26:39.148176+00:00'),
    ('4874b8ca-72f3-4bc9-9213-10be79264fcf', '181f361c-b8ba-473d-8ab7-e471b6cb6c64', '95d2e411-c4d9-4e79-9398-428215982c90', '2025-10-05', NULL, 'credit_card', NULL, 'maria@coastaldev.gov', NULL, '2025-09-05T09:26:39.148176+00:00', '2025-09-05T09:26:39.148176+00:00'),
    ('cd868f8c-4880-40f6-8011-dfdab18a1df5', '6ad269f8-6a69-4c70-a06b-4f888f79442d', '95d2e411-c4d9-4e79-9398-428215982c90', '2025-10-05', NULL, 'bank_transfer', NULL, 'amanda@reghousing.org', NULL, '2025-09-05T09:26:39.148176+00:00', '2025-09-05T09:26:39.148176+00:00'),
    ('5fb0d37e-e514-4233-b1e1-532596b61dc9', '3e2eead9-a9d3-4068-8565-af21df890439', '95d2e411-c4d9-4e79-9398-428215982c90', '2025-10-05', NULL, 'credit_card', NULL, 'robert@urbanfund.com', NULL, '2025-09-05T09:26:39.148176+00:00', '2025-09-05T09:26:39.148176+00:00');

-- Table: organization_contacts (25 rows)
INSERT INTO "organization_contacts" ("id", "org_id", "contact_role_id", "name", "email", "phone", "title", "is_primary", "status_id", "created_at") VALUES
    ('89d4efb2-cb1a-4dcb-9693-b8e2dbf6da17', 'ce117b87-d75c-4c8a-b3f5-922ddec539b0', '020fca11-ce68-486e-8b9b-ddf124ff8830', 'Contact Manager', 'opportunity.finance.network@organization.com', '+1-555-3060', NULL, TRUE, 'c8c446ab-d63f-4828-99d9-508155b68c14', '2025-09-04T12:13:53.245128+00:00'),
    ('6a607e12-4bc9-4566-a1f7-3bb1df04e945', '5130549f-4a07-4390-99c1-0442080d378d', '020fca11-ce68-486e-8b9b-ddf124ff8830', 'David Wilson', 'community.reinvestment.fund@organization.com', '+1-555-5360', NULL, TRUE, 'c8c446ab-d63f-4828-99d9-508155b68c14', '2025-09-04T12:13:53.245128+00:00'),
    ('c9a13ce3-7622-4dab-97e6-0e8e512da75a', '777586c4-17bc-48cb-9a27-211b5b31a8d7', '020fca11-ce68-486e-8b9b-ddf124ff8830', 'David Wilson', 'enterprise.community.partners@organization.com', '+1-555-8044', NULL, TRUE, 'c8c446ab-d63f-4828-99d9-508155b68c14', '2025-09-04T12:13:53.245128+00:00'),
    ('5a4377b8-cf0f-4523-b316-3db9a53bc088', '6cc197f0-3b5c-4e9a-8e16-c068ebbbf99c', '020fca11-ce68-486e-8b9b-ddf124ff8830', 'David Wilson', 'national.community.investment.fund@organization.com', '+1-555-5718', NULL, TRUE, 'c8c446ab-d63f-4828-99d9-508155b68c14', '2025-09-04T12:13:53.245128+00:00'),
    ('1387cd3e-ff1f-4949-8851-ec2fe5a744e1', 'e6717583-04f1-4558-b8c8-570cdf80a7fd', '020fca11-ce68-486e-8b9b-ddf124ff8830', 'Contact Manager', 'low.income.investment.fund@organization.com', '+1-555-9469', NULL, TRUE, 'c8c446ab-d63f-4828-99d9-508155b68c14', '2025-09-04T12:13:53.245128+00:00'),
    ('e7a73d1e-efac-4988-a53f-3105ca4e8a63', '184ab48c-ced7-4c4f-87ce-caff94b8a683', '020fca11-ce68-486e-8b9b-ddf124ff8830', 'Contact Manager', 'raza.development.fund@organization.com', '+1-555-1383', NULL, TRUE, 'c8c446ab-d63f-4828-99d9-508155b68c14', '2025-09-04T12:13:53.245128+00:00'),
    ('f3ae3424-423e-4deb-8364-2e6303eb4e6e', '424d296b-aebf-4bc0-8a29-642c7d03a354', '020fca11-ce68-486e-8b9b-ddf124ff8830', 'David Wilson', 'coastal.community.capital@organization.com', '+1-555-0791', NULL, TRUE, 'c8c446ab-d63f-4828-99d9-508155b68c14', '2025-09-04T12:13:53.245128+00:00'),
    ('5bb2a645-3981-4fa4-96b6-06d0341428c5', '2c3fd233-54d8-4893-ae53-021dee133633', '020fca11-ce68-486e-8b9b-ddf124ff8830', 'Contact Manager', 'mountain.west.capital.network@organization.com', '+1-555-1734', NULL, TRUE, 'c8c446ab-d63f-4828-99d9-508155b68c14', '2025-09-04T12:13:53.245128+00:00'),
    ('5e56a104-ffb9-4955-a21f-3fe7b4c59afd', 'e2aa3c46-9f84-451f-96ed-b8270db11d85', '020fca11-ce68-486e-8b9b-ddf124ff8830', 'Sarah Johnson', 'urban.development.corporation@organization.com', '+1-555-8702', NULL, TRUE, 'c8c446ab-d63f-4828-99d9-508155b68c14', '2025-09-04T12:13:53.245128+00:00'),
    ('687efbd0-cbdd-4083-91f7-34d40d8c96ba', 'dc14a58e-646d-4b6a-a959-044520da6c20', '020fca11-ce68-486e-8b9b-ddf124ff8830', 'Michael Brown', 'rural.business.investment.partners@organization.com', '+1-555-2893', NULL, TRUE, 'c8c446ab-d63f-4828-99d9-508155b68c14', '2025-09-04T12:13:53.245128+00:00'),
    ('80780805-a4f9-4633-89dd-bc3927de975d', '6a33d234-38e6-4709-afe6-180f1de7c462', '020fca11-ce68-486e-8b9b-ddf124ff8830', 'David Wilson', 'midwest.community.ventures@organization.com', '+1-555-6991', NULL, TRUE, 'c8c446ab-d63f-4828-99d9-508155b68c14', '2025-09-04T12:13:53.245128+00:00'),
    ('d15289d4-34ae-4063-9ffb-1d69612a98c6', 'a4fd5d68-97ec-429f-b3e9-1ebc952a5a87', '020fca11-ce68-486e-8b9b-ddf124ff8830', 'David Wilson', 'pacific.community.ventures@organization.com', '+1-555-9499', NULL, TRUE, 'c8c446ab-d63f-4828-99d9-508155b68c14', '2025-09-04T12:13:53.245128+00:00'),
    ('b0d7e7b7-1c17-469f-b082-57b1f87c1a3c', '07f96bfd-9641-4f58-adee-c452e50c1edf', '020fca11-ce68-486e-8b9b-ddf124ff8830', 'Contact Manager', 'national.development.council@organization.com', '+1-555-2040', NULL, TRUE, 'c8c446ab-d63f-4828-99d9-508155b68c14', '2025-09-04T12:13:53.245128+00:00'),
    ('61735f57-9da2-416e-8684-b22c5a2973da', '34c5d36a-02a2-4070-9379-5b34ff4bdf62', '020fca11-ce68-486e-8b9b-ddf124ff8830', 'David Wilson', 'community.investment.corporation@organization.com', '+1-555-3176', NULL, TRUE, 'c8c446ab-d63f-4828-99d9-508155b68c14', '2025-09-04T12:13:53.245128+00:00'),
    ('62998663-8e68-4cac-b3f6-bbdbd3fbe5a9', 'bf70323d-8c8e-48b3-9eb0-f70b9388e0e5', '020fca11-ce68-486e-8b9b-ddf124ff8830', 'Contact Manager', 'regional.economic.development.inc@organization.com', '+1-555-4108', NULL, TRUE, 'c8c446ab-d63f-4828-99d9-508155b68c14', '2025-09-04T12:13:53.245128+00:00'),
    ('73954e32-db7e-43ba-98fb-14280058074d', '7d22caad-74e0-48d0-82dc-92334ec7f6af', '020fca11-ce68-486e-8b9b-ddf124ff8830', 'Contact Manager', 'capital.impact.partners@organization.com', '+1-555-6891', NULL, TRUE, 'c8c446ab-d63f-4828-99d9-508155b68c14', '2025-09-04T12:13:53.245128+00:00'),
    ('41916fa0-26fb-4595-8334-a67dc638cf04', '65dbcd62-3ec4-48ee-ba29-53037965c9c2', '020fca11-ce68-486e-8b9b-ddf124ff8830', 'Contact Manager', 'grameen.america@organization.com', '+1-555-4184', NULL, TRUE, 'c8c446ab-d63f-4828-99d9-508155b68c14', '2025-09-04T12:13:53.245128+00:00'),
    ('5b6b4a78-eecf-4cc2-8dd3-a7eb6f7ca675', '688f29a5-df58-43f2-b17e-105fcf3e6f3e', '020fca11-ce68-486e-8b9b-ddf124ff8830', 'Contact Manager', 'kiva.microfunds@organization.com', '+1-555-3939', NULL, TRUE, 'c8c446ab-d63f-4828-99d9-508155b68c14', '2025-09-04T12:13:53.245128+00:00'),
    ('8b400d48-23af-40b9-9754-adcf8ae2b86d', 'bcd0bcd4-db1e-4468-bf4f-e5fcd5bdacee', '020fca11-ce68-486e-8b9b-ddf124ff8830', 'Contact Manager', 'accion.usa@organization.com', '+1-555-7976', NULL, TRUE, 'c8c446ab-d63f-4828-99d9-508155b68c14', '2025-09-04T12:13:53.245128+00:00'),
    ('0f6f7fa0-858a-4cc7-b5a2-adfc6dd70355', '12f559b7-9bcf-4b80-baf5-b7135aade230', '020fca11-ce68-486e-8b9b-ddf124ff8830', 'Contact Manager', 'liftfund@organization.com', '+1-555-5740', NULL, TRUE, 'c8c446ab-d63f-4828-99d9-508155b68c14', '2025-09-04T12:13:53.245128+00:00'),
    ('98d18fbd-bdcd-4b6d-a4ae-e75fb490f5b2', '1a89a051-5ef5-44c9-92b5-3ad8816b73d4', '020fca11-ce68-486e-8b9b-ddf124ff8830', 'Lisa Chen', 'lisa@metrocdc.org', '+1-555-0286', NULL, TRUE, 'c8c446ab-d63f-4828-99d9-508155b68c14', '2025-09-05T09:26:39.148176+00:00'),
    ('810fbe4b-a67b-4a4e-9ab7-e2e8c61b4b3e', 'e4e88e7e-5819-46fa-a1c8-3c762c529c21', '020fca11-ce68-486e-8b9b-ddf124ff8830', 'James Wilson', 'james@mainstreetmicro.org', '+1-555-2396', NULL, TRUE, 'c8c446ab-d63f-4828-99d9-508155b68c14', '2025-09-05T09:26:39.148176+00:00'),
    ('9c7d5fd1-3284-40f2-a339-ca1b2cf6d934', '181f361c-b8ba-473d-8ab7-e471b6cb6c64', '020fca11-ce68-486e-8b9b-ddf124ff8830', 'Maria Rodriguez', 'maria@coastaldev.gov', '+1-555-3670', NULL, TRUE, 'c8c446ab-d63f-4828-99d9-508155b68c14', '2025-09-05T09:26:39.148176+00:00'),
    ('ce70dbc0-011a-4d71-87b3-767fdb5c239a', '6ad269f8-6a69-4c70-a06b-4f888f79442d', '020fca11-ce68-486e-8b9b-ddf124ff8830', 'Amanda Foster', 'amanda@reghousing.org', '+1-555-9465', NULL, TRUE, 'c8c446ab-d63f-4828-99d9-508155b68c14', '2025-09-05T09:26:39.148176+00:00'),
    ('f53aa940-3b24-4411-9008-4df4eab8f438', '3e2eead9-a9d3-4068-8565-af21df890439', '020fca11-ce68-486e-8b9b-ddf124ff8830', 'Robert Martinez', 'robert@urbanfund.com', '+1-555-3199', NULL, TRUE, 'c8c446ab-d63f-4828-99d9-508155b68c14', '2025-09-05T09:26:39.148176+00:00');

-- Table: organization_plans (25 rows)
INSERT INTO "organization_plans" ("id", "org_id", "plan_type_id", "effective_date", "end_date", "custom_document_limit", "custom_user_limit", "custom_monthly_price", "notes", "status_id", "created_at") VALUES
    ('0da70e48-3f0e-4d61-95df-ae161d01a94e', 'ce117b87-d75c-4c8a-b3f5-922ddec539b0', 'e32a3bae-a84c-4ea5-a7bf-35a2827f2d8c', '2025-09-04', NULL, NULL, NULL, NULL, NULL, 'c8c446ab-d63f-4828-99d9-508155b68c14', '2025-09-04T12:13:53.245128+00:00'),
    ('731c08b9-e23e-464b-813f-87d5745bc2c4', '5130549f-4a07-4390-99c1-0442080d378d', 'e32a3bae-a84c-4ea5-a7bf-35a2827f2d8c', '2025-09-04', NULL, NULL, NULL, NULL, NULL, 'c8c446ab-d63f-4828-99d9-508155b68c14', '2025-09-04T12:13:53.245128+00:00'),
    ('e35b8a27-77df-47f8-9be5-01f5f0a6b552', '777586c4-17bc-48cb-9a27-211b5b31a8d7', 'e32a3bae-a84c-4ea5-a7bf-35a2827f2d8c', '2025-09-04', NULL, NULL, NULL, NULL, NULL, 'c8c446ab-d63f-4828-99d9-508155b68c14', '2025-09-04T12:13:53.245128+00:00'),
    ('ef17b8de-5a41-45b8-8238-f16514b9d355', '6cc197f0-3b5c-4e9a-8e16-c068ebbbf99c', 'e32a3bae-a84c-4ea5-a7bf-35a2827f2d8c', '2025-09-04', NULL, NULL, NULL, NULL, NULL, 'c8c446ab-d63f-4828-99d9-508155b68c14', '2025-09-04T12:13:53.245128+00:00'),
    ('42d11e44-bd91-495d-83b1-477b966faeb0', 'e6717583-04f1-4558-b8c8-570cdf80a7fd', 'e32a3bae-a84c-4ea5-a7bf-35a2827f2d8c', '2025-09-04', NULL, NULL, NULL, NULL, NULL, 'c8c446ab-d63f-4828-99d9-508155b68c14', '2025-09-04T12:13:53.245128+00:00'),
    ('fe484898-a497-4196-b5b4-5c31f12b979a', '184ab48c-ced7-4c4f-87ce-caff94b8a683', 'e32a3bae-a84c-4ea5-a7bf-35a2827f2d8c', '2025-09-04', NULL, NULL, NULL, NULL, NULL, 'c8c446ab-d63f-4828-99d9-508155b68c14', '2025-09-04T12:13:53.245128+00:00'),
    ('5d741052-619b-4198-a43d-12afafd24d5e', '424d296b-aebf-4bc0-8a29-642c7d03a354', 'e32a3bae-a84c-4ea5-a7bf-35a2827f2d8c', '2025-09-04', NULL, NULL, NULL, NULL, NULL, 'c8c446ab-d63f-4828-99d9-508155b68c14', '2025-09-04T12:13:53.245128+00:00'),
    ('8b5f94e3-c453-4d49-a2cd-eaeee99ba1bd', '2c3fd233-54d8-4893-ae53-021dee133633', 'e32a3bae-a84c-4ea5-a7bf-35a2827f2d8c', '2025-09-04', NULL, NULL, NULL, NULL, NULL, 'c8c446ab-d63f-4828-99d9-508155b68c14', '2025-09-04T12:13:53.245128+00:00'),
    ('c88fbdb9-b2f3-4409-8326-acdcc98738cc', 'e2aa3c46-9f84-451f-96ed-b8270db11d85', 'e32a3bae-a84c-4ea5-a7bf-35a2827f2d8c', '2025-09-04', NULL, NULL, NULL, NULL, NULL, 'c8c446ab-d63f-4828-99d9-508155b68c14', '2025-09-04T12:13:53.245128+00:00'),
    ('a6bddcae-c22b-40f6-8f36-802ac996518d', 'dc14a58e-646d-4b6a-a959-044520da6c20', 'e32a3bae-a84c-4ea5-a7bf-35a2827f2d8c', '2025-09-04', NULL, NULL, NULL, NULL, NULL, 'c8c446ab-d63f-4828-99d9-508155b68c14', '2025-09-04T12:13:53.245128+00:00'),
    ('8f619142-530c-4585-a5d5-76e9efb387a1', '6a33d234-38e6-4709-afe6-180f1de7c462', 'e32a3bae-a84c-4ea5-a7bf-35a2827f2d8c', '2025-09-04', NULL, NULL, NULL, NULL, NULL, 'c8c446ab-d63f-4828-99d9-508155b68c14', '2025-09-04T12:13:53.245128+00:00'),
    ('3bd01e83-8253-4b20-9bd6-bd03c9c47f9f', 'a4fd5d68-97ec-429f-b3e9-1ebc952a5a87', 'e32a3bae-a84c-4ea5-a7bf-35a2827f2d8c', '2025-09-04', NULL, NULL, NULL, NULL, NULL, 'c8c446ab-d63f-4828-99d9-508155b68c14', '2025-09-04T12:13:53.245128+00:00'),
    ('dde6f3ec-9398-4ef3-9c2d-092b36731559', '07f96bfd-9641-4f58-adee-c452e50c1edf', 'e32a3bae-a84c-4ea5-a7bf-35a2827f2d8c', '2025-09-04', NULL, NULL, NULL, NULL, NULL, 'c8c446ab-d63f-4828-99d9-508155b68c14', '2025-09-04T12:13:53.245128+00:00'),
    ('6264234c-bdb3-4091-80a5-def9db93eca5', '34c5d36a-02a2-4070-9379-5b34ff4bdf62', 'e32a3bae-a84c-4ea5-a7bf-35a2827f2d8c', '2025-09-04', NULL, NULL, NULL, NULL, NULL, 'c8c446ab-d63f-4828-99d9-508155b68c14', '2025-09-04T12:13:53.245128+00:00'),
    ('e81b4011-cd3c-4acb-af49-ab502e5814f9', 'bf70323d-8c8e-48b3-9eb0-f70b9388e0e5', 'e32a3bae-a84c-4ea5-a7bf-35a2827f2d8c', '2025-09-04', NULL, NULL, NULL, NULL, NULL, 'c8c446ab-d63f-4828-99d9-508155b68c14', '2025-09-04T12:13:53.245128+00:00'),
    ('57f6a934-bae7-4b82-9718-3265e3a90a70', '7d22caad-74e0-48d0-82dc-92334ec7f6af', 'e32a3bae-a84c-4ea5-a7bf-35a2827f2d8c', '2025-09-04', NULL, NULL, NULL, NULL, NULL, 'c8c446ab-d63f-4828-99d9-508155b68c14', '2025-09-04T12:13:53.245128+00:00'),
    ('320a877f-f92e-4f63-819e-4956e5b2aff4', '65dbcd62-3ec4-48ee-ba29-53037965c9c2', 'e32a3bae-a84c-4ea5-a7bf-35a2827f2d8c', '2025-09-04', NULL, NULL, NULL, NULL, NULL, 'c8c446ab-d63f-4828-99d9-508155b68c14', '2025-09-04T12:13:53.245128+00:00'),
    ('8489e90f-d7f2-420a-aa23-b9bfbed9c765', '688f29a5-df58-43f2-b17e-105fcf3e6f3e', 'e32a3bae-a84c-4ea5-a7bf-35a2827f2d8c', '2025-09-04', NULL, NULL, NULL, NULL, NULL, 'c8c446ab-d63f-4828-99d9-508155b68c14', '2025-09-04T12:13:53.245128+00:00'),
    ('725edddd-a800-4289-8f08-54dec89de83a', 'bcd0bcd4-db1e-4468-bf4f-e5fcd5bdacee', 'e32a3bae-a84c-4ea5-a7bf-35a2827f2d8c', '2025-09-04', NULL, NULL, NULL, NULL, NULL, 'c8c446ab-d63f-4828-99d9-508155b68c14', '2025-09-04T12:13:53.245128+00:00'),
    ('66379a96-f2cb-41aa-b41c-66402f56e705', '12f559b7-9bcf-4b80-baf5-b7135aade230', 'e32a3bae-a84c-4ea5-a7bf-35a2827f2d8c', '2025-09-04', NULL, NULL, NULL, NULL, NULL, 'c8c446ab-d63f-4828-99d9-508155b68c14', '2025-09-04T12:13:53.245128+00:00'),
    ('5744158f-f147-431c-9b82-8ac561a4a346', '1a89a051-5ef5-44c9-92b5-3ad8816b73d4', 'e32a3bae-a84c-4ea5-a7bf-35a2827f2d8c', '2025-07-07', NULL, NULL, NULL, NULL, NULL, 'c8c446ab-d63f-4828-99d9-508155b68c14', '2025-09-05T09:26:39.148176+00:00'),
    ('fd4a5fc2-abd7-47b4-b1d3-618c09ef6d4e', '3e2eead9-a9d3-4068-8565-af21df890439', 'e32a3bae-a84c-4ea5-a7bf-35a2827f2d8c', '2025-04-08', NULL, NULL, NULL, NULL, NULL, 'c8c446ab-d63f-4828-99d9-508155b68c14', '2025-09-05T09:26:39.148176+00:00'),
    ('17b8f5c0-1178-4867-8f3d-0260656b70af', '6ad269f8-6a69-4c70-a06b-4f888f79442d', 'e32a3bae-a84c-4ea5-a7bf-35a2827f2d8c', '2025-07-07', NULL, NULL, NULL, NULL, NULL, 'c8c446ab-d63f-4828-99d9-508155b68c14', '2025-09-05T09:26:39.148176+00:00'),
    ('ea0dbba6-5118-4705-a06f-70caf69c6835', 'e4e88e7e-5819-46fa-a1c8-3c762c529c21', 'e32a3bae-a84c-4ea5-a7bf-35a2827f2d8c', '2025-04-08', NULL, NULL, NULL, NULL, NULL, 'c8c446ab-d63f-4828-99d9-508155b68c14', '2025-09-05T09:26:39.148176+00:00'),
    ('a699a37b-21fe-466c-9f5f-8ebde707a52b', '181f361c-b8ba-473d-8ab7-e471b6cb6c64', 'e32a3bae-a84c-4ea5-a7bf-35a2827f2d8c', '2025-05-08', NULL, NULL, NULL, NULL, NULL, 'c8c446ab-d63f-4828-99d9-508155b68c14', '2025-09-05T09:26:39.148176+00:00');

-- Table: organization_summary (25 rows)
INSERT INTO "organization_summary" ("id", "name", "created_at", "status_key", "status_display_name", "industry_type", "plan_key", "plan_name", "plan_price", "document_limit", "user_limit", "billing_status_key", "billing_status", "next_billing_date", "payment_method", "primary_contact_name", "primary_contact_email", "primary_contact_phone", "user_count", "total_documents", "monthly_usage", "current_storage_gb", "current_monthly_spend", "document_usage_percentage", "user_usage_percentage") VALUES
    ('ce117b87-d75c-4c8a-b3f5-922ddec539b0', 'Opportunity Finance Network', '2025-09-04T05:09:05.698593+00:00', 'active', 'Active', 'NMTC/CDFI', 'professional', 'Professional Plan', 599.0, 500, 25, 'current', 'Current', '2025-10-04', 'credit_card', 'Contact Manager', 'opportunity.finance.network@organization.com', '+1-555-3060', 1, 4, 28, 4.67, 599.0, 5.6, 4.0),
    ('5130549f-4a07-4390-99c1-0442080d378d', 'Community Reinvestment Fund', '2025-09-04T05:09:05.698593+00:00', 'active', 'Active', 'Investment Fund', 'professional', 'Professional Plan', 599.0, 500, 25, 'current', 'Current', '2025-10-04', 'credit_card', 'David Wilson', 'community.reinvestment.fund@organization.com', '+1-555-5360', 1, 8, 13, 7.28, 599.0, 2.6, 4.0),
    ('777586c4-17bc-48cb-9a27-211b5b31a8d7', 'Enterprise Community Partners', '2025-09-04T05:09:05.698593+00:00', 'active', 'Active', 'NMTC/CDFI', 'professional', 'Professional Plan', 599.0, 500, 25, 'current', 'Current', '2025-10-04', 'credit_card', 'David Wilson', 'enterprise.community.partners@organization.com', '+1-555-8044', 1, 6, 79, 9.72, 599.0, 15.8, 4.0),
    ('6cc197f0-3b5c-4e9a-8e16-c068ebbbf99c', 'National Community Investment Fund', '2025-09-04T05:09:05.698593+00:00', 'active', 'Active', 'Investment Fund', 'professional', 'Professional Plan', 599.0, 500, 25, 'current', 'Current', '2025-10-04', 'credit_card', 'David Wilson', 'national.community.investment.fund@organization.com', '+1-555-5718', 1, 8, 105, 5.93, 599.0, 21.0, 4.0),
    ('e6717583-04f1-4558-b8c8-570cdf80a7fd', 'Low Income Investment Fund', '2025-09-04T05:09:05.698593+00:00', 'active', 'Active', 'Investment Fund', 'professional', 'Professional Plan', 599.0, 500, 25, 'current', 'Current', '2025-08-30', 'bank_transfer', 'Contact Manager', 'low.income.investment.fund@organization.com', '+1-555-9469', 3, 9, 58, 6.31, 599.0, 11.6, 12.0),
    ('184ab48c-ced7-4c4f-87ce-caff94b8a683', 'Raza Development Fund', '2025-09-04T05:09:05.698593+00:00', 'active', 'Active', 'Investment Fund', 'professional', 'Professional Plan', 599.0, 500, 25, 'current', 'Current', '2025-10-04', 'credit_card', 'Contact Manager', 'raza.development.fund@organization.com', '+1-555-1383', 1, 5, 18, 7.4, 599.0, 3.6, 4.0),
    ('424d296b-aebf-4bc0-8a29-642c7d03a354', 'Coastal Community Capital', '2025-09-04T05:09:05.698593+00:00', 'active', 'Active', 'NMTC/CDFI', 'professional', 'Professional Plan', 599.0, 500, 25, 'current', 'Current', '2025-09-09', 'credit_card', 'David Wilson', 'coastal.community.capital@organization.com', '+1-555-0791', 1, 5, 69, 6.51, 599.0, 13.8, 4.0),
    ('2c3fd233-54d8-4893-ae53-021dee133633', 'Mountain West Capital Network', '2025-09-04T05:09:05.698593+00:00', 'active', 'Active', 'NMTC/CDFI', 'professional', 'Professional Plan', 599.0, 500, 25, 'current', 'Current', '2025-10-04', 'credit_card', 'Contact Manager', 'mountain.west.capital.network@organization.com', '+1-555-1734', 1, 7, 58, 2.11, 599.0, 11.6, 4.0),
    ('e2aa3c46-9f84-451f-96ed-b8270db11d85', 'Urban Development Corporation', '2025-09-04T05:09:05.698593+00:00', 'active', 'Active', 'NMTC/CDFI', 'professional', 'Professional Plan', 599.0, 500, 25, 'current', 'Current', '2025-10-04', 'credit_card', 'Sarah Johnson', 'urban.development.corporation@organization.com', '+1-555-8702', 3, 9, 17, 2.12, 599.0, 3.4, 12.0),
    ('dc14a58e-646d-4b6a-a959-044520da6c20', 'Rural Business Investment Partners', '2025-09-04T05:09:05.698593+00:00', 'active', 'Active', 'NMTC/CDFI', 'professional', 'Professional Plan', 599.0, 500, 25, 'current', 'Current', '2025-08-30', 'bank_transfer', 'Michael Brown', 'rural.business.investment.partners@organization.com', '+1-555-2893', 1, 6, 34, 1.36, 599.0, 6.8, 4.0),
    ('6a33d234-38e6-4709-afe6-180f1de7c462', 'Midwest Community Ventures', '2025-09-04T05:09:05.698593+00:00', 'active', 'Active', 'NMTC/CDFI', 'professional', 'Professional Plan', 599.0, 500, 25, 'current', 'Current', '2025-09-09', 'bank_transfer', 'David Wilson', 'midwest.community.ventures@organization.com', '+1-555-6991', 1, 8, 51, 9.71, 599.0, 10.2, 4.0),
    ('a4fd5d68-97ec-429f-b3e9-1ebc952a5a87', 'Pacific Community Ventures', '2025-09-04T05:09:05.698593+00:00', 'active', 'Active', 'NMTC/CDFI', 'professional', 'Professional Plan', 599.0, 500, 25, 'current', 'Current', '2025-10-04', 'credit_card', 'David Wilson', 'pacific.community.ventures@organization.com', '+1-555-9499', 1, 6, 65, 10.98, 599.0, 13.0, 4.0),
    ('07f96bfd-9641-4f58-adee-c452e50c1edf', 'National Development Council', '2025-09-04T05:09:05.698593+00:00', 'active', 'Active', 'NMTC/CDFI', 'professional', 'Professional Plan', 599.0, 500, 25, 'current', 'Current', '2025-10-04', 'bank_transfer', 'Contact Manager', 'national.development.council@organization.com', '+1-555-2040', 4, 11, 53, 1.42, 599.0, 10.6, 16.0),
    ('34c5d36a-02a2-4070-9379-5b34ff4bdf62', 'Community Investment Corporation', '2025-09-04T05:09:05.698593+00:00', 'active', 'Active', 'NMTC/CDFI', 'professional', 'Professional Plan', 599.0, 500, 25, 'current', 'Current', '2025-10-04', 'credit_card', 'David Wilson', 'community.investment.corporation@organization.com', '+1-555-3176', 1, 8, 68, 10.38, 599.0, 13.6, 4.0),
    ('bf70323d-8c8e-48b3-9eb0-f70b9388e0e5', 'Regional Economic Development Inc', '2025-09-04T05:09:05.698593+00:00', 'active', 'Active', 'NMTC/CDFI', 'professional', 'Professional Plan', 599.0, 500, 25, 'current', 'Current', '2025-10-04', 'credit_card', 'Contact Manager', 'regional.economic.development.inc@organization.com', '+1-555-4108', 1, 8, 80, 10.75, 599.0, 16.0, 4.0),
    ('7d22caad-74e0-48d0-82dc-92334ec7f6af', 'Capital Impact Partners', '2025-09-04T05:09:05.698593+00:00', 'active', 'Active', 'NMTC/CDFI', 'professional', 'Professional Plan', 599.0, 500, 25, 'current', 'Current', '2025-09-09', 'bank_transfer', 'Contact Manager', 'capital.impact.partners@organization.com', '+1-555-6891', 1, 8, 21, 5.65, 599.0, 4.2, 4.0),
    ('65dbcd62-3ec4-48ee-ba29-53037965c9c2', 'Grameen America', '2025-09-04T05:09:05.698593+00:00', 'active', 'Active', 'Microfinance', 'professional', 'Professional Plan', 599.0, 500, 25, 'current', 'Current', '2025-10-04', 'credit_card', 'Contact Manager', 'grameen.america@organization.com', '+1-555-4184', 3, 9, 44, 7.02, 599.0, 8.8, 12.0),
    ('688f29a5-df58-43f2-b17e-105fcf3e6f3e', 'Kiva Microfunds', '2025-09-04T05:09:05.698593+00:00', 'active', 'Active', 'Investment Fund', 'professional', 'Professional Plan', 599.0, 500, 25, 'current', 'Current', '2025-10-04', 'credit_card', 'Contact Manager', 'kiva.microfunds@organization.com', '+1-555-3939', 1, 7, 73, 6.99, 599.0, 14.6, 4.0),
    ('bcd0bcd4-db1e-4468-bf4f-e5fcd5bdacee', 'Accion USA', '2025-09-04T05:09:05.698593+00:00', 'active', 'Active', 'NMTC/CDFI', 'professional', 'Professional Plan', 599.0, 500, 25, 'current', 'Current', '2025-10-04', 'credit_card', 'Contact Manager', 'accion.usa@organization.com', '+1-555-7976', 1, 4, 98, 9.19, 599.0, 19.6, 4.0),
    ('12f559b7-9bcf-4b80-baf5-b7135aade230', 'LiftFund', '2025-09-04T05:09:05.698593+00:00', 'active', 'Active', 'Investment Fund', 'professional', 'Professional Plan', 599.0, 500, 25, 'current', 'Current', '2025-10-04', 'bank_transfer', 'Contact Manager', 'liftfund@organization.com', '+1-555-5740', 3, 9, 37, 5.29, 599.0, 7.4, 12.0),
    ('1a89a051-5ef5-44c9-92b5-3ad8816b73d4', 'Metro Community Development Corp', '2025-09-05T09:26:39.148176+00:00', 'active', 'Active', 'NMTC/CDFI', 'professional', 'Professional Plan', 599.0, 500, 25, 'current', 'Current', '2025-10-05', 'bank_transfer', 'Lisa Chen', 'lisa@metrocdc.org', '+1-555-0286', 0, 0, 0, 0, 599.0, 0.0, 0.0),
    ('3e2eead9-a9d3-4068-8565-af21df890439', 'Urban Revitalization Fund', '2025-09-05T09:26:39.148176+00:00', 'active', 'Active', 'Investment Fund', 'professional', 'Professional Plan', 599.0, 500, 25, 'current', 'Current', '2025-10-05', 'credit_card', 'Robert Martinez', 'robert@urbanfund.com', '+1-555-3199', 0, 0, 0, 0, 599.0, 0.0, 0.0),
    ('6ad269f8-6a69-4c70-a06b-4f888f79442d', 'Regional Housing Partners', '2025-09-05T09:26:39.148176+00:00', 'active', 'Active', 'Housing Finance', 'professional', 'Professional Plan', 599.0, 500, 25, 'current', 'Current', '2025-10-05', 'bank_transfer', 'Amanda Foster', 'amanda@reghousing.org', '+1-555-9465', 0, 0, 0, 0, 599.0, 0.0, 0.0),
    ('e4e88e7e-5819-46fa-a1c8-3c762c529c21', 'Main Street Microfinance', '2025-09-05T09:26:39.148176+00:00', 'active', 'Active', 'Microfinance', 'professional', 'Professional Plan', 599.0, 500, 25, 'current', 'Current', '2025-10-05', 'credit_card', 'James Wilson', 'james@mainstreetmicro.org', '+1-555-2396', 0, 0, 0, 0, 599.0, 0.0, 0.0),
    ('181f361c-b8ba-473d-8ab7-e471b6cb6c64', 'Coastal Economic Development', '2025-09-05T09:26:39.148176+00:00', 'active', 'Active', 'Economic Development', 'professional', 'Professional Plan', 599.0, 500, 25, 'current', 'Current', '2025-10-05', 'credit_card', 'Maria Rodriguez', 'maria@coastaldev.gov', '+1-555-3670', 0, 0, 0, 0, 599.0, 0.0, 0.0);

-- Table: organization_usage (60 rows)
INSERT INTO "organization_usage" ("id", "org_id", "usage_month", "documents_processed", "storage_used_gb", "api_calls", "processing_minutes", "monthly_spend", "created_at") VALUES
    ('d028346a-44b1-4762-8f9b-aa0d936f0a1e', 'ce117b87-d75c-4c8a-b3f5-922ddec539b0', '2025-09-01', 28, 4.67, 0, 0, 599.0, '2025-09-04T12:13:53.245128+00:00'),
    ('6a71ca93-6d83-4372-9c2f-ba7c1e674c04', '5130549f-4a07-4390-99c1-0442080d378d', '2025-09-01', 13, 7.28, 0, 0, 599.0, '2025-09-04T12:13:53.245128+00:00'),
    ('d95bf59f-ff2e-4657-9251-36ef52d233bb', '777586c4-17bc-48cb-9a27-211b5b31a8d7', '2025-09-01', 79, 9.72, 0, 0, 599.0, '2025-09-04T12:13:53.245128+00:00'),
    ('e43f3dfe-a6bc-4eb7-b763-ad9ee862fdc8', '6cc197f0-3b5c-4e9a-8e16-c068ebbbf99c', '2025-09-01', 105, 5.93, 0, 0, 599.0, '2025-09-04T12:13:53.245128+00:00'),
    ('7f7da195-d6c0-4261-bac5-f56b71c6c4eb', 'e6717583-04f1-4558-b8c8-570cdf80a7fd', '2025-09-01', 58, 6.31, 0, 0, 599.0, '2025-09-04T12:13:53.245128+00:00'),
    ('85e64e18-fa7d-4edd-b715-c432fec9aac4', '184ab48c-ced7-4c4f-87ce-caff94b8a683', '2025-09-01', 18, 7.4, 0, 0, 599.0, '2025-09-04T12:13:53.245128+00:00'),
    ('aec38d11-44f3-4f24-a607-7d0101d0a0bb', '424d296b-aebf-4bc0-8a29-642c7d03a354', '2025-09-01', 69, 6.51, 0, 0, 599.0, '2025-09-04T12:13:53.245128+00:00'),
    ('b7deac2c-1c3b-4779-89c4-f57e136f61aa', '2c3fd233-54d8-4893-ae53-021dee133633', '2025-09-01', 58, 2.11, 0, 0, 599.0, '2025-09-04T12:13:53.245128+00:00'),
    ('a414b16f-ebdd-4c1f-92b2-1085b7bb9c0f', 'e2aa3c46-9f84-451f-96ed-b8270db11d85', '2025-09-01', 17, 2.12, 0, 0, 599.0, '2025-09-04T12:13:53.245128+00:00'),
    ('d2f1d78d-8838-4135-a87e-d4674eb1746d', 'dc14a58e-646d-4b6a-a959-044520da6c20', '2025-09-01', 34, 1.36, 0, 0, 599.0, '2025-09-04T12:13:53.245128+00:00'),
    ('28807df6-b704-4edc-95d2-c75962a0d9a2', '6a33d234-38e6-4709-afe6-180f1de7c462', '2025-09-01', 51, 9.71, 0, 0, 599.0, '2025-09-04T12:13:53.245128+00:00'),
    ('b38063a9-e3c3-4119-a15c-ccbc0b3cfb69', 'a4fd5d68-97ec-429f-b3e9-1ebc952a5a87', '2025-09-01', 65, 10.98, 0, 0, 599.0, '2025-09-04T12:13:53.245128+00:00'),
    ('35b41361-f4d5-4d4e-9c81-761ecdeb57db', '07f96bfd-9641-4f58-adee-c452e50c1edf', '2025-09-01', 53, 1.42, 0, 0, 599.0, '2025-09-04T12:13:53.245128+00:00'),
    ('844bfd87-de72-4c38-add1-5c9dbf69df2b', '34c5d36a-02a2-4070-9379-5b34ff4bdf62', '2025-09-01', 68, 10.38, 0, 0, 599.0, '2025-09-04T12:13:53.245128+00:00'),
    ('6e4316ca-274a-436d-91c6-25d335aa07df', 'bf70323d-8c8e-48b3-9eb0-f70b9388e0e5', '2025-09-01', 80, 10.75, 0, 0, 599.0, '2025-09-04T12:13:53.245128+00:00'),
    ('75427e01-117c-4ea1-9806-f2b4d23a7c50', '7d22caad-74e0-48d0-82dc-92334ec7f6af', '2025-09-01', 21, 5.65, 0, 0, 599.0, '2025-09-04T12:13:53.245128+00:00'),
    ('eeedb2b1-acc8-4b6a-918f-9d857d79bc48', '65dbcd62-3ec4-48ee-ba29-53037965c9c2', '2025-09-01', 44, 7.02, 0, 0, 599.0, '2025-09-04T12:13:53.245128+00:00'),
    ('7924ca07-1b88-41ac-a4a5-7d128e5c328a', '688f29a5-df58-43f2-b17e-105fcf3e6f3e', '2025-09-01', 73, 6.99, 0, 0, 599.0, '2025-09-04T12:13:53.245128+00:00'),
    ('ff055b67-9922-429e-97a3-f88c0abe5786', 'bcd0bcd4-db1e-4468-bf4f-e5fcd5bdacee', '2025-09-01', 98, 9.19, 0, 0, 599.0, '2025-09-04T12:13:53.245128+00:00'),
    ('43405452-c402-4b8f-ae54-d0e4d3aa5380', '12f559b7-9bcf-4b80-baf5-b7135aade230', '2025-09-01', 37, 5.29, 0, 0, 599.0, '2025-09-04T12:13:53.245128+00:00'),
    ('a6bcb0e1-d19a-4241-a054-13cdafd94b61', 'ce117b87-d75c-4c8a-b3f5-922ddec539b0', '2025-08-01', 37, 6.87, 0, 0, 599.0, '2025-09-04T12:13:53.245128+00:00'),
    ('0ef46df9-d1f9-4520-9787-dd7228f0ee9e', '5130549f-4a07-4390-99c1-0442080d378d', '2025-08-01', 25, 6.67, 0, 0, 599.0, '2025-09-04T12:13:53.245128+00:00'),
    ('ca6a77ac-6fc4-4612-a265-6d3791f2fe6e', '777586c4-17bc-48cb-9a27-211b5b31a8d7', '2025-08-01', 12, 10.18, 0, 0, 599.0, '2025-09-04T12:13:53.245128+00:00'),
    ('5b1fd885-c0f7-4cc2-80ac-3dd70ab66cc6', '6cc197f0-3b5c-4e9a-8e16-c068ebbbf99c', '2025-08-01', 13, 9.78, 0, 0, 599.0, '2025-09-04T12:13:53.245128+00:00'),
    ('7d5773b7-f1e8-4eab-aaf9-43854b985bc4', 'e6717583-04f1-4558-b8c8-570cdf80a7fd', '2025-08-01', 74, 7.16, 0, 0, 599.0, '2025-09-04T12:13:53.245128+00:00'),
    ('aee4ef95-af16-441b-9c90-b22b86abf39a', '184ab48c-ced7-4c4f-87ce-caff94b8a683', '2025-08-01', 77, 8.89, 0, 0, 599.0, '2025-09-04T12:13:53.245128+00:00'),
    ('15b68d92-14b6-4941-9302-a6950d2a6cfd', '424d296b-aebf-4bc0-8a29-642c7d03a354', '2025-08-01', 77, 10.49, 0, 0, 599.0, '2025-09-04T12:13:53.245128+00:00'),
    ('167aefab-51ef-4739-a642-4d0718dfb043', '2c3fd233-54d8-4893-ae53-021dee133633', '2025-08-01', 71, 8.72, 0, 0, 599.0, '2025-09-04T12:13:53.245128+00:00'),
    ('4664a9c2-6b95-4efb-82a9-e0cf2985c718', 'e2aa3c46-9f84-451f-96ed-b8270db11d85', '2025-08-01', 21, 9.83, 0, 0, 599.0, '2025-09-04T12:13:53.245128+00:00'),
    ('d2f7d041-dbba-4444-be98-9c6cf96b636b', 'dc14a58e-646d-4b6a-a959-044520da6c20', '2025-08-01', 36, 10.54, 0, 0, 599.0, '2025-09-04T12:13:53.245128+00:00'),
    ('8c591377-7298-4950-86cb-7c742e0c5c06', '6a33d234-38e6-4709-afe6-180f1de7c462', '2025-08-01', 101, 8.85, 0, 0, 599.0, '2025-09-04T12:13:53.245128+00:00'),
    ('2cbc6959-74c0-4afd-981f-a6540af2e0ab', 'a4fd5d68-97ec-429f-b3e9-1ebc952a5a87', '2025-08-01', 10, 6.71, 0, 0, 599.0, '2025-09-04T12:13:53.245128+00:00'),
    ('894ecde3-da71-49b4-ad79-ad770fec7701', '07f96bfd-9641-4f58-adee-c452e50c1edf', '2025-08-01', 92, 4.66, 0, 0, 599.0, '2025-09-04T12:13:53.245128+00:00'),
    ('6e66f876-8a2c-483f-8222-35dc7a2e4ff9', '34c5d36a-02a2-4070-9379-5b34ff4bdf62', '2025-08-01', 65, 7.41, 0, 0, 599.0, '2025-09-04T12:13:53.245128+00:00'),
    ('e83228c1-24b4-4065-95e6-25325090bfc5', 'bf70323d-8c8e-48b3-9eb0-f70b9388e0e5', '2025-08-01', 44, 1.03, 0, 0, 599.0, '2025-09-04T12:13:53.245128+00:00'),
    ('322dbba5-3c19-499a-9db2-f33b842cf664', '7d22caad-74e0-48d0-82dc-92334ec7f6af', '2025-08-01', 64, 4.34, 0, 0, 599.0, '2025-09-04T12:13:53.245128+00:00'),
    ('33784f0a-a788-495a-82d2-7aa46e006cd5', '65dbcd62-3ec4-48ee-ba29-53037965c9c2', '2025-08-01', 18, 10.97, 0, 0, 599.0, '2025-09-04T12:13:53.245128+00:00'),
    ('61cd25a8-5e42-4925-a8be-d1105e1ca84e', '688f29a5-df58-43f2-b17e-105fcf3e6f3e', '2025-08-01', 69, 4.54, 0, 0, 599.0, '2025-09-04T12:13:53.245128+00:00'),
    ('cbf432b4-f5f2-4507-96e0-81e788825301', 'bcd0bcd4-db1e-4468-bf4f-e5fcd5bdacee', '2025-08-01', 42, 10.15, 0, 0, 599.0, '2025-09-04T12:13:53.245128+00:00'),
    ('83d27c55-92b2-411c-a4fc-f7b31e9aa350', '12f559b7-9bcf-4b80-baf5-b7135aade230', '2025-08-01', 102, 8.88, 0, 0, 599.0, '2025-09-04T12:13:53.245128+00:00'),
    ('d0b0a4cd-8c90-4ebd-a98a-8c2f57f1e190', 'ce117b87-d75c-4c8a-b3f5-922ddec539b0', '2025-07-01', 49, 4.33, 0, 0, 599.0, '2025-09-04T12:13:53.245128+00:00'),
    ('6a05366a-5268-4bcd-94d5-6903e18f9f19', '5130549f-4a07-4390-99c1-0442080d378d', '2025-07-01', 104, 9.84, 0, 0, 599.0, '2025-09-04T12:13:53.245128+00:00'),
    ('51ed0242-85db-493a-87ff-500e28c69724', '777586c4-17bc-48cb-9a27-211b5b31a8d7', '2025-07-01', 81, 3.31, 0, 0, 599.0, '2025-09-04T12:13:53.245128+00:00'),
    ('90eac60b-2a20-4352-98bb-8ed1ccc38a47', '6cc197f0-3b5c-4e9a-8e16-c068ebbbf99c', '2025-07-01', 76, 10.69, 0, 0, 599.0, '2025-09-04T12:13:53.245128+00:00'),
    ('2527d563-b373-479d-a6a4-ac69507e8b46', 'e6717583-04f1-4558-b8c8-570cdf80a7fd', '2025-07-01', 27, 8.8, 0, 0, 599.0, '2025-09-04T12:13:53.245128+00:00'),
    ('a5ef824c-064d-4d08-9388-53071f669049', '184ab48c-ced7-4c4f-87ce-caff94b8a683', '2025-07-01', 25, 2.46, 0, 0, 599.0, '2025-09-04T12:13:53.245128+00:00'),
    ('bd7cf47b-fa9c-4020-96ce-5d3b2969fc51', '424d296b-aebf-4bc0-8a29-642c7d03a354', '2025-07-01', 64, 8.14, 0, 0, 599.0, '2025-09-04T12:13:53.245128+00:00'),
    ('09dc5ad9-891e-4313-8064-19d86782f4a8', '2c3fd233-54d8-4893-ae53-021dee133633', '2025-07-01', 27, 5.72, 0, 0, 599.0, '2025-09-04T12:13:53.245128+00:00'),
    ('5f1b5618-4391-4df6-ae96-18586930d377', 'e2aa3c46-9f84-451f-96ed-b8270db11d85', '2025-07-01', 66, 3.22, 0, 0, 599.0, '2025-09-04T12:13:53.245128+00:00'),
    ('8f7e51ff-825b-4365-b32f-a619a6c55a82', 'dc14a58e-646d-4b6a-a959-044520da6c20', '2025-07-01', 59, 3.88, 0, 0, 599.0, '2025-09-04T12:13:53.245128+00:00'),
    ('bad64ea2-0a9c-4a34-861a-b1626f05684f', '6a33d234-38e6-4709-afe6-180f1de7c462', '2025-07-01', 24, 3.47, 0, 0, 599.0, '2025-09-04T12:13:53.245128+00:00'),
    ('39e96c4b-c4cc-405e-ab42-a423ee734175', 'a4fd5d68-97ec-429f-b3e9-1ebc952a5a87', '2025-07-01', 86, 8.44, 0, 0, 599.0, '2025-09-04T12:13:53.245128+00:00'),
    ('c7db74d3-3637-4fc3-a9fa-1d5dfe91c611', '07f96bfd-9641-4f58-adee-c452e50c1edf', '2025-07-01', 77, 6.95, 0, 0, 599.0, '2025-09-04T12:13:53.245128+00:00'),
    ('cacd8536-7fd5-4024-98c0-879865798322', '34c5d36a-02a2-4070-9379-5b34ff4bdf62', '2025-07-01', 26, 7.24, 0, 0, 599.0, '2025-09-04T12:13:53.245128+00:00'),
    ('3aa9d94e-bdaf-406f-9f0c-b7907de784c0', 'bf70323d-8c8e-48b3-9eb0-f70b9388e0e5', '2025-07-01', 38, 1.2, 0, 0, 599.0, '2025-09-04T12:13:53.245128+00:00'),
    ('d187a22a-541f-4165-a6c1-1f70ea1757a7', '7d22caad-74e0-48d0-82dc-92334ec7f6af', '2025-07-01', 21, 10.73, 0, 0, 599.0, '2025-09-04T12:13:53.245128+00:00'),
    ('19daeaaa-8620-4273-bae8-5988374b3787', '65dbcd62-3ec4-48ee-ba29-53037965c9c2', '2025-07-01', 90, 5.18, 0, 0, 599.0, '2025-09-04T12:13:53.245128+00:00'),
    ('1ac60473-1df7-46f4-b740-82705382446b', '688f29a5-df58-43f2-b17e-105fcf3e6f3e', '2025-07-01', 58, 9.77, 0, 0, 599.0, '2025-09-04T12:13:53.245128+00:00'),
    ('296e5a34-44f7-44d0-aa1f-fc28926696a4', 'bcd0bcd4-db1e-4468-bf4f-e5fcd5bdacee', '2025-07-01', 23, 7.47, 0, 0, 599.0, '2025-09-04T12:13:53.245128+00:00'),
    ('0bc2cd9a-a7fe-421f-ab0d-f4e407ad5c8b', '12f559b7-9bcf-4b80-baf5-b7135aade230', '2025-07-01', 106, 5.11, 0, 0, 599.0, '2025-09-04T12:13:53.245128+00:00');

-- Table: organizations (25 rows)
INSERT INTO "organizations" ("id", "name", "created_by", "created_at", "status_id", "industry_type_id") VALUES
    ('ce117b87-d75c-4c8a-b3f5-922ddec539b0', 'Opportunity Finance Network', '633e6379-c82f-4917-8215-6a8f0a7e972f', '2025-09-04T05:09:05.698593+00:00', 'c8c446ab-d63f-4828-99d9-508155b68c14', '2a71fa82-1648-4c82-a887-845ca5722e64'),
    ('5130549f-4a07-4390-99c1-0442080d378d', 'Community Reinvestment Fund', '633e6379-c82f-4917-8215-6a8f0a7e972f', '2025-09-04T05:09:05.698593+00:00', 'c8c446ab-d63f-4828-99d9-508155b68c14', '805b358c-90a7-4bf1-8038-3588a099c8d0'),
    ('777586c4-17bc-48cb-9a27-211b5b31a8d7', 'Enterprise Community Partners', '633e6379-c82f-4917-8215-6a8f0a7e972f', '2025-09-04T05:09:05.698593+00:00', 'c8c446ab-d63f-4828-99d9-508155b68c14', '2a71fa82-1648-4c82-a887-845ca5722e64'),
    ('6cc197f0-3b5c-4e9a-8e16-c068ebbbf99c', 'National Community Investment Fund', '633e6379-c82f-4917-8215-6a8f0a7e972f', '2025-09-04T05:09:05.698593+00:00', 'c8c446ab-d63f-4828-99d9-508155b68c14', '805b358c-90a7-4bf1-8038-3588a099c8d0'),
    ('e6717583-04f1-4558-b8c8-570cdf80a7fd', 'Low Income Investment Fund', '633e6379-c82f-4917-8215-6a8f0a7e972f', '2025-09-04T05:09:05.698593+00:00', 'c8c446ab-d63f-4828-99d9-508155b68c14', '805b358c-90a7-4bf1-8038-3588a099c8d0'),
    ('184ab48c-ced7-4c4f-87ce-caff94b8a683', 'Raza Development Fund', '633e6379-c82f-4917-8215-6a8f0a7e972f', '2025-09-04T05:09:05.698593+00:00', 'c8c446ab-d63f-4828-99d9-508155b68c14', '805b358c-90a7-4bf1-8038-3588a099c8d0'),
    ('424d296b-aebf-4bc0-8a29-642c7d03a354', 'Coastal Community Capital', '633e6379-c82f-4917-8215-6a8f0a7e972f', '2025-09-04T05:09:05.698593+00:00', 'c8c446ab-d63f-4828-99d9-508155b68c14', '2a71fa82-1648-4c82-a887-845ca5722e64'),
    ('2c3fd233-54d8-4893-ae53-021dee133633', 'Mountain West Capital Network', '633e6379-c82f-4917-8215-6a8f0a7e972f', '2025-09-04T05:09:05.698593+00:00', 'c8c446ab-d63f-4828-99d9-508155b68c14', '2a71fa82-1648-4c82-a887-845ca5722e64'),
    ('e2aa3c46-9f84-451f-96ed-b8270db11d85', 'Urban Development Corporation', '633e6379-c82f-4917-8215-6a8f0a7e972f', '2025-09-04T05:09:05.698593+00:00', 'c8c446ab-d63f-4828-99d9-508155b68c14', '2a71fa82-1648-4c82-a887-845ca5722e64'),
    ('dc14a58e-646d-4b6a-a959-044520da6c20', 'Rural Business Investment Partners', '633e6379-c82f-4917-8215-6a8f0a7e972f', '2025-09-04T05:09:05.698593+00:00', 'c8c446ab-d63f-4828-99d9-508155b68c14', '2a71fa82-1648-4c82-a887-845ca5722e64'),
    ('6a33d234-38e6-4709-afe6-180f1de7c462', 'Midwest Community Ventures', '633e6379-c82f-4917-8215-6a8f0a7e972f', '2025-09-04T05:09:05.698593+00:00', 'c8c446ab-d63f-4828-99d9-508155b68c14', '2a71fa82-1648-4c82-a887-845ca5722e64'),
    ('a4fd5d68-97ec-429f-b3e9-1ebc952a5a87', 'Pacific Community Ventures', '633e6379-c82f-4917-8215-6a8f0a7e972f', '2025-09-04T05:09:05.698593+00:00', 'c8c446ab-d63f-4828-99d9-508155b68c14', '2a71fa82-1648-4c82-a887-845ca5722e64'),
    ('07f96bfd-9641-4f58-adee-c452e50c1edf', 'National Development Council', '633e6379-c82f-4917-8215-6a8f0a7e972f', '2025-09-04T05:09:05.698593+00:00', 'c8c446ab-d63f-4828-99d9-508155b68c14', '2a71fa82-1648-4c82-a887-845ca5722e64'),
    ('34c5d36a-02a2-4070-9379-5b34ff4bdf62', 'Community Investment Corporation', '633e6379-c82f-4917-8215-6a8f0a7e972f', '2025-09-04T05:09:05.698593+00:00', 'c8c446ab-d63f-4828-99d9-508155b68c14', '2a71fa82-1648-4c82-a887-845ca5722e64'),
    ('bf70323d-8c8e-48b3-9eb0-f70b9388e0e5', 'Regional Economic Development Inc', '633e6379-c82f-4917-8215-6a8f0a7e972f', '2025-09-04T05:09:05.698593+00:00', 'c8c446ab-d63f-4828-99d9-508155b68c14', '2a71fa82-1648-4c82-a887-845ca5722e64'),
    ('7d22caad-74e0-48d0-82dc-92334ec7f6af', 'Capital Impact Partners', '633e6379-c82f-4917-8215-6a8f0a7e972f', '2025-09-04T05:09:05.698593+00:00', 'c8c446ab-d63f-4828-99d9-508155b68c14', '2a71fa82-1648-4c82-a887-845ca5722e64'),
    ('65dbcd62-3ec4-48ee-ba29-53037965c9c2', 'Grameen America', '633e6379-c82f-4917-8215-6a8f0a7e972f', '2025-09-04T05:09:05.698593+00:00', 'c8c446ab-d63f-4828-99d9-508155b68c14', '4216d314-468c-442b-a751-edb2a38a5af3'),
    ('688f29a5-df58-43f2-b17e-105fcf3e6f3e', 'Kiva Microfunds', '633e6379-c82f-4917-8215-6a8f0a7e972f', '2025-09-04T05:09:05.698593+00:00', 'c8c446ab-d63f-4828-99d9-508155b68c14', '805b358c-90a7-4bf1-8038-3588a099c8d0'),
    ('bcd0bcd4-db1e-4468-bf4f-e5fcd5bdacee', 'Accion USA', '633e6379-c82f-4917-8215-6a8f0a7e972f', '2025-09-04T05:09:05.698593+00:00', 'c8c446ab-d63f-4828-99d9-508155b68c14', '2a71fa82-1648-4c82-a887-845ca5722e64'),
    ('12f559b7-9bcf-4b80-baf5-b7135aade230', 'LiftFund', '633e6379-c82f-4917-8215-6a8f0a7e972f', '2025-09-04T05:09:05.698593+00:00', 'c8c446ab-d63f-4828-99d9-508155b68c14', '805b358c-90a7-4bf1-8038-3588a099c8d0'),
    ('1a89a051-5ef5-44c9-92b5-3ad8816b73d4', 'Metro Community Development Corp', '176bddb2-6a6f-41c5-bc23-294188bfd3a0', '2025-09-05T09:26:39.148176+00:00', 'c8c446ab-d63f-4828-99d9-508155b68c14', '2a71fa82-1648-4c82-a887-845ca5722e64'),
    ('3e2eead9-a9d3-4068-8565-af21df890439', 'Urban Revitalization Fund', '176bddb2-6a6f-41c5-bc23-294188bfd3a0', '2025-09-05T09:26:39.148176+00:00', 'c8c446ab-d63f-4828-99d9-508155b68c14', '805b358c-90a7-4bf1-8038-3588a099c8d0'),
    ('6ad269f8-6a69-4c70-a06b-4f888f79442d', 'Regional Housing Partners', '176bddb2-6a6f-41c5-bc23-294188bfd3a0', '2025-09-05T09:26:39.148176+00:00', 'c8c446ab-d63f-4828-99d9-508155b68c14', '79e54680-2d75-45fe-9b49-9f13368d9940'),
    ('e4e88e7e-5819-46fa-a1c8-3c762c529c21', 'Main Street Microfinance', '176bddb2-6a6f-41c5-bc23-294188bfd3a0', '2025-09-05T09:26:39.148176+00:00', 'c8c446ab-d63f-4828-99d9-508155b68c14', '4216d314-468c-442b-a751-edb2a38a5af3'),
    ('181f361c-b8ba-473d-8ab7-e471b6cb6c64', 'Coastal Economic Development', '176bddb2-6a6f-41c5-bc23-294188bfd3a0', '2025-09-05T09:26:39.148176+00:00', 'c8c446ab-d63f-4828-99d9-508155b68c14', '237084df-4dfc-4d62-a34c-2783659528a6');

-- Table: plan_types (3 rows)
INSERT INTO "plan_types" ("id", "key", "display_name", "description", "monthly_price", "document_limit", "user_limit", "storage_limit_gb", "features", "order_index", "status_id", "created_at") VALUES
    ('07a930a4-7ea2-48fc-a146-74ef657f8830', 'starter', 'Starter Plan', 'Perfect for small CDEs getting started', 199.0, 50, 5, 10, '{"sla": "48_hours", "support": "email", "ai_agents": 1}', 1, 'c8c446ab-d63f-4828-99d9-508155b68c14', '2025-09-04T12:10:59.845951+00:00'),
    ('e32a3bae-a84c-4ea5-a7bf-35a2827f2d8c', 'professional', 'Professional Plan', 'Most popular for active CDEs', 599.0, 500, 25, 100, '{"sla": "24_hours", "support": "priority", "ai_agents": 3, "custom_reports": true}', 2, 'c8c446ab-d63f-4828-99d9-508155b68c14', '2025-09-04T12:10:59.845951+00:00'),
    ('c809472f-8364-48f3-a549-0c2970c020c5', 'enterprise', 'Enterprise Plan', 'For large CDEs with high volume', 1299.0, -1, -1, -1, '{"sla": "4_hours", "support": "dedicated", "ai_agents": 5, "api_access": true, "white_label": true, "custom_reports": true}', 3, 'c8c446ab-d63f-4828-99d9-508155b68c14', '2025-09-04T12:10:59.845951+00:00');

-- Table: prompt_roles (3 rows)
INSERT INTO "prompt_roles" ("id", "key", "display_name", "description", "order_index", "status", "created_by", "created_at") VALUES
    ('10faea6f-82d2-4cee-bd39-8322422296c6', 'document_analyzer', 'Document Analyzer', 'Extracts structured data from uploaded documents', 1, 'active', '633e6379-c82f-4917-8215-6a8f0a7e972f', '2025-09-03T09:49:15.484128+00:00'),
    ('c0432ea0-8430-41bc-92e9-ccfc8df41ecb', 'risk_assessor', 'Risk Assessor', 'Evaluates compliance risks and generates alerts', 2, 'active', '633e6379-c82f-4917-8215-6a8f0a7e972f', '2025-09-03T09:49:15.484128+00:00'),
    ('ba7b5656-c063-40b3-9a1a-db5bd27ff2f1', 'report_generator', 'Report Generator', 'Creates formatted reports from extracted data', 3, 'active', '633e6379-c82f-4917-8215-6a8f0a7e972f', '2025-09-03T09:49:15.484128+00:00');

-- No data in table: prompt_variables

-- Table: queries (62 rows)
INSERT INTO "queries" ("id", "document_type_id", "section_id", "query_key", "question_text", "extractors", "normalizer_hint", "required", "version", "status", "created_at") VALUES
    ('7b90b88b-8b4d-4bd1-befa-c1c363d2a326', '1b2ca84d-b68d-474b-bf52-2457b08d376d', '27d61f08-ee48-4e37-8079-9d3677ad028f', 'PN.PRINCIPAL.AMOUNT', 'What is the principal amount of the note?', '["currency_extract"]', 'currency_percent', TRUE, 1, 'active', '2025-09-01T13:59:32.973158+00:00'),
    ('f4b6eb27-b358-4bc0-86f3-bb1396bb7907', '1b2ca84d-b68d-474b-bf52-2457b08d376d', '27d61f08-ee48-4e37-8079-9d3677ad028f', 'PN.INTEREST.RATE', 'What is the interest rate?', '["percentage_extract"]', 'currency_percent', TRUE, 1, 'active', '2025-09-01T13:59:32.973158+00:00'),
    ('eeec74f0-913d-4103-96a7-6eda354301d1', '1b2ca84d-b68d-474b-bf52-2457b08d376d', '27d61f08-ee48-4e37-8079-9d3677ad028f', 'PN.INTEREST.CALCULATION', 'How is interest calculated?', '["formula_extract", "method_extract"]', NULL, TRUE, 1, 'active', '2025-09-01T13:59:32.973158+00:00'),
    ('1f45fcba-e301-4507-91cb-5f25eb2f6900', '1b2ca84d-b68d-474b-bf52-2457b08d376d', '27d61f08-ee48-4e37-8079-9d3677ad028f', 'PN.INTEREST.BASIS', 'What is the interest calculation basis (360/365)?', '["number_extract", "basis_extract"]', NULL, FALSE, 1, 'active', '2025-09-01T13:59:32.973158+00:00'),
    ('8136e61c-2603-4752-adc2-c917a79d60cf', '1b2ca84d-b68d-474b-bf52-2457b08d376d', '5f45e014-681e-4bfa-8469-b1e8e50c7ce9', 'PN.PAYMENT.SCHEDULE', 'What is the payment schedule?', '["schedule_extract", "frequency_extract"]', 'frequency_phrase_map', TRUE, 1, 'active', '2025-09-01T13:59:32.973158+00:00'),
    ('40fc1624-27e4-4eaf-b023-0ce81672d0b3', '1b2ca84d-b68d-474b-bf52-2457b08d376d', '5f45e014-681e-4bfa-8469-b1e8e50c7ce9', 'PN.PAYMENT.AMOUNT', 'What is the payment amount?', '["currency_extract"]', 'currency_percent', FALSE, 1, 'active', '2025-09-01T13:59:32.973158+00:00'),
    ('5db3ebaa-9d67-4172-9843-e7b007ce2300', '1b2ca84d-b68d-474b-bf52-2457b08d376d', '5f45e014-681e-4bfa-8469-b1e8e50c7ce9', 'PN.PAYMENT.DUE_DATE', 'When are payments due?', '["date_extract", "day_of_month"]', 'due_date_phrase_map', TRUE, 1, 'active', '2025-09-01T13:59:32.973158+00:00'),
    ('2871d31c-d0f7-47b3-b306-452260e5f711', '1b2ca84d-b68d-474b-bf52-2457b08d376d', '5f45e014-681e-4bfa-8469-b1e8e50c7ce9', 'PN.PAYMENT.FIRST_DUE', 'When is the first payment due?', '["date_extract"]', 'due_date_phrase_map', TRUE, 1, 'active', '2025-09-01T13:59:32.973158+00:00'),
    ('fb29d6a6-3c4c-414d-bf17-4e2267d049a4', '1b2ca84d-b68d-474b-bf52-2457b08d376d', 'c73fbff2-acd4-4b36-ab23-a988c545f322', 'PN.MATURITY.DATE', 'What is the maturity date?', '["date_extract"]', 'due_date_phrase_map', TRUE, 1, 'active', '2025-09-01T13:59:32.973158+00:00'),
    ('0876d2ea-ed62-44ce-848c-6f7e98fa6325', '1b2ca84d-b68d-474b-bf52-2457b08d376d', 'c73fbff2-acd4-4b36-ab23-a988c545f322', 'PN.FINAL.PAYMENT_AMOUNT', 'What is the final payment amount?', '["currency_extract"]', 'currency_percent', FALSE, 1, 'active', '2025-09-01T13:59:32.973158+00:00'),
    ('8ec22136-caa1-40fd-b031-9a389e45e696', '1b2ca84d-b68d-474b-bf52-2457b08d376d', 'c73fbff2-acd4-4b36-ab23-a988c545f322', 'PN.PREPAYMENT.PERMITTED', 'Are prepayments permitted?', '["boolean_extract"]', NULL, FALSE, 1, 'active', '2025-09-01T13:59:32.973158+00:00'),
    ('25720d4b-c781-4a2b-bc08-8790ed28bcea', '1b2ca84d-b68d-474b-bf52-2457b08d376d', 'c73fbff2-acd4-4b36-ab23-a988c545f322', 'PN.PREPAYMENT.PENALTIES', 'Are there prepayment penalties?', '["penalty_extract", "currency_extract"]', 'currency_percent', FALSE, 1, 'active', '2025-09-01T13:59:32.973158+00:00'),
    ('964849ba-af07-479e-a7de-f5f404c6873e', '1b2ca84d-b68d-474b-bf52-2457b08d376d', 'c30ca8ff-af7a-4c3e-91d8-604e6b24ff82', 'PN.DEFAULT.CONDITIONS', 'What constitutes default?', '["condition_extract", "bullet_list"]', NULL, TRUE, 1, 'active', '2025-09-01T13:59:32.973158+00:00'),
    ('20c02f4b-8519-4213-ab7b-b33c61b9098e', '1b2ca84d-b68d-474b-bf52-2457b08d376d', 'c30ca8ff-af7a-4c3e-91d8-604e6b24ff82', 'PN.ACCELERATION.RIGHTS', 'What acceleration rights exist?', '["bullet_list"]', NULL, TRUE, 1, 'active', '2025-09-01T13:59:32.973158+00:00'),
    ('a4124c48-c7ad-49f1-8277-f86e4a592fa2', '1b2ca84d-b68d-474b-bf52-2457b08d376d', 'c30ca8ff-af7a-4c3e-91d8-604e6b24ff82', 'PN.DEFAULT.CURE_PERIOD', 'What is the cure period for default?', '["duration_extract"]', NULL, FALSE, 1, 'active', '2025-09-01T13:59:32.973158+00:00'),
    ('f16dc8a5-26a8-4f81-8460-6a6ab6d4c3ee', '1b2ca84d-b68d-474b-bf52-2457b08d376d', '84a6c6d9-1023-449e-8e03-6a41add34d58', 'PN.NOTICE.ADDRESS_PAYEE', 'What is the notice address for the payee?', '["address_extract"]', NULL, TRUE, 1, 'active', '2025-09-01T13:59:32.973158+00:00'),
    ('820b8008-876f-4dbd-b9de-263b31d32231', '1b2ca84d-b68d-474b-bf52-2457b08d376d', '84a6c6d9-1023-449e-8e03-6a41add34d58', 'PN.NOTICE.ADDRESS_MAKER', 'What is the notice address for the maker?', '["address_extract"]', NULL, TRUE, 1, 'active', '2025-09-01T13:59:32.973158+00:00'),
    ('fc726136-ea1a-4152-9522-2ae95e5b3efe', '1b2ca84d-b68d-474b-bf52-2457b08d376d', '84a6c6d9-1023-449e-8e03-6a41add34d58', 'PN.NOTICE.METHODS', 'What notice methods are acceptable?', '["bullet_list"]', NULL, FALSE, 1, 'active', '2025-09-01T13:59:32.973158+00:00'),
    ('0b87dc1f-deb5-4ded-ae5e-06c758ba2cdb', '6593efa6-d380-47a3-a114-b82071d42356', '09c0efb8-bd0d-41e9-a656-1c088de2cfc0', 'CBA.JOBS.FTE_TARGET', 'How many full-time equivalent jobs must be created?', '["number_extract"]', NULL, TRUE, 1, 'active', '2025-09-01T13:59:32.973158+00:00'),
    ('9fb46317-99ce-4365-80b1-3bc68de242e9', '6593efa6-d380-47a3-a114-b82071d42356', '09c0efb8-bd0d-41e9-a656-1c088de2cfc0', 'CBA.JOBS.TIMELINE', 'What is the timeline for job creation?', '["date_extract", "duration_extract"]', 'due_date_phrase_map', TRUE, 1, 'active', '2025-09-01T13:59:32.973158+00:00'),
    ('6415c596-a702-4372-a1d1-485df44353f2', '6593efa6-d380-47a3-a114-b82071d42356', '09c0efb8-bd0d-41e9-a656-1c088de2cfc0', 'CBA.JOBS.WAGE_REQUIREMENTS', 'What are the minimum wage requirements?', '["currency_extract", "wage_extract"]', 'currency_percent', FALSE, 1, 'active', '2025-09-01T13:59:32.973158+00:00'),
    ('a86b1520-4266-4a0b-ade8-5d6250e606bc', '6593efa6-d380-47a3-a114-b82071d42356', '09c0efb8-bd0d-41e9-a656-1c088de2cfc0', 'CBA.JOBS.QUALITY_TARGETS', 'Are there specific job quality targets?', '["bullet_list", "requirement_extract"]', NULL, FALSE, 1, 'active', '2025-09-01T13:59:32.973158+00:00'),
    ('ae3957f9-2435-4cc4-a53f-54008c40b1c4', '6593efa6-d380-47a3-a114-b82071d42356', '09c0efb8-bd0d-41e9-a656-1c088de2cfc0', 'CBA.JOBS.LOCAL_HIRE', 'Is there a local hire requirement?', '["percentage_extract", "requirement_extract"]', 'currency_percent', FALSE, 1, 'active', '2025-09-01T13:59:32.973158+00:00'),
    ('712095cb-217b-49b0-982b-992d7dfe4983', '6593efa6-d380-47a3-a114-b82071d42356', '2bf85907-dd8a-4ffa-8866-1f0acdd34716', 'CBA.MBE.PERCENTAGE', 'What percentage of contracting must go to minority businesses?', '["percentage_extract"]', 'currency_percent', TRUE, 1, 'active', '2025-09-01T13:59:32.973158+00:00'),
    ('b202d336-45fa-4214-b03a-bcc004f0427a', '6593efa6-d380-47a3-a114-b82071d42356', '2bf85907-dd8a-4ffa-8866-1f0acdd34716', 'CBA.LOCAL.PERCENTAGE', 'What percentage of contracting must be local?', '["percentage_extract"]', 'currency_percent', FALSE, 1, 'active', '2025-09-01T13:59:32.973158+00:00'),
    ('7fdb2fcd-1f68-4b9a-afc8-6e0644c2dc9f', '6593efa6-d380-47a3-a114-b82071d42356', '2bf85907-dd8a-4ffa-8866-1f0acdd34716', 'CBA.CONTRACTING.CATEGORIES', 'What categories of work are subject to MBE requirements?', '["bullet_list"]', NULL, TRUE, 1, 'active', '2025-09-01T13:59:32.973158+00:00'),
    ('33f309cc-87a8-40f3-9a85-5b9de565ede6', '6593efa6-d380-47a3-a114-b82071d42356', '2bf85907-dd8a-4ffa-8866-1f0acdd34716', 'CBA.VERIFICATION.MBE', 'How will MBE status be verified?', '["procedure_extract"]', NULL, FALSE, 1, 'active', '2025-09-01T13:59:32.973158+00:00'),
    ('8654f434-cacb-4a16-b53a-c6a11e8d143e', '6593efa6-d380-47a3-a114-b82071d42356', '3105c6e3-c3a1-4e3c-bb94-3a88f4184b72', 'CBA.SERVICES.DESCRIPTION', 'What community services must be provided?', '["bullet_list", "service_extract"]', NULL, TRUE, 1, 'active', '2025-09-01T13:59:32.973158+00:00'),
    ('67eb579f-10ff-4e5e-8fe4-8b5c18c9f66f', '6593efa6-d380-47a3-a114-b82071d42356', '3105c6e3-c3a1-4e3c-bb94-3a88f4184b72', 'CBA.SERVICES.FUNDING_AMOUNT', 'What funding amount is committed to community programs?', '["currency_extract"]', 'currency_percent', FALSE, 1, 'active', '2025-09-01T13:59:32.973158+00:00'),
    ('3b7dcf9c-d7fd-475d-8788-ff5f7a39a2f4', '6593efa6-d380-47a3-a114-b82071d42356', '3105c6e3-c3a1-4e3c-bb94-3a88f4184b72', 'CBA.SERVICES.TARGET_POPULATIONS', 'Which populations are targeted for services?', '["demographic_extract", "bullet_list"]', NULL, FALSE, 1, 'active', '2025-09-01T13:59:32.973158+00:00'),
    ('e0dccf63-0490-450a-87a0-faf225795432', '6593efa6-d380-47a3-a114-b82071d42356', 'fb12d94f-b704-4b81-929f-fa073b892154', 'CBA.REPORT.FREQUENCY', 'How often must impact reports be submitted?', '["frequency_extract"]', 'frequency_phrase_map', TRUE, 1, 'active', '2025-09-01T13:59:32.973158+00:00'),
    ('7fdf06ff-a397-4251-8972-86270a0a6ec9', '6593efa6-d380-47a3-a114-b82071d42356', 'fb12d94f-b704-4b81-929f-fa073b892154', 'CBA.REPORT.METRICS', 'What metrics must be tracked and reported?', '["bullet_list"]', 'metric_synonym', TRUE, 1, 'active', '2025-09-01T13:59:32.973158+00:00'),
    ('b0c98b90-b735-4a55-a07a-30276ec5c5b3', '6593efa6-d380-47a3-a114-b82071d42356', 'fb12d94f-b704-4b81-929f-fa073b892154', 'CBA.REPORT.DUE_DATE', 'When are impact reports due?', '["date_extract", "relative_date"]', 'due_date_phrase_map', TRUE, 1, 'active', '2025-09-01T13:59:32.973158+00:00'),
    ('c9fd81eb-9f8b-4ecc-935f-638411d54d0d', '6593efa6-d380-47a3-a114-b82071d42356', 'fb12d94f-b704-4b81-929f-fa073b892154', 'CBA.REPORT.FORMAT', 'What format must impact reports follow?', '["format_extract", "template_extract"]', NULL, FALSE, 1, 'active', '2025-09-01T13:59:32.973158+00:00'),
    ('e5a79965-9a64-4862-b060-e44adc043e92', '6593efa6-d380-47a3-a114-b82071d42356', 'b4975104-e75d-42e3-85ae-a1cbd591a42a', 'CBA.VERIFICATION.METHODS', 'How will impact data be verified?', '["procedure_extract", "bullet_list"]', NULL, FALSE, 1, 'active', '2025-09-01T13:59:32.973158+00:00'),
    ('4da30c6a-c415-462b-b504-1591c6558682', '6593efa6-d380-47a3-a114-b82071d42356', 'b4975104-e75d-42e3-85ae-a1cbd591a42a', 'CBA.MONITORING.FREQUENCY', 'How often will monitoring occur?', '["frequency_extract"]', 'frequency_phrase_map', FALSE, 1, 'active', '2025-09-01T13:59:32.973158+00:00'),
    ('b68e430e-16ac-409e-a332-5e0f5c7e27d4', '6593efa6-d380-47a3-a114-b82071d42356', 'b4975104-e75d-42e3-85ae-a1cbd591a42a', 'CBA.AUDIT.REQUIREMENTS', 'Are third-party audits required?', '["boolean_extract", "requirement_extract"]', NULL, FALSE, 1, 'active', '2025-09-01T13:59:32.973158+00:00'),
    ('b9116792-1e0e-40c8-a73d-66a03578115c', '6593efa6-d380-47a3-a114-b82071d42356', '2c03b63d-92b9-468f-b7e1-9a20c66d21c9', 'CBA.ENFORCE.PENALTIES', 'What penalties apply for non-compliance?', '["penalty_extract", "currency_extract"]', 'currency_percent', FALSE, 1, 'active', '2025-09-01T13:59:32.973158+00:00'),
    ('e0a12009-ec54-47a4-81b3-009ab595eb42', '6593efa6-d380-47a3-a114-b82071d42356', '2c03b63d-92b9-468f-b7e1-9a20c66d21c9', 'CBA.ENFORCE.REMEDIES', 'What enforcement remedies are available?', '["bullet_list"]', NULL, TRUE, 1, 'active', '2025-09-01T13:59:32.973158+00:00'),
    ('32f65094-261f-4ea6-9ef0-1c18cc25b27a', '6593efa6-d380-47a3-a114-b82071d42356', '2c03b63d-92b9-468f-b7e1-9a20c66d21c9', 'CBA.ENFORCE.LIQUIDATED_DAMAGES', 'Are there liquidated damages for non-performance?', '["currency_extract", "penalty_extract"]', 'currency_percent', FALSE, 1, 'active', '2025-09-01T13:59:32.973158+00:00'),
    ('96f661ed-b57d-4a9d-9a75-8d4365f7d2d3', '6593efa6-d380-47a3-a114-b82071d42356', '2c03b63d-92b9-468f-b7e1-9a20c66d21c9', 'CBA.CURE.PERIOD', 'What is the cure period for non-compliance?', '["duration_extract"]', NULL, FALSE, 1, 'active', '2025-09-01T13:59:32.973158+00:00'),
    ('08584c99-6648-4758-988b-0686caf3e412', '99ea58ee-cd8a-4b53-9911-3aff39c2c1e7', '103f1c5c-95f2-45e8-aa58-162394170052', 'QC.INCOME.PERCENTAGE_COMPLIANCE', 'What percentage of gross income derives from qualifying activities?', '["percentage_extract"]', 'currency_percent', TRUE, 1, 'active', '2025-09-01T13:59:32.973158+00:00'),
    ('b5659355-2b25-46f8-8b33-9f9a3b7f6db9', '99ea58ee-cd8a-4b53-9911-3aff39c2c1e7', '103f1c5c-95f2-45e8-aa58-162394170052', 'QC.INCOME.QUALIFYING_ACTIVITIES', 'What activities qualify for the gross income test?', '["bullet_list"]', NULL, TRUE, 1, 'active', '2025-09-01T13:59:32.973158+00:00'),
    ('256b81b6-efb9-4029-b6d6-fb85bea544f2', '99ea58ee-cd8a-4b53-9911-3aff39c2c1e7', '103f1c5c-95f2-45e8-aa58-162394170052', 'QC.INCOME.CERTIFICATION_DATE', 'What is the certification date for income test compliance?', '["date_extract"]', 'due_date_phrase_map', TRUE, 1, 'active', '2025-09-01T13:59:32.973158+00:00'),
    ('bf2d634d-0fc9-4edc-bc6a-9fc78d8ecf8e', '99ea58ee-cd8a-4b53-9911-3aff39c2c1e7', '103f1c5c-95f2-45e8-aa58-162394170052', 'QC.INCOME.TESTING_PERIOD', 'What period is covered by the gross income test?', '["date_range_extract"]', NULL, TRUE, 1, 'active', '2025-09-01T13:59:32.973158+00:00'),
    ('4bdaa495-501d-4eb9-bd8b-754d69f73350', '99ea58ee-cd8a-4b53-9911-3aff39c2c1e7', '56ba1856-5208-4ee5-98a9-ae938b6fe44b', 'QC.PROPERTY.PERCENTAGE_COMPLIANCE', 'What percentage of tangible property is located in qualifying areas?', '["percentage_extract"]', 'currency_percent', TRUE, 1, 'active', '2025-09-01T13:59:32.973158+00:00'),
    ('dc4016c0-9ec7-4f6a-bbaf-bb43f9d074f1', '99ea58ee-cd8a-4b53-9911-3aff39c2c1e7', '56ba1856-5208-4ee5-98a9-ae938b6fe44b', 'QC.PROPERTY.LOCATION_DESCRIPTION', 'Where is the qualifying tangible property located?', '["address_extract", "geographic_extract"]', NULL, TRUE, 1, 'active', '2025-09-01T13:59:32.973158+00:00'),
    ('09f5788c-fec6-4830-a116-d9fd7d6639b9', '99ea58ee-cd8a-4b53-9911-3aff39c2c1e7', '56ba1856-5208-4ee5-98a9-ae938b6fe44b', 'QC.PROPERTY.TOTAL_VALUE', 'What is the total value of tangible property?', '["currency_extract"]', 'currency_percent', FALSE, 1, 'active', '2025-09-01T13:59:32.973158+00:00'),
    ('61569f9e-5e66-49bd-a378-5ca1a81a6291', '99ea58ee-cd8a-4b53-9911-3aff39c2c1e7', 'f33650f3-0193-40ac-be0d-67a6d14a5ef1', 'QC.SERVICES.PERCENTAGE_COMPLIANCE', 'What percentage of services are provided to qualifying populations?', '["percentage_extract"]', 'currency_percent', TRUE, 1, 'active', '2025-09-01T13:59:32.973158+00:00'),
    ('85d84ce3-ea95-4a70-840d-1b97c602350f', '99ea58ee-cd8a-4b53-9911-3aff39c2c1e7', 'f33650f3-0193-40ac-be0d-67a6d14a5ef1', 'QC.SERVICES.DESCRIPTION', 'What qualifying services are provided?', '["bullet_list", "service_extract"]', NULL, TRUE, 1, 'active', '2025-09-01T13:59:32.973158+00:00'),
    ('b1b46a46-b61a-4045-a5ca-9da3abe371a9', '99ea58ee-cd8a-4b53-9911-3aff39c2c1e7', 'f33650f3-0193-40ac-be0d-67a6d14a5ef1', 'QC.SERVICES.GEOGRAPHIC_AREA', 'In what geographic areas are services provided?', '["geographic_extract"]', NULL, TRUE, 1, 'active', '2025-09-01T13:59:32.973158+00:00'),
    ('e8c5af0f-87e6-4775-bc16-a83a052485f7', '99ea58ee-cd8a-4b53-9911-3aff39c2c1e7', '3805d2e7-8f48-4e19-a83d-229ca03785ff', 'QC.RECERT.DUE_DATE', 'When is the annual recertification due?', '["date_extract"]', 'due_date_phrase_map', TRUE, 1, 'active', '2025-09-01T13:59:32.973158+00:00'),
    ('71217d22-df4a-4bd7-9ab2-9471006f8577', '99ea58ee-cd8a-4b53-9911-3aff39c2c1e7', '3805d2e7-8f48-4e19-a83d-229ca03785ff', 'QC.RECERT.CERTIFICATION_AUTHORITY', 'Who provides the annual certification?', '["entity_extract"]', 'party_map', TRUE, 1, 'active', '2025-09-01T13:59:32.973158+00:00'),
    ('46102dfb-f7ae-4171-b809-6c57a0c1fe5b', '99ea58ee-cd8a-4b53-9911-3aff39c2c1e7', '3805d2e7-8f48-4e19-a83d-229ca03785ff', 'QC.RECERT.REQUIRED_DOCUMENTATION', 'What documentation is required for recertification?', '["bullet_list"]', NULL, TRUE, 1, 'active', '2025-09-01T13:59:32.973158+00:00'),
    ('398eea72-cd07-4e7d-90e9-8bcdfac6ed2f', '99ea58ee-cd8a-4b53-9911-3aff39c2c1e7', '3805d2e7-8f48-4e19-a83d-229ca03785ff', 'QC.RECERT.TESTING_PERIODS', 'What periods must be covered in annual recertification?', '["date_range_extract"]', NULL, TRUE, 1, 'active', '2025-09-01T13:59:32.973158+00:00'),
    ('c1674856-c6b1-439e-8eb5-3c8aea697730', '99ea58ee-cd8a-4b53-9911-3aff39c2c1e7', 'a6fdf691-8e85-4076-a1db-a603e12d6e1a', 'QC.PROHIBITED.SIN_BUSINESS_CHECK', 'Does the certification confirm no sin business involvement?', '["boolean_extract"]', NULL, TRUE, 1, 'active', '2025-09-01T13:59:32.973158+00:00'),
    ('40f04cf6-add3-4285-b7c8-86acad3d0a43', '99ea58ee-cd8a-4b53-9911-3aff39c2c1e7', 'a6fdf691-8e85-4076-a1db-a603e12d6e1a', 'QC.PROHIBITED.EXCLUDED_ACTIVITIES', 'What business activities are specifically excluded?', '["bullet_list"]', NULL, FALSE, 1, 'active', '2025-09-01T13:59:32.973158+00:00'),
    ('4c080b08-83a3-4b90-b2c7-bb3fec7418ae', '99ea58ee-cd8a-4b53-9911-3aff39c2c1e7', 'a6fdf691-8e85-4076-a1db-a603e12d6e1a', 'QC.PROHIBITED.LEASE_RESTRICTIONS', 'Are there restrictions on leasing to prohibited businesses?', '["restriction_extract"]', NULL, FALSE, 1, 'active', '2025-09-01T13:59:32.973158+00:00'),
    ('d1abe208-7ab1-41ae-a11f-f9388699977c', '99ea58ee-cd8a-4b53-9911-3aff39c2c1e7', 'cafcac74-10e0-459c-9a36-65946ae13e1e', 'QC.NQFP.PERCENTAGE_TEST', 'What percentage of assets are nonqualified financial property?', '["percentage_extract"]', 'currency_percent', TRUE, 1, 'active', '2025-09-01T13:59:32.973158+00:00'),
    ('6c89020f-9bfb-4426-a017-528c2d0a9b09', '99ea58ee-cd8a-4b53-9911-3aff39c2c1e7', 'cafcac74-10e0-459c-9a36-65946ae13e1e', 'QC.NQFP.ASSET_DESCRIPTION', 'What types of nonqualified financial property exist?', '["bullet_list", "asset_extract"]', NULL, FALSE, 1, 'active', '2025-09-01T13:59:32.973158+00:00'),
    ('6f4e087f-825a-4b00-a32d-8c4c4108b29d', '99ea58ee-cd8a-4b53-9911-3aff39c2c1e7', 'cafcac74-10e0-459c-9a36-65946ae13e1e', 'QC.NQFP.COMPLIANCE_THRESHOLD', 'What is the maximum allowed percentage of NQFP?', '["percentage_extract"]', 'currency_percent', TRUE, 1, 'active', '2025-09-01T13:59:32.973158+00:00'),
    ('b2e734dd-0920-4570-94c4-219b13d5fdd5', '76a27d1d-a098-46e4-ad1c-f2542b115eb0', 'd2970339-79d4-41e5-bc31-d0adbde4f625', 'w', 'what is working', '["sample"]', 'text', FALSE, 1, 'active', '2025-09-04T15:42:46.139764+00:00');

-- No data in table: recent_admin_activity

-- Table: recurrence_rules (6 rows)
INSERT INTO "recurrence_rules" ("id", "frequency", "periods_per_year", "scheduler_logic", "default_period_endpoints", "version", "status", "created_at") VALUES
    ('de3c5020-6789-4889-bd1e-93b044a2dcb9', 'annual', 1, 'Single occurrence per calendar year based on specified due date', 'December 31', 1, 'active', '2025-09-01T14:48:00.166297+00:00'),
    ('75c7cd9c-4ce1-4ec1-af61-8cc0ffa4aba7', 'quarterly', 4, 'Four occurrences per calendar year: Q1, Q2, Q3, Q4 endings', 'March 31, June 30, September 30, December 31', 1, 'active', '2025-09-01T14:48:00.166297+00:00'),
    ('d58ddd87-34df-4a98-8868-c3115e51e7d0', 'monthly', 12, 'Twelve occurrences per calendar year on specified day of month', 'End of each month or specified day', 1, 'active', '2025-09-01T14:48:00.166297+00:00'),
    ('3d2e054d-4c45-4bbe-a211-e2ec60f8f11f', 'semi_annual', 2, 'Two occurrences per calendar year: mid-year and year-end', 'June 30, December 31', 1, 'active', '2025-09-01T14:48:00.166297+00:00'),
    ('410b68c6-cd55-4a37-bbaf-e14a55e4aa1d', 'one_time', 1, 'Single occurrence on specified date with no recurrence', 'Specified due date only', 1, 'active', '2025-09-01T14:48:00.166297+00:00'),
    ('d5486e0e-b2e9-404a-9d54-7c4745a7b374', 'on_demand', 0, 'No fixed schedule - triggered by events or conditions', 'Event-driven timing', 1, 'active', '2025-09-01T14:48:00.166297+00:00');

-- No data in table: report_definitions

-- No data in table: report_mappings

-- Table: sections (33 rows)
INSERT INTO "sections" ("id", "document_type_id", "canonical_name", "order_no", "anchor_patterns", "ml_fallback_model", "notes", "version", "created_at") VALUES
    ('d2970339-79d4-41e5-bc31-d0adbde4f625', '76a27d1d-a098-46e4-ad1c-f2542b115eb0', 'Allocation Terms & Authority', 1, '["Section 1", "Allocation", "Authority", "Credit Authority"]', 'gpt-4', 'Core allocation amount and QEI issuance authority', 1, '2025-09-01T13:50:54.88948+00:00'),
    ('a8772e43-5e52-4acb-b08a-c9ecac27d1d9', '76a27d1d-a098-46e4-ad1c-f2542b115eb0', 'QEI Issuance Requirements', 2, '["Section 2", "QEI", "Qualified Equity Investment"]', 'gpt-4', 'QEI timing deadlines and issuance requirements', 1, '2025-09-01T13:50:54.88948+00:00'),
    ('1cd006ac-e341-43e1-9d85-42ef5c0bc7af', '76a27d1d-a098-46e4-ad1c-f2542b115eb0', 'Reporting & Compliance', 3, '["Section 3", "Reporting", "Compliance Report"]', 'gpt-4', 'Annual reporting schedules and compliance requirements', 1, '2025-09-01T13:50:54.88948+00:00'),
    ('cabb92ac-4219-46ab-a34b-2d5f6ce7dc4d', '76a27d1d-a098-46e4-ad1c-f2542b115eb0', 'Community Impact Requirements', 4, '["Section 4", "Community Impact", "Targeted Population"]', 'gpt-4', 'Community development and impact measurement requirements', 1, '2025-09-01T13:50:54.88948+00:00'),
    ('e1bef201-4bf4-434b-abd6-8e78f103f8ef', '76a27d1d-a098-46e4-ad1c-f2542b115eb0', 'Recapture & Penalty Provisions', 5, '["Section 5", "Recapture", "Penalty", "Default"]', 'gpt-4', 'Recapture triggers and penalty calculations', 1, '2025-09-01T13:50:54.88948+00:00'),
    ('fdf5359c-da98-4d45-8694-9738c07b2151', '76a27d1d-a098-46e4-ad1c-f2542b115eb0', 'Targeted Populations & Geography', 6, '["Targeted Populations", "Rural Percentage", "Service Area"]', 'gpt-4', 'Geographic and population targeting requirements', 1, '2025-09-01T13:50:54.88948+00:00'),
    ('ad50337d-b68c-4e06-8bca-a97d9ec43181', '76a27d1d-a098-46e4-ad1c-f2542b115eb0', 'Fees & Administrative Costs', 7, '["Fees", "Administrative Costs", "CDFI Fund Fees"]', 'gpt-4', 'Fee limitations and administrative cost caps', 1, '2025-09-01T13:50:54.88948+00:00'),
    ('8a25d070-4c52-45eb-839c-e75fc13adf3b', '36600bda-690a-45f5-b44f-ae19d0a46242', 'Loan Terms & Conditions', 1, '["Article I", "Loan Terms", "Principal Amount"]', 'gpt-4', 'Loan amount, interest rate, maturity date', 1, '2025-09-01T13:50:54.88948+00:00'),
    ('67cc0de8-aa42-414b-ab30-bde3afca00ba', '36600bda-690a-45f5-b44f-ae19d0a46242', 'Use of Proceeds & QALICB Requirements', 2, '["Article II", "Use of Proceeds", "QALICB"]', 'gpt-4', 'Qualified use restrictions and QALICB compliance', 1, '2025-09-01T13:50:54.88948+00:00'),
    ('40ff5131-6c13-45cf-9265-c291a7bc5f44', '36600bda-690a-45f5-b44f-ae19d0a46242', 'Payment & Amortization', 3, '["Article III", "Payment", "Amortization"]', 'gpt-4', 'Payment schedules and amortization terms', 1, '2025-09-01T13:50:54.88948+00:00'),
    ('4952ad0f-62e1-4b3a-b68d-016b2718a9e3', '36600bda-690a-45f5-b44f-ae19d0a46242', 'Covenants & Ongoing Obligations', 4, '["Article IV", "Covenants", "Ongoing Obligations"]', 'gpt-4', 'Financial and operational covenants', 1, '2025-09-01T13:50:54.88948+00:00'),
    ('f4c931ca-9f73-4041-966d-240331fd905a', '36600bda-690a-45f5-b44f-ae19d0a46242', 'Events of Default & Remedies', 5, '["Article V", "Default", "Event of Default"]', 'gpt-4', 'Default triggers and lender remedies', 1, '2025-09-01T13:50:54.88948+00:00'),
    ('ff386cb6-c7cb-4fc1-9d3e-33e4f0372b22', '36600bda-690a-45f5-b44f-ae19d0a46242', 'Collateral & Security', 6, '["Collateral", "Security Agreement", "UCC"]', 'gpt-4', 'Collateral description and security provisions', 1, '2025-09-01T13:50:54.88948+00:00'),
    ('c959b966-2828-4455-abe7-a45bf7e5ff3b', '36600bda-690a-45f5-b44f-ae19d0a46242', 'Insurance Requirements', 7, '["Insurance", "Coverage", "Certificates"]', 'gpt-4', 'Required insurance coverages and limits', 1, '2025-09-01T13:50:54.88948+00:00'),
    ('43eb2050-74d5-43a5-ab62-f4bd49be8da5', '36600bda-690a-45f5-b44f-ae19d0a46242', 'Representations & Warranties', 8, '["Representations", "Warranties", "True Debt"]', 'gpt-4', 'Legal representations and warranties', 1, '2025-09-01T13:50:54.88948+00:00'),
    ('cd0daee1-4251-4990-b0d6-4b98a7b67eb6', '36600bda-690a-45f5-b44f-ae19d0a46242', 'Subordination Provisions', 9, '["Subordination", "Intercreditor", "Priority"]', 'gpt-4', 'Subordination and intercreditor arrangements', 1, '2025-09-01T13:50:54.88948+00:00'),
    ('27d61f08-ee48-4e37-8079-9d3677ad028f', '1b2ca84d-b68d-474b-bf52-2457b08d376d', 'Principal Amount & Interest', 1, '["Principal", "Interest Rate", "Amount"]', 'gpt-4', 'Note principal and interest calculation', 1, '2025-09-01T13:50:54.88948+00:00'),
    ('5f45e014-681e-4bfa-8469-b1e8e50c7ce9', '1b2ca84d-b68d-474b-bf52-2457b08d376d', 'Payment Terms & Schedule', 2, '["Payment", "Due Date", "Installment", "Schedule"]', 'gpt-4', 'Payment dates and installment structure', 1, '2025-09-01T13:50:54.88948+00:00'),
    ('c73fbff2-acd4-4b36-ab23-a988c545f322', '1b2ca84d-b68d-474b-bf52-2457b08d376d', 'Maturity & Final Payment', 3, '["Maturity", "Final Payment", "Due"]', 'gpt-4', 'Maturity date and final payment terms', 1, '2025-09-01T13:50:54.88948+00:00'),
    ('c30ca8ff-af7a-4c3e-91d8-604e6b24ff82', '1b2ca84d-b68d-474b-bf52-2457b08d376d', 'Default & Acceleration', 4, '["Default", "Acceleration", "Event"]', 'gpt-4', 'Default provisions and acceleration rights', 1, '2025-09-01T13:50:54.88948+00:00'),
    ('84a6c6d9-1023-449e-8e03-6a41add34d58', '1b2ca84d-b68d-474b-bf52-2457b08d376d', 'Notice Provisions', 5, '["Notice", "Notices", "Address"]', 'gpt-4', 'Notice requirements and procedures', 1, '2025-09-01T13:50:54.88948+00:00'),
    ('2bf85907-dd8a-4ffa-8866-1f0acdd34716', '6593efa6-d380-47a3-a114-b82071d42356', 'Minority & Local Business Requirements', 2, '["Minority Business", "Local Business", "MBE", "DBE"]', 'gpt-4', 'Minority and local contracting requirements', 1, '2025-09-01T13:50:54.88948+00:00'),
    ('3105c6e3-c3a1-4e3c-bb94-3a88f4184b72', '6593efa6-d380-47a3-a114-b82071d42356', 'Community Services & Programs', 3, '["Community Services", "Programs", "Social Services"]', 'gpt-4', 'Community service delivery commitments', 1, '2025-09-01T13:50:54.88948+00:00'),
    ('fb12d94f-b704-4b81-929f-fa073b892154', '6593efa6-d380-47a3-a114-b82071d42356', 'Impact Reporting & Measurement', 4, '["Impact Report", "Measurement", "Metrics", "KPIs"]', 'gpt-4', 'Impact measurement and reporting schedules', 1, '2025-09-01T13:50:54.88948+00:00'),
    ('b4975104-e75d-42e3-85ae-a1cbd591a42a', '6593efa6-d380-47a3-a114-b82071d42356', 'Verification & Monitoring', 5, '["Verification", "Monitoring", "Audit", "Third Party"]', 'gpt-4', 'Impact verification and monitoring procedures', 1, '2025-09-01T13:50:54.88948+00:00'),
    ('2c03b63d-92b9-468f-b7e1-9a20c66d21c9', '6593efa6-d380-47a3-a114-b82071d42356', 'Enforcement & Remedies', 6, '["Enforcement", "Remedy", "Breach", "Non-compliance"]', 'gpt-4', 'Enforcement mechanisms for community commitments', 1, '2025-09-01T13:50:54.88948+00:00'),
    ('103f1c5c-95f2-45e8-aa58-162394170052', '99ea58ee-cd8a-4b53-9911-3aff39c2c1e7', 'Gross Income Test', 1, '["Gross Income", "70%", "Low-Income Community"]', 'gpt-4', 'IRC Section 45D gross income requirements', 1, '2025-09-01T13:50:54.88948+00:00'),
    ('56ba1856-5208-4ee5-98a9-ae938b6fe44b', '99ea58ee-cd8a-4b53-9911-3aff39c2c1e7', 'Tangible Property Test', 2, '["Tangible Property", "40%", "Property Test"]', 'gpt-4', 'Tangible property location requirements', 1, '2025-09-01T13:50:54.88948+00:00'),
    ('f33650f3-0193-40ac-be0d-67a6d14a5ef1', '99ea58ee-cd8a-4b53-9911-3aff39c2c1e7', 'Services Test', 3, '["Services", "Service Test", "Community Services"]', 'gpt-4', 'Qualifying service delivery requirements', 1, '2025-09-01T13:50:54.88948+00:00'),
    ('3805d2e7-8f48-4e19-a83d-229ca03785ff', '99ea58ee-cd8a-4b53-9911-3aff39c2c1e7', 'Annual Recertification', 4, '["Annual", "Recertification", "Certification"]', 'gpt-4', 'Annual QALICB status recertification process', 1, '2025-09-01T13:50:54.88948+00:00'),
    ('a6fdf691-8e85-4076-a1db-a603e12d6e1a', '99ea58ee-cd8a-4b53-9911-3aff39c2c1e7', 'Prohibited Business Activities', 5, '["Prohibited", "Sin Business", "Excluded"]', 'gpt-4', 'Prohibited business activity certifications', 1, '2025-09-01T13:50:54.88948+00:00'),
    ('cafcac74-10e0-459c-9a36-65946ae13e1e', '99ea58ee-cd8a-4b53-9911-3aff39c2c1e7', 'Nonqualified Financial Property', 6, '["NQFP", "Financial Property", "Nonqualified"]', 'gpt-4', 'Nonqualified financial property test', 1, '2025-09-01T13:50:54.88948+00:00'),
    ('09c0efb8-bd0d-41e9-a656-1c088de2cfc0', '6593efa6-d380-47a3-a114-b82071d42356', 'Job Creation Commitments', 1, '["Job Creation", "Employment", "FTE", "Jobs", "XYZ"]', 'gpt-4', 'Full-time equivalent job creation targets', 1, '2025-09-01T13:50:54.88948+00:00');

-- Table: status_types (2 rows)
INSERT INTO "status_types" ("id", "key", "display_name", "description", "order_index", "created_at") VALUES
    ('c8c446ab-d63f-4828-99d9-508155b68c14', 'active', 'Active', 'Entity is active and available', 1, '2025-09-03T14:10:15.729197+00:00'),
    ('7ba89cb1-013f-4fc0-b6b9-5f76dc2af711', 'inactive', 'Inactive', 'Entity is inactive and hidden', 2, '2025-09-03T14:10:15.729197+00:00');

-- Table: superadmins (1 rows)
INSERT INTO "superadmins" ("user_id", "created_at") VALUES
    ('176bddb2-6a6f-41c5-bc23-294188bfd3a0', '2025-09-03T17:01:07+00:00');

-- No data in table: system_alerts

-- Table: system_health_summary (1 rows)
INSERT INTO "system_health_summary" ("active_organizations", "total_users", "documents_this_month", "queue_depth", "success_rate_percent", "current_mrr", "total_storage_gb", "last_updated") VALUES
    (25, 31, 5, 26, 75.2, 14975.0, 130.79, '2025-09-08T13:34:37.776502+00:00');

-- Table: system_metrics (2880 rows)
INSERT INTO "system_metrics" ("id", "metric_name", "metric_value", "metric_unit", "recorded_at", "metadata") VALUES
    ('25160959-08b7-4137-9cc1-95f5ce81a06b', 'response_time_ms', 147.162454206524, 'milliseconds', '2025-09-04T17:31:15.341316+00:00', '{}'),
    ('49f7f7ad-d8e1-4d84-a1f0-e228b7068528', 'response_time_ms', 140.846356282215, 'milliseconds', '2025-09-04T16:31:15.341316+00:00', '{}'),
    ('db116af0-5900-4d85-8fbd-957f441d9a79', 'response_time_ms', 158.462102476459, 'milliseconds', '2025-09-04T15:31:15.341316+00:00', '{}'),
    ('67abadf2-5c01-4c93-98b9-2b9de368fff1', 'response_time_ms', 148.426248785218, 'milliseconds', '2025-09-04T14:31:15.341316+00:00', '{}'),
    ('71b6473d-6897-4804-91dc-08d8bd1d825b', 'response_time_ms', 152.395664546757, 'milliseconds', '2025-09-04T13:31:15.341316+00:00', '{}'),
    ('2b3ec942-1d63-4330-a46f-8bba09113e8a', 'response_time_ms', 148.075004084955, 'milliseconds', '2025-09-04T12:31:15.341316+00:00', '{}'),
    ('7937d3cb-eae3-4548-af33-eab0209a6292', 'response_time_ms', 146.48438016948, 'milliseconds', '2025-09-04T11:31:15.341316+00:00', '{}'),
    ('3fd0e7a8-1120-453c-a686-5dd7942243cc', 'response_time_ms', 149.513379932546, 'milliseconds', '2025-09-04T10:31:15.341316+00:00', '{}'),
    ('16a85ce6-a2c5-4e25-8093-57822f688c10', 'response_time_ms', 145.424461772797, 'milliseconds', '2025-09-04T09:31:15.341316+00:00', '{}'),
    ('8651b390-21a7-400c-aadb-c469d4edfae8', 'response_time_ms', 147.055912644286, 'milliseconds', '2025-09-04T08:31:15.341316+00:00', '{}'),
    ('78d5f426-1d22-47d2-b3cd-6a0db6ded767', 'response_time_ms', 152.568721406438, 'milliseconds', '2025-09-04T07:31:15.341316+00:00', '{}'),
    ('5396d3b6-5503-4f82-8552-90baf17b92de', 'response_time_ms', 142.589151754429, 'milliseconds', '2025-09-04T06:31:15.341316+00:00', '{}'),
    ('b4e3d1aa-7b9d-4f00-b0b9-989d614d5a03', 'response_time_ms', 141.099507741146, 'milliseconds', '2025-09-04T05:31:15.341316+00:00', '{}'),
    ('6ad01e1b-4dff-4574-8052-a390c7ae7692', 'response_time_ms', 142.0753100878, 'milliseconds', '2025-09-04T04:31:15.341316+00:00', '{}'),
    ('ac8c40ae-2824-425f-bfc0-491d2c1c6205', 'response_time_ms', 146.225634087157, 'milliseconds', '2025-09-04T03:31:15.341316+00:00', '{}'),
    ('9b0539b2-f73c-4be8-add1-105ab817734d', 'response_time_ms', 145.736292518538, 'milliseconds', '2025-09-04T02:31:15.341316+00:00', '{}'),
    ('8bdc0dc6-c0be-4554-aabf-3fe599f7a1c6', 'response_time_ms', 159.273029060514, 'milliseconds', '2025-09-04T01:31:15.341316+00:00', '{}'),
    ('cb5dd4cd-1e65-4111-9a47-f22f475adc85', 'response_time_ms', 150.309128557893, 'milliseconds', '2025-09-04T00:31:15.341316+00:00', '{}'),
    ('104fe58f-65e7-4e2a-87cc-787944bd99f9', 'response_time_ms', 154.283022639841, 'milliseconds', '2025-09-03T23:31:15.341316+00:00', '{}'),
    ('0353309f-643d-484c-941b-5169f4de9032', 'response_time_ms', 159.647761968925, 'milliseconds', '2025-09-03T22:31:15.341316+00:00', '{}'),
    ('1d5ca408-8fc3-4759-b213-7d527da22b38', 'response_time_ms', 154.047791360685, 'milliseconds', '2025-09-03T21:31:15.341316+00:00', '{}'),
    ('5e5a0c4c-edca-47d4-bdd4-1ef6c575116f', 'response_time_ms', 151.742785058082, 'milliseconds', '2025-09-03T20:31:15.341316+00:00', '{}'),
    ('5d3e8574-c6bb-450b-a180-d3af501a509e', 'response_time_ms', 156.408497361196, 'milliseconds', '2025-09-03T19:31:15.341316+00:00', '{}'),
    ('b60017ae-8e25-4338-a89c-3e70cfc93032', 'response_time_ms', 146.952763039714, 'milliseconds', '2025-09-03T18:31:15.341316+00:00', '{}'),
    ('d8e7a579-63d2-407a-8365-d6ba781ebee5', 'error_rate_percent', -3.5083029276154, 'percent', '2025-09-04T17:31:15.341316+00:00', '{}'),
    ('d978d069-f9c7-46fc-ac70-34dc082e52d7', 'error_rate_percent', -8.2307920992325, 'percent', '2025-09-04T16:31:15.341316+00:00', '{}'),
    ('80c9904e-f7df-4459-b1c2-38c1f399d029', 'error_rate_percent', 2.44151569695826, 'percent', '2025-09-04T15:31:15.341316+00:00', '{}'),
    ('6b065677-053b-47f5-97b8-8481120305c8', 'error_rate_percent', 4.91483106497133, 'percent', '2025-09-04T14:31:15.341316+00:00', '{}'),
    ('22bc24f1-9196-4e54-a0c1-86859ff1e7b8', 'error_rate_percent', -5.50323494807482, 'percent', '2025-09-04T13:31:15.341316+00:00', '{}'),
    ('775acd81-abc7-4b8d-ad70-18cdb735d1c4', 'error_rate_percent', -2.20664488301489, 'percent', '2025-09-04T12:31:15.341316+00:00', '{}'),
    ('71fddd7f-3c32-46c9-b042-84b2d267dc08', 'error_rate_percent', -1.01986881208602, 'percent', '2025-09-04T11:31:15.341316+00:00', '{}'),
    ('d4950cb7-e883-4160-b31f-7f7bf56d12dc', 'error_rate_percent', -5.66916222565402, 'percent', '2025-09-04T10:31:15.341316+00:00', '{}'),
    ('e2cc949e-e84b-4d7d-bd26-9c0f655f4b2c', 'error_rate_percent', 5.04002786048576, 'percent', '2025-09-04T09:31:15.341316+00:00', '{}'),
    ('fb4bfb8b-867f-43d9-94ba-f263d2d2a8ed', 'error_rate_percent', -3.78871633064793, 'percent', '2025-09-04T08:31:15.341316+00:00', '{}'),
    ('11320573-9224-473b-bc03-e5a1913a62c3', 'error_rate_percent', 2.33230672328219, 'percent', '2025-09-04T07:31:15.341316+00:00', '{}'),
    ('86f40372-da4c-4ebc-8a35-a3a8051241ba', 'error_rate_percent', 7.38681800955354, 'percent', '2025-09-04T06:31:15.341316+00:00', '{}'),
    ('da1289dd-9d35-488b-964d-ba14b8deea2a', 'error_rate_percent', -6.92939461757353, 'percent', '2025-09-04T05:31:15.341316+00:00', '{}'),
    ('b31624f8-3405-4929-a920-05b0e83e4ed5', 'error_rate_percent', 2.72227768501731, 'percent', '2025-09-04T04:31:15.341316+00:00', '{}'),
    ('31500ad4-e69f-43a7-962c-148db970e9f6', 'error_rate_percent', 2.00380521639339, 'percent', '2025-09-04T03:31:15.341316+00:00', '{}'),
    ('da1173f2-408c-4aa0-b739-dbcb8c4fdfab', 'error_rate_percent', -6.86220255868187, 'percent', '2025-09-04T02:31:15.341316+00:00', '{}'),
    ('da4dbbf0-590a-45f8-a498-b928802b84fd', 'error_rate_percent', 4.45929243318881, 'percent', '2025-09-04T01:31:15.341316+00:00', '{}'),
    ('b5540388-02a0-4f03-8a09-724731e84bb5', 'error_rate_percent', 0.264623368599672, 'percent', '2025-09-04T00:31:15.341316+00:00', '{}'),
    ('93e00b3a-d685-4e2a-a20b-68b688bb0287', 'error_rate_percent', -2.66289080551082, 'percent', '2025-09-03T23:31:15.341316+00:00', '{}'),
    ('75f35115-7a19-4a1a-aedb-c2042f0ea979', 'error_rate_percent', 8.40652697093754, 'percent', '2025-09-03T22:31:15.341316+00:00', '{}'),
    ('612f0437-6f85-44e7-85f8-6f5037444b2d', 'error_rate_percent', 4.3117057803621, 'percent', '2025-09-03T21:31:15.341316+00:00', '{}'),
    ('0a340d2a-e6ad-418c-9c8a-a45e4a877727', 'error_rate_percent', 8.70268205491516, 'percent', '2025-09-03T20:31:15.341316+00:00', '{}'),
    ('f125d707-9727-4e37-9305-9461a03e41c3', 'error_rate_percent', 3.91739961693434, 'percent', '2025-09-03T19:31:15.341316+00:00', '{}'),
    ('739e84a6-a8e2-46fb-952e-99a2fdf2a973', 'error_rate_percent', 3.19548087455046, 'percent', '2025-09-03T18:31:15.341316+00:00', '{}'),
    ('713deb63-22b1-4260-9404-eef5ffec19ed', 'cpu_usage_percent', 42.0373065705417, 'percent', '2025-09-04T17:31:15.341316+00:00', '{}'),
    ('7aa09fe2-498e-486d-8162-d12cdb62edbe', 'cpu_usage_percent', 41.7609447901216, 'percent', '2025-09-04T16:31:15.341316+00:00', '{}'),
    ('ce0133e8-9ae4-46c4-a406-9ae66165c39f', 'cpu_usage_percent', 30.7323303551047, 'percent', '2025-09-04T15:31:15.341316+00:00', '{}'),
    ('132cb964-0942-45d7-850b-f740bb6dc769', 'cpu_usage_percent', 28.0477898158791, 'percent', '2025-09-04T14:31:15.341316+00:00', '{}'),
    ('7c2482db-dbd9-4d56-b563-510b37d48876', 'cpu_usage_percent', 33.479678625902, 'percent', '2025-09-04T13:31:15.341316+00:00', '{}'),
    ('477c3f21-60bb-48cb-a3fc-8305ea37d2e1', 'cpu_usage_percent', 34.0089037031585, 'percent', '2025-09-04T12:31:15.341316+00:00', '{}'),
    ('1bedb5dc-2379-49cf-9dba-2b879acf0625', 'cpu_usage_percent', 33.4623089879528, 'percent', '2025-09-04T11:31:15.341316+00:00', '{}'),
    ('d023c213-c456-4001-b59c-04bec89449e9', 'cpu_usage_percent', 31.4375631662552, 'percent', '2025-09-04T10:31:15.341316+00:00', '{}'),
    ('a7563bb2-2966-4c23-b71f-939c2b7371ab', 'cpu_usage_percent', 26.9525593542259, 'percent', '2025-09-04T09:31:15.341316+00:00', '{}'),
    ('986fe7ac-b2f7-48a0-b5b9-943723a2ff66', 'cpu_usage_percent', 26.3854793963152, 'percent', '2025-09-04T08:31:15.341316+00:00', '{}'),
    ('85f9d6c6-3c03-4629-accb-6b26ac6de805', 'cpu_usage_percent', 35.6785591201598, 'percent', '2025-09-04T07:31:15.341316+00:00', '{}'),
    ('9c2b325c-fd4b-40c8-87ec-287b2e4fa314', 'cpu_usage_percent', 31.6370422658765, 'percent', '2025-09-04T06:31:15.341316+00:00', '{}'),
    ('53e32ac9-acfb-48a0-b0c7-9452fb8f62a6', 'cpu_usage_percent', 40.641572678246, 'percent', '2025-09-04T05:31:15.341316+00:00', '{}'),
    ('31b71a28-428c-4d8d-85bb-82f8cb799cc2', 'cpu_usage_percent', 32.7835087750037, 'percent', '2025-09-04T04:31:15.341316+00:00', '{}'),
    ('cd27d141-5a47-482b-9fc1-eabf5802d1c7', 'cpu_usage_percent', 42.151744262014, 'percent', '2025-09-04T03:31:15.341316+00:00', '{}'),
    ('53a1f800-90c5-4b4f-a3e0-1cff181e5817', 'cpu_usage_percent', 39.8525298349, 'percent', '2025-09-04T02:31:15.341316+00:00', '{}'),
    ('0bd3e810-b408-465b-abb3-08650871c831', 'cpu_usage_percent', 29.7413298451624, 'percent', '2025-09-04T01:31:15.341316+00:00', '{}'),
    ('4ff93160-ab91-4c6c-bbb5-587269c85d9e', 'cpu_usage_percent', 30.2682017738351, 'percent', '2025-09-04T00:31:15.341316+00:00', '{}'),
    ('eed78c8f-94a7-4eee-a933-948e8ee2405f', 'cpu_usage_percent', 36.2601447490475, 'percent', '2025-09-03T23:31:15.341316+00:00', '{}'),
    ('876f18d4-0959-4552-b320-118259f3c1ae', 'cpu_usage_percent', 30.8338509462563, 'percent', '2025-09-03T22:31:15.341316+00:00', '{}'),
    ('ad09eabe-878d-4a32-ace2-0125ddbf6c1b', 'cpu_usage_percent', 42.9599740324523, 'percent', '2025-09-03T21:31:15.341316+00:00', '{}'),
    ('f14e1ecc-1b32-463e-88e8-5190985c710d', 'cpu_usage_percent', 32.0742931290666, 'percent', '2025-09-03T20:31:15.341316+00:00', '{}'),
    ('d51cd29e-e0d3-4607-be13-76efe196bf29', 'cpu_usage_percent', 43.059085423799, 'percent', '2025-09-03T19:31:15.341316+00:00', '{}'),
    ('8610445a-fb8d-490f-97fc-47ff73c952df', 'cpu_usage_percent', 32.9080145379952, 'percent', '2025-09-03T18:31:15.341316+00:00', '{}'),
    ('1224651a-a266-4988-b962-15272a971815', 'memory_usage_percent', 53.1310984973904, 'percent', '2025-09-04T17:31:15.341316+00:00', '{}'),
    ('ae7d3899-45e6-4b4a-99d3-f7bc20c46d0d', 'memory_usage_percent', 54.5283406851165, 'percent', '2025-09-04T16:31:15.341316+00:00', '{}'),
    ('cba82530-966c-416b-a2ce-0de5b3e59dd4', 'memory_usage_percent', 68.017473099973, 'percent', '2025-09-04T15:31:15.341316+00:00', '{}'),
    ('fc89fcdf-e1c0-4cfc-a633-454e70f5f1af', 'memory_usage_percent', 69.5027322870608, 'percent', '2025-09-04T14:31:15.341316+00:00', '{}'),
    ('864c7aaf-fcec-4f60-9d9b-1176d94dc82e', 'memory_usage_percent', 57.0863430808272, 'percent', '2025-09-04T13:31:15.341316+00:00', '{}'),
    ('55a6ab42-ad75-46f9-8249-865ec0b13514', 'memory_usage_percent', 68.0066084363426, 'percent', '2025-09-04T12:31:15.341316+00:00', '{}'),
    ('457f6af8-9662-46fc-b046-15f14ceceb38', 'memory_usage_percent', 68.4985202344626, 'percent', '2025-09-04T11:31:15.341316+00:00', '{}'),
    ('d0a66291-7e00-4cd6-9c1c-84861e978dcd', 'memory_usage_percent', 62.3455671803193, 'percent', '2025-09-04T10:31:15.341316+00:00', '{}'),
    ('5ecab357-9e0f-43e9-a14f-540d522fa364', 'memory_usage_percent', 54.3765819145841, 'percent', '2025-09-04T09:31:15.341316+00:00', '{}'),
    ('2eb6fcf8-2a6d-4819-9807-4b14d2b545f9', 'memory_usage_percent', 52.6780412592393, 'percent', '2025-09-04T08:31:15.341316+00:00', '{}'),
    ('97f2c4c8-3919-4e11-bd88-00300fc25e20', 'memory_usage_percent', 51.0326811430012, 'percent', '2025-09-04T07:31:15.341316+00:00', '{}'),
    ('acdd0f65-8cec-48bb-a733-51356a86713c', 'memory_usage_percent', 59.1424157827552, 'percent', '2025-09-04T06:31:15.341316+00:00', '{}'),
    ('cfabaf3d-1ba7-4dec-8c93-cd36f7c729e1', 'memory_usage_percent', 59.8865375183068, 'percent', '2025-09-04T05:31:15.341316+00:00', '{}'),
    ('83751f22-16c0-4a09-a66f-fe10475dd5a0', 'memory_usage_percent', 52.7783986294554, 'percent', '2025-09-04T04:31:15.341316+00:00', '{}'),
    ('32c5f61d-a80a-400c-a14c-f44f1d82faae', 'memory_usage_percent', 63.5550041875612, 'percent', '2025-09-04T03:31:15.341316+00:00', '{}'),
    ('58bfca59-5aab-43dd-bbc1-49f1ad327c4c', 'memory_usage_percent', 53.8847985400129, 'percent', '2025-09-04T02:31:15.341316+00:00', '{}'),
    ('1164a17a-ab09-4c33-91b4-ea9a5358f729', 'memory_usage_percent', 57.613432653866, 'percent', '2025-09-04T01:31:15.341316+00:00', '{}'),
    ('7547a217-ea35-4ccc-8a52-893959eb5f07', 'memory_usage_percent', 53.3884149293808, 'percent', '2025-09-04T00:31:15.341316+00:00', '{}'),
    ('e26acca2-087e-4d42-8003-7729fff127bc', 'memory_usage_percent', 59.5761771042293, 'percent', '2025-09-03T23:31:15.341316+00:00', '{}'),
    ('4e445bfe-932e-4df5-bfb3-b14b84b59f89', 'memory_usage_percent', 67.4481163450138, 'percent', '2025-09-03T22:31:15.341316+00:00', '{}'),
    ('d1c7562f-520b-4d3a-9e13-7c79854b8689', 'memory_usage_percent', 65.0519400988125, 'percent', '2025-09-03T21:31:15.341316+00:00', '{}'),
    ('87d4dca3-5ae7-47bc-a712-594cfd5e86a7', 'memory_usage_percent', 54.3301731148735, 'percent', '2025-09-03T20:31:15.341316+00:00', '{}'),
    ('eab38345-4b6b-4b8b-8cea-6254486e67ea', 'memory_usage_percent', 66.2296056571198, 'percent', '2025-09-03T19:31:15.341316+00:00', '{}'),
    ('65a749d5-21de-4f97-8d9e-9417df6cae61', 'memory_usage_percent', 64.1019393601867, 'percent', '2025-09-03T18:31:15.341316+00:00', '{}'),
    ('0b349c03-f3c5-40c3-9931-9f8b3731815b', 'active_connections', 46.8157095849684, 'count', '2025-09-04T17:31:15.341316+00:00', '{}'),
    ('f7096748-030f-4ae7-8514-0786996c6325', 'active_connections', 49.2254919012921, 'count', '2025-09-04T16:31:15.341316+00:00', '{}'),
    ('c7542a25-6df4-49f7-af71-ff8ba0a423a8', 'active_connections', 35.0307615307671, 'count', '2025-09-04T15:31:15.341316+00:00', '{}'),
    ('6bb8fb94-19b6-4c35-aefa-fff348ddb962', 'active_connections', 35.3494509531355, 'count', '2025-09-04T14:31:15.341316+00:00', '{}');

INSERT INTO "system_metrics" ("id", "metric_name", "metric_value", "metric_unit", "recorded_at", "metadata") VALUES
    ('bc1b3d6a-7eae-447d-b3d3-868cd7ec97d8', 'active_connections', 47.405615696551, 'count', '2025-09-04T13:31:15.341316+00:00', '{}'),
    ('642cb065-15f5-4c4f-9648-0a3ea80a5ea9', 'active_connections', 52.4609049207409, 'count', '2025-09-04T12:31:15.341316+00:00', '{}'),
    ('78e68d36-2349-42f0-b2fa-4d6e4add979e', 'active_connections', 48.7430721533267, 'count', '2025-09-04T11:31:15.341316+00:00', '{}'),
    ('192194c2-26db-4e4e-b1a5-67330d991b58', 'active_connections', 35.8934471427691, 'count', '2025-09-04T10:31:15.341316+00:00', '{}'),
    ('9a49ae20-9b4b-47d1-b15e-f9baf02103cf', 'active_connections', 44.9532611630593, 'count', '2025-09-04T09:31:15.341316+00:00', '{}'),
    ('13b3c111-cc68-48f8-bc01-f6800d86745a', 'active_connections', 45.3327475633309, 'count', '2025-09-04T08:31:15.341316+00:00', '{}'),
    ('03ebf7fe-a781-46ff-8393-9bd2ec163800', 'active_connections', 42.9992325096715, 'count', '2025-09-04T07:31:15.341316+00:00', '{}'),
    ('8be2ecad-034f-412e-862e-b930c15108c6', 'active_connections', 54.8747822382322, 'count', '2025-09-04T06:31:15.341316+00:00', '{}'),
    ('1e270f9a-6fc3-4ff6-a14c-b5955108929c', 'active_connections', 39.2094900458841, 'count', '2025-09-04T05:31:15.341316+00:00', '{}'),
    ('473f6496-aef0-4457-bd8a-11e0110ca231', 'active_connections', 37.0099671787132, 'count', '2025-09-04T04:31:15.341316+00:00', '{}'),
    ('b00fe82c-78ea-4109-b5dd-1af8920a5c3d', 'active_connections', 42.0895550109988, 'count', '2025-09-04T03:31:15.341316+00:00', '{}'),
    ('d69bcecc-2b0e-4577-a28d-cbaa33caafc9', 'active_connections', 52.0152966193931, 'count', '2025-09-04T02:31:15.341316+00:00', '{}'),
    ('fc2fbcd1-4651-4676-8db7-1189e81e6ade', 'active_connections', 38.1068726045946, 'count', '2025-09-04T01:31:15.341316+00:00', '{}'),
    ('84230ba1-d8c4-48b0-9fb8-31c55a92e306', 'active_connections', 42.51963187978, 'count', '2025-09-04T00:31:15.341316+00:00', '{}'),
    ('ec3b28a6-1ac0-4b6a-8dd4-fc888c63d0fa', 'active_connections', 45.3448639255471, 'count', '2025-09-03T23:31:15.341316+00:00', '{}'),
    ('2aa4762d-b236-4f42-9708-e648ae5f140e', 'active_connections', 46.3175567712979, 'count', '2025-09-03T22:31:15.341316+00:00', '{}'),
    ('8f01e1f3-6733-4ba6-953b-bdc14f9aeb4f', 'active_connections', 46.357976731647, 'count', '2025-09-03T21:31:15.341316+00:00', '{}'),
    ('64fac20e-a74f-4083-8156-958fb01f9fc6', 'active_connections', 48.9858535587865, 'count', '2025-09-03T20:31:15.341316+00:00', '{}'),
    ('bad95946-749b-49af-94aa-0281b2aa69b6', 'active_connections', 35.4575845979005, 'count', '2025-09-03T19:31:15.341316+00:00', '{}'),
    ('ad3ae3a8-a839-4098-a5ba-c6c62dc31a42', 'active_connections', 36.1590392283575, 'count', '2025-09-03T18:31:15.341316+00:00', '{}'),
    ('2af9a51b-7105-4ea0-8605-91092dd0df6b', 'response_time_ms', 142.550822329448, 'milliseconds', '2025-09-04T17:31:15.341316+00:00', '{}'),
    ('b2863557-f4d5-4300-91e3-1e2f31073ca7', 'response_time_ms', 147.061664387219, 'milliseconds', '2025-09-04T16:31:15.341316+00:00', '{}'),
    ('dbd7d9d9-ec55-4a40-9465-a9014c6eac8b', 'response_time_ms', 141.126719823155, 'milliseconds', '2025-09-04T15:31:15.341316+00:00', '{}'),
    ('6d995d17-5c61-4db1-8481-ed8b56f4b0eb', 'response_time_ms', 148.723199221707, 'milliseconds', '2025-09-04T14:31:15.341316+00:00', '{}'),
    ('5806d558-b8a8-4313-a310-6e183f45db0f', 'response_time_ms', 157.411028738665, 'milliseconds', '2025-09-04T13:31:15.341316+00:00', '{}'),
    ('6fb512b4-23d8-4653-970f-4a24220edf64', 'response_time_ms', 149.877707842162, 'milliseconds', '2025-09-04T12:31:15.341316+00:00', '{}'),
    ('0509a953-7945-494b-9b27-3b6d53cc41e2', 'response_time_ms', 153.074416980609, 'milliseconds', '2025-09-04T11:31:15.341316+00:00', '{}'),
    ('d1db6a52-390b-4a0b-a1a7-738a937c4bb3', 'response_time_ms', 157.108335562165, 'milliseconds', '2025-09-04T10:31:15.341316+00:00', '{}'),
    ('de37fcb0-9b9c-4051-8257-b656b784bd74', 'response_time_ms', 142.993757576914, 'milliseconds', '2025-09-04T09:31:15.341316+00:00', '{}'),
    ('32b7e127-f749-4047-960f-71505facdc69', 'response_time_ms', 143.712800224037, 'milliseconds', '2025-09-04T08:31:15.341316+00:00', '{}'),
    ('1e1df929-6a6b-445e-a08d-090bfe582f72', 'response_time_ms', 143.149390282001, 'milliseconds', '2025-09-04T07:31:15.341316+00:00', '{}'),
    ('80da93b4-e3a2-41c6-8325-33ca2ed277c4', 'response_time_ms', 159.584462782543, 'milliseconds', '2025-09-04T06:31:15.341316+00:00', '{}'),
    ('e78ebc32-96ff-4634-b6a5-f0a28c10942a', 'response_time_ms', 154.249194049259, 'milliseconds', '2025-09-04T05:31:15.341316+00:00', '{}'),
    ('b68a7194-5426-4916-ad1b-d8363c47b6f1', 'response_time_ms', 157.188834268031, 'milliseconds', '2025-09-04T04:31:15.341316+00:00', '{}'),
    ('74bc2acd-f79a-4a1f-b9ea-2b8a00c219be', 'response_time_ms', 157.355731275962, 'milliseconds', '2025-09-04T03:31:15.341316+00:00', '{}'),
    ('52acf45a-bc9a-463b-8f5a-ed2c01b18223', 'response_time_ms', 156.987120373316, 'milliseconds', '2025-09-04T02:31:15.341316+00:00', '{}'),
    ('c1298874-9e02-4687-9f0e-6dfe521e9595', 'response_time_ms', 140.946060033667, 'milliseconds', '2025-09-04T01:31:15.341316+00:00', '{}'),
    ('3bb3fa3d-1906-4c43-8f9f-1bb954ab11d4', 'response_time_ms', 158.083104140797, 'milliseconds', '2025-09-04T00:31:15.341316+00:00', '{}'),
    ('87181130-4226-4129-8082-293ff7b110bf', 'response_time_ms', 155.560076213832, 'milliseconds', '2025-09-03T23:31:15.341316+00:00', '{}'),
    ('b4ebd88e-c4f0-4d91-81dc-5d75eec989c1', 'response_time_ms', 152.953693676076, 'milliseconds', '2025-09-03T22:31:15.341316+00:00', '{}'),
    ('a1e48f3e-4ddb-4418-b34d-c1de13da7d5e', 'response_time_ms', 147.719949472629, 'milliseconds', '2025-09-03T21:31:15.341316+00:00', '{}'),
    ('7863df8b-65c7-48fa-ae02-42b6f9cc810b', 'response_time_ms', 150.123918853077, 'milliseconds', '2025-09-03T20:31:15.341316+00:00', '{}'),
    ('72ad78ef-6344-4b73-bb15-ed6e42848a4d', 'response_time_ms', 143.868924632802, 'milliseconds', '2025-09-03T19:31:15.341316+00:00', '{}'),
    ('ceb84c7d-c00c-40b9-b573-746549117272', 'response_time_ms', 148.133785327651, 'milliseconds', '2025-09-03T18:31:15.341316+00:00', '{}'),
    ('92734599-fb19-4efa-8763-4483097ba457', 'error_rate_percent', 2.64272052288666, 'percent', '2025-09-04T17:31:15.341316+00:00', '{}'),
    ('38da9939-d85f-4c7c-a902-c3b4f35871f0', 'error_rate_percent', 5.72877890344842, 'percent', '2025-09-04T16:31:15.341316+00:00', '{}'),
    ('49b350c3-2374-4e1d-8207-cc0dc08eff85', 'error_rate_percent', -3.37728105326373, 'percent', '2025-09-04T15:31:15.341316+00:00', '{}'),
    ('e853d3fb-94df-49be-b4df-10f17e35323f', 'error_rate_percent', 0.929160760294449, 'percent', '2025-09-04T14:31:15.341316+00:00', '{}'),
    ('984ae79b-56b1-4957-b0bb-12dab63bc972', 'error_rate_percent', 3.11868356239292, 'percent', '2025-09-04T13:31:15.341316+00:00', '{}'),
    ('07f4c84f-65d2-4591-888c-2e2bc4832104', 'error_rate_percent', -3.22520849039983, 'percent', '2025-09-04T12:31:15.341316+00:00', '{}'),
    ('8f99e909-9ebb-48cd-99c4-d5a034b49526', 'error_rate_percent', 6.12247868851706, 'percent', '2025-09-04T11:31:15.341316+00:00', '{}'),
    ('93277d48-8877-4484-801c-866a4ce089fd', 'error_rate_percent', 9.55800989369053, 'percent', '2025-09-04T10:31:15.341316+00:00', '{}'),
    ('b8d30e10-65e1-449d-b4bf-54c721c446e5', 'error_rate_percent', -7.278348802209, 'percent', '2025-09-04T09:31:15.341316+00:00', '{}'),
    ('32c68a00-6406-4f6f-bcdf-cc6621e6982b', 'error_rate_percent', 9.81032116430604, 'percent', '2025-09-04T08:31:15.341316+00:00', '{}'),
    ('e041090e-a7fb-4f8e-91f8-c1bb7d1ba217', 'error_rate_percent', -9.01163521523377, 'percent', '2025-09-04T07:31:15.341316+00:00', '{}'),
    ('28fcfcce-c341-4592-a99f-f9dc9433ea8c', 'error_rate_percent', 1.31206367781427, 'percent', '2025-09-04T06:31:15.341316+00:00', '{}'),
    ('a92fde40-32ab-4e15-9c4d-9f2ae04d277f', 'error_rate_percent', 1.26350402681958, 'percent', '2025-09-04T05:31:15.341316+00:00', '{}'),
    ('b8fc8596-5a4f-427a-ab2a-822dc87218f1', 'error_rate_percent', 10.1969683203317, 'percent', '2025-09-04T04:31:15.341316+00:00', '{}'),
    ('2055ac3e-210c-4bb0-92f9-815fa5c338ee', 'error_rate_percent', 2.52326743869288, 'percent', '2025-09-04T03:31:15.341316+00:00', '{}'),
    ('8f855ee3-e4c5-4025-afaa-12b22f911eea', 'error_rate_percent', -6.26421360827498, 'percent', '2025-09-04T02:31:15.341316+00:00', '{}'),
    ('664ba075-57f1-4f6a-a38a-85a34575e127', 'error_rate_percent', 3.42842799447476, 'percent', '2025-09-04T01:31:15.341316+00:00', '{}'),
    ('7841c8b4-caac-4f7f-a998-3c83df2541c4', 'error_rate_percent', -6.95033233550881, 'percent', '2025-09-04T00:31:15.341316+00:00', '{}'),
    ('402cc224-3844-4232-8742-77a30f6bb33c', 'error_rate_percent', -6.88872178620414, 'percent', '2025-09-03T23:31:15.341316+00:00', '{}'),
    ('735c8c51-05c1-488a-a5fd-e64a6da732c4', 'error_rate_percent', -4.90051136285904, 'percent', '2025-09-03T22:31:15.341316+00:00', '{}'),
    ('109ffb97-251a-421a-af0d-661932bfb9e1', 'error_rate_percent', 5.53498669807974, 'percent', '2025-09-03T21:31:15.341316+00:00', '{}'),
    ('a37f5476-e726-4b41-ad66-ba029819ee10', 'error_rate_percent', 2.60468616855346, 'percent', '2025-09-03T20:31:15.341316+00:00', '{}'),
    ('8e27783f-4ae2-4cc0-b57f-7fdd7ff29a02', 'error_rate_percent', -5.20786269526387, 'percent', '2025-09-03T19:31:15.341316+00:00', '{}'),
    ('faab65bf-c012-41fe-baa5-d7188795603e', 'error_rate_percent', -0.743598584151705, 'percent', '2025-09-03T18:31:15.341316+00:00', '{}'),
    ('7403000b-fce0-4dd9-a40d-0371edd45ac0', 'cpu_usage_percent', 26.2301060437396, 'percent', '2025-09-04T17:31:15.341316+00:00', '{}'),
    ('ab149129-d3e9-451c-940c-3e38df122d61', 'cpu_usage_percent', 27.3734588820852, 'percent', '2025-09-04T16:31:15.341316+00:00', '{}'),
    ('e75d646b-668a-40ed-b730-dc7e4ae03020', 'cpu_usage_percent', 34.9367166205916, 'percent', '2025-09-04T15:31:15.341316+00:00', '{}'),
    ('e80008e6-18e1-4671-b599-64c1475805cb', 'cpu_usage_percent', 25.8864255688007, 'percent', '2025-09-04T14:31:15.341316+00:00', '{}'),
    ('8a15175c-3916-4b04-adf2-5b8c7fc8a845', 'cpu_usage_percent', 40.6920775457616, 'percent', '2025-09-04T13:31:15.341316+00:00', '{}'),
    ('de79b407-73e4-44e0-b12f-8830e9ffa50b', 'cpu_usage_percent', 43.8459719156381, 'percent', '2025-09-04T12:31:15.341316+00:00', '{}'),
    ('c6621936-8622-4de6-8c0f-aa17cb490591', 'cpu_usage_percent', 40.4971878934352, 'percent', '2025-09-04T11:31:15.341316+00:00', '{}'),
    ('5991fbd8-44ff-4ade-a9a8-a719bcf556b4', 'cpu_usage_percent', 29.5718995048676, 'percent', '2025-09-04T10:31:15.341316+00:00', '{}'),
    ('6140994d-e156-4e25-80bf-6b72ffcbea41', 'cpu_usage_percent', 38.4028908628789, 'percent', '2025-09-04T09:31:15.341316+00:00', '{}'),
    ('3cbebf64-b67c-4de8-a928-70dbc12d1bef', 'cpu_usage_percent', 35.517349202968, 'percent', '2025-09-04T08:31:15.341316+00:00', '{}'),
    ('cc8bf346-5e8a-4d85-9716-94ca952f94f3', 'cpu_usage_percent', 36.9417144555077, 'percent', '2025-09-04T07:31:15.341316+00:00', '{}'),
    ('dc8cbe30-73e4-471c-8803-984c42ff46bf', 'cpu_usage_percent', 34.3764212822233, 'percent', '2025-09-04T06:31:15.341316+00:00', '{}'),
    ('a3cf0c7e-f4e3-44c5-8841-1b02a5ad18ba', 'cpu_usage_percent', 25.5240235005865, 'percent', '2025-09-04T05:31:15.341316+00:00', '{}'),
    ('f7e77e6b-34f7-48a0-acbc-36a221437035', 'cpu_usage_percent', 37.6259667742858, 'percent', '2025-09-04T04:31:15.341316+00:00', '{}'),
    ('12dcbfbc-5830-477d-8f73-e2d9b39df522', 'cpu_usage_percent', 29.8788885756393, 'percent', '2025-09-04T03:31:15.341316+00:00', '{}'),
    ('dc699433-b991-4bfc-bced-decc37650bd9', 'cpu_usage_percent', 40.199438217949, 'percent', '2025-09-04T02:31:15.341316+00:00', '{}'),
    ('d3780a03-c576-4dc2-882e-37caee31f787', 'cpu_usage_percent', 36.5029666244579, 'percent', '2025-09-04T01:31:15.341316+00:00', '{}'),
    ('a46a61b6-5195-4ec9-b9e9-5732b6088b0a', 'cpu_usage_percent', 42.7750330120989, 'percent', '2025-09-04T00:31:15.341316+00:00', '{}'),
    ('5bf29006-7d1e-41d4-8cc8-3efbab8718ba', 'cpu_usage_percent', 40.7743604887326, 'percent', '2025-09-03T23:31:15.341316+00:00', '{}'),
    ('17cd3511-4eaf-4d86-ab88-45caadaf3924', 'cpu_usage_percent', 36.9275983308634, 'percent', '2025-09-03T22:31:15.341316+00:00', '{}'),
    ('dc8c7b94-e08f-4d74-ae6e-bea7bcba2539', 'cpu_usage_percent', 35.5954234586602, 'percent', '2025-09-03T21:31:15.341316+00:00', '{}'),
    ('efb0b564-4240-4f8e-8149-7ab1225dd2ae', 'cpu_usage_percent', 28.9486813275693, 'percent', '2025-09-03T20:31:15.341316+00:00', '{}'),
    ('9d355f64-96b9-4f9f-823a-f1870ae9107a', 'cpu_usage_percent', 31.752719412445, 'percent', '2025-09-03T19:31:15.341316+00:00', '{}'),
    ('a2300e60-2aab-40f2-b540-5e6a8db4c7ad', 'cpu_usage_percent', 35.8175352551006, 'percent', '2025-09-03T18:31:15.341316+00:00', '{}'),
    ('b23f37dc-5580-4486-9119-a6ae2b0f571b', 'memory_usage_percent', 61.27396188093, 'percent', '2025-09-04T17:31:15.341316+00:00', '{}'),
    ('63fceae1-8d23-45c7-90e3-e454db270970', 'memory_usage_percent', 55.9392845878511, 'percent', '2025-09-04T16:31:15.341316+00:00', '{}'),
    ('367ebc82-703c-4827-8b53-30f586be6633', 'memory_usage_percent', 61.8032555903041, 'percent', '2025-09-04T15:31:15.341316+00:00', '{}'),
    ('a7ea268b-37d0-45a9-9436-d3ee6bf46c20', 'memory_usage_percent', 55.5907437767604, 'percent', '2025-09-04T14:31:15.341316+00:00', '{}'),
    ('916c4e8e-4a7e-4079-9f5e-8c9cf66c9399', 'memory_usage_percent', 50.2804503049433, 'percent', '2025-09-04T13:31:15.341316+00:00', '{}'),
    ('4c07dde1-44da-4076-812e-72384096ca09', 'memory_usage_percent', 62.2724764141839, 'percent', '2025-09-04T12:31:15.341316+00:00', '{}'),
    ('d2524c18-7796-4234-98e1-a181e853f261', 'memory_usage_percent', 51.7526695253017, 'percent', '2025-09-04T11:31:15.341316+00:00', '{}'),
    ('e7adef5b-6e37-46c3-a11c-3fea05847586', 'memory_usage_percent', 52.8758378819111, 'percent', '2025-09-04T10:31:15.341316+00:00', '{}');

INSERT INTO "system_metrics" ("id", "metric_name", "metric_value", "metric_unit", "recorded_at", "metadata") VALUES
    ('5d14a3c7-e9e3-450c-bb56-98847cda1b7e', 'memory_usage_percent', 62.7548913104687, 'percent', '2025-09-04T09:31:15.341316+00:00', '{}'),
    ('11628b54-ee5e-42ed-94fc-631fcc281d84', 'memory_usage_percent', 63.8174653174124, 'percent', '2025-09-04T08:31:15.341316+00:00', '{}'),
    ('c85d2bd6-5388-4f1a-9a7e-61b23981169c', 'memory_usage_percent', 67.8270673351935, 'percent', '2025-09-04T07:31:15.341316+00:00', '{}'),
    ('5e115ebc-0f20-4cc7-a66d-8db3e83b3ef6', 'memory_usage_percent', 65.0328732825968, 'percent', '2025-09-04T06:31:15.341316+00:00', '{}'),
    ('6e8988c8-4b15-4c06-b3ba-d58a9fa2a2c6', 'memory_usage_percent', 51.5840888077608, 'percent', '2025-09-04T05:31:15.341316+00:00', '{}'),
    ('ca99c3dc-51f6-4e62-b451-c69c98d76671', 'memory_usage_percent', 50.944174322415, 'percent', '2025-09-04T04:31:15.341316+00:00', '{}'),
    ('ee30fc58-0b9c-4045-90c9-4f558833173e', 'memory_usage_percent', 69.0882516360992, 'percent', '2025-09-04T03:31:15.341316+00:00', '{}'),
    ('fd9f2338-015f-4629-bbc5-d46c2b5732cb', 'memory_usage_percent', 64.8606522219533, 'percent', '2025-09-04T02:31:15.341316+00:00', '{}'),
    ('45c034fd-9222-46c7-be89-1c38687de748', 'memory_usage_percent', 67.0365633916896, 'percent', '2025-09-04T01:31:15.341316+00:00', '{}'),
    ('ec0deb96-bd9f-457e-b751-54249f6f7ea6', 'memory_usage_percent', 57.8302807837644, 'percent', '2025-09-04T00:31:15.341316+00:00', '{}'),
    ('fe1da7f4-1fc4-4e4e-97a9-27a278eca37d', 'memory_usage_percent', 57.526568621093, 'percent', '2025-09-03T23:31:15.341316+00:00', '{}'),
    ('5c92d9ac-2c03-4fcc-bf45-1b8f1a0b9d41', 'memory_usage_percent', 68.284266170536, 'percent', '2025-09-03T22:31:15.341316+00:00', '{}'),
    ('00c95064-b1af-45a5-8543-5336308d6176', 'memory_usage_percent', 66.7259985286176, 'percent', '2025-09-03T21:31:15.341316+00:00', '{}'),
    ('b8c7edd6-3c7c-4bb9-94a7-a143f2bb4689', 'memory_usage_percent', 58.2292491810438, 'percent', '2025-09-03T20:31:15.341316+00:00', '{}'),
    ('bfbe5d35-40a8-4f9a-b38b-007bbcb9eff8', 'memory_usage_percent', 50.3033445818236, 'percent', '2025-09-03T19:31:15.341316+00:00', '{}'),
    ('9c0cf6d6-fe43-4902-afd9-5fbac54aa468', 'memory_usage_percent', 62.8663073444931, 'percent', '2025-09-03T18:31:15.341316+00:00', '{}'),
    ('f0e11506-d1dd-4977-8e3e-899bc701fbe0', 'active_connections', 49.1218725576469, 'count', '2025-09-04T17:31:15.341316+00:00', '{}'),
    ('1002c6a7-60c9-4726-a642-134efdae5fa1', 'active_connections', 52.899335870601, 'count', '2025-09-04T16:31:15.341316+00:00', '{}'),
    ('40e351f3-865e-452b-b974-215a75f21a1a', 'active_connections', 45.2368287518088, 'count', '2025-09-04T15:31:15.341316+00:00', '{}'),
    ('6adb789f-c670-4d38-89b2-2c7192c506d3', 'active_connections', 54.1929905868638, 'count', '2025-09-04T14:31:15.341316+00:00', '{}'),
    ('4f9a5f0c-99b7-4576-b1e3-cd97dca1ccd4', 'active_connections', 49.7064765276876, 'count', '2025-09-04T13:31:15.341316+00:00', '{}'),
    ('65c1330a-2a4a-4dc9-a8d1-c846a05f6529', 'active_connections', 42.7644551789164, 'count', '2025-09-04T12:31:15.341316+00:00', '{}'),
    ('4f97d179-7aff-46a0-9055-fb3dd54879df', 'active_connections', 54.5243703704951, 'count', '2025-09-04T11:31:15.341316+00:00', '{}'),
    ('523b334e-7473-4533-8ee7-8a7cd0442af8', 'active_connections', 48.1237123538211, 'count', '2025-09-04T10:31:15.341316+00:00', '{}'),
    ('e445ce7d-ca3b-4d92-bec4-827fb3c4d8e1', 'active_connections', 45.5697333156599, 'count', '2025-09-04T09:31:15.341316+00:00', '{}'),
    ('7be141f5-8a84-4ec9-b1aa-4f5d9ab86b71', 'active_connections', 38.7924026976131, 'count', '2025-09-04T08:31:15.341316+00:00', '{}'),
    ('0d2c5a85-9a3d-4664-a599-94388bc78eb8', 'active_connections', 47.2461228547517, 'count', '2025-09-04T07:31:15.341316+00:00', '{}'),
    ('6d771124-3cf1-4077-8f32-36ff09226193', 'active_connections', 37.3906358153307, 'count', '2025-09-04T06:31:15.341316+00:00', '{}'),
    ('f863eda9-eb8c-4214-88ec-614589dc9f1e', 'active_connections', 38.9237368832925, 'count', '2025-09-04T05:31:15.341316+00:00', '{}'),
    ('45246a2c-127b-4ffe-b7b3-c2a124033871', 'active_connections', 35.9147747906081, 'count', '2025-09-04T04:31:15.341316+00:00', '{}'),
    ('52552629-fcf2-4467-9ddf-6abb8bb58548', 'active_connections', 38.3845588656865, 'count', '2025-09-04T03:31:15.341316+00:00', '{}'),
    ('bc3cd5ea-0272-4fd2-8a64-55300d59eb6c', 'active_connections', 35.4978460986725, 'count', '2025-09-04T02:31:15.341316+00:00', '{}'),
    ('83531761-cab0-41c3-923b-048e8ef908cc', 'active_connections', 42.6599331886835, 'count', '2025-09-04T01:31:15.341316+00:00', '{}'),
    ('f25a6c17-570d-4ebc-b40a-e84cb6e928ab', 'active_connections', 38.6710599949827, 'count', '2025-09-04T00:31:15.341316+00:00', '{}'),
    ('8574b7e4-e244-4685-aa71-5dffd730ecff', 'active_connections', 37.5280874651071, 'count', '2025-09-03T23:31:15.341316+00:00', '{}'),
    ('2a76daa8-a2d4-4615-a07e-f2d34037944c', 'active_connections', 52.4417710914488, 'count', '2025-09-03T22:31:15.341316+00:00', '{}'),
    ('2b344a76-361b-47e3-8500-55d0e9daa535', 'active_connections', 36.0942201105494, 'count', '2025-09-03T21:31:15.341316+00:00', '{}'),
    ('a446e105-46c3-43b3-8eb1-bf13486c3d56', 'active_connections', 54.4463667147389, 'count', '2025-09-03T20:31:15.341316+00:00', '{}'),
    ('c142093b-01cc-40b9-8d73-145d262b8b80', 'active_connections', 42.8154517906947, 'count', '2025-09-03T19:31:15.341316+00:00', '{}'),
    ('53ded1e2-580b-4bdf-aadf-b14718a2a514', 'active_connections', 54.2892240477929, 'count', '2025-09-03T18:31:15.341316+00:00', '{}'),
    ('7634c560-a948-4820-ab19-b12912f20805', 'response_time_ms', 149.94550361741, 'milliseconds', '2025-09-04T17:31:15.341316+00:00', '{}'),
    ('533a2c40-7628-4c12-9edc-13174b16c982', 'response_time_ms', 156.072477675982, 'milliseconds', '2025-09-04T16:31:15.341316+00:00', '{}'),
    ('f00cdc8d-92b8-4051-bbe0-7809f75cfb49', 'response_time_ms', 149.279131926754, 'milliseconds', '2025-09-04T15:31:15.341316+00:00', '{}'),
    ('e56c3732-ef79-4945-a76e-737f40f0c6d4', 'response_time_ms', 149.125890012589, 'milliseconds', '2025-09-04T14:31:15.341316+00:00', '{}'),
    ('fd15324c-0510-4db2-8f9a-96948841653d', 'response_time_ms', 149.969487067245, 'milliseconds', '2025-09-04T13:31:15.341316+00:00', '{}'),
    ('97492b5e-98d2-489a-bede-284ee02af0f0', 'response_time_ms', 150.021992511891, 'milliseconds', '2025-09-04T12:31:15.341316+00:00', '{}'),
    ('ef5cf225-2ee6-4df6-acca-bb8d3d8594a8', 'response_time_ms', 144.835123622144, 'milliseconds', '2025-09-04T11:31:15.341316+00:00', '{}'),
    ('7510a997-1197-4353-abe7-51ec8da40946', 'response_time_ms', 142.236179289664, 'milliseconds', '2025-09-04T10:31:15.341316+00:00', '{}'),
    ('370fb569-4e4a-4fa6-a566-5e16cb8e4461', 'response_time_ms', 153.657630718806, 'milliseconds', '2025-09-04T09:31:15.341316+00:00', '{}'),
    ('c46590c7-0400-4b7c-995d-18dadf26ef24', 'response_time_ms', 141.515517593643, 'milliseconds', '2025-09-04T08:31:15.341316+00:00', '{}'),
    ('ca0ced43-ba1f-493c-9815-c30df1354c0d', 'response_time_ms', 156.239319473127, 'milliseconds', '2025-09-04T07:31:15.341316+00:00', '{}'),
    ('3e4a00da-bf4c-40f7-8218-7c9b9d5bd0d3', 'response_time_ms', 146.600960999004, 'milliseconds', '2025-09-04T06:31:15.341316+00:00', '{}'),
    ('56203ca3-c1ab-441d-b314-91cc15e959fa', 'response_time_ms', 149.919102135186, 'milliseconds', '2025-09-04T05:31:15.341316+00:00', '{}'),
    ('dfdb1acc-3456-49bb-8af5-467bad81ce92', 'response_time_ms', 144.120160252581, 'milliseconds', '2025-09-04T04:31:15.341316+00:00', '{}'),
    ('e15d7fbd-2703-4fd8-83ba-44eb887b489c', 'response_time_ms', 150.949412946561, 'milliseconds', '2025-09-04T03:31:15.341316+00:00', '{}'),
    ('38d53a15-a709-461e-a3bc-7cda8cf4a006', 'response_time_ms', 140.230806198568, 'milliseconds', '2025-09-04T02:31:15.341316+00:00', '{}'),
    ('7c461fc3-03ec-4b8b-a334-5070e95763e7', 'response_time_ms', 147.06031702821, 'milliseconds', '2025-09-04T01:31:15.341316+00:00', '{}'),
    ('29716a07-d799-4501-9587-ddf8fd37387e', 'response_time_ms', 143.115692743911, 'milliseconds', '2025-09-04T00:31:15.341316+00:00', '{}'),
    ('a53360b2-cd78-444e-915b-2ff9619cf46f', 'response_time_ms', 159.763015382126, 'milliseconds', '2025-09-03T23:31:15.341316+00:00', '{}'),
    ('e2efbe16-0558-4fc7-8884-803603ed33a2', 'response_time_ms', 140.849671936377, 'milliseconds', '2025-09-03T22:31:15.341316+00:00', '{}'),
    ('1a13ce7f-5016-4d5d-a989-122be8446547', 'response_time_ms', 145.595736576551, 'milliseconds', '2025-09-03T21:31:15.341316+00:00', '{}'),
    ('647fe489-3c93-4b7c-8075-1654d02929ca', 'response_time_ms', 143.734854604525, 'milliseconds', '2025-09-03T20:31:15.341316+00:00', '{}'),
    ('ddf5452e-be73-4ee3-8bbc-1dc76b358111', 'response_time_ms', 144.84382139945, 'milliseconds', '2025-09-03T19:31:15.341316+00:00', '{}'),
    ('59686510-b658-464f-819a-6cde2cb11b96', 'response_time_ms', 155.783162549143, 'milliseconds', '2025-09-03T18:31:15.341316+00:00', '{}'),
    ('7d19539e-b194-4136-b089-cf82b6ef7e8a', 'error_rate_percent', 6.57705217539426, 'percent', '2025-09-04T17:31:15.341316+00:00', '{}'),
    ('7ba7bd56-c412-4c13-90d3-2b9a74672363', 'error_rate_percent', -0.316550515282849, 'percent', '2025-09-04T16:31:15.341316+00:00', '{}'),
    ('76ef8b12-2ec1-435a-825f-796b676d3e5b', 'error_rate_percent', 8.87518129427885, 'percent', '2025-09-04T15:31:15.341316+00:00', '{}'),
    ('07f996ee-3831-4cf2-aaf1-643fabe70312', 'error_rate_percent', 3.8649912583201, 'percent', '2025-09-04T14:31:15.341316+00:00', '{}'),
    ('cebdfec9-3060-4593-98ac-25367d45dae2', 'error_rate_percent', 1.65790506084823, 'percent', '2025-09-04T13:31:15.341316+00:00', '{}'),
    ('ff827de4-47e0-480e-a06b-f906be507ff8', 'error_rate_percent', -1.25350005570867, 'percent', '2025-09-04T12:31:15.341316+00:00', '{}'),
    ('c753d596-81b2-4c55-86b1-751c5874cdf1', 'error_rate_percent', -7.71416699315159, 'percent', '2025-09-04T11:31:15.341316+00:00', '{}'),
    ('ee7af372-54e0-44f8-959a-09ef9f8f58cb', 'error_rate_percent', 2.80307378596234, 'percent', '2025-09-04T10:31:15.341316+00:00', '{}'),
    ('dc3b091f-0d31-45c4-9dd8-10aa40a1b467', 'error_rate_percent', -4.77255069468429, 'percent', '2025-09-04T09:31:15.341316+00:00', '{}'),
    ('72478be8-bdd0-44f4-ba46-27bf0cebd079', 'error_rate_percent', 1.68086325964311, 'percent', '2025-09-04T08:31:15.341316+00:00', '{}'),
    ('45052545-0de8-469e-abac-89c311476498', 'error_rate_percent', 8.34912040787625, 'percent', '2025-09-04T07:31:15.341316+00:00', '{}'),
    ('73a0bc22-c8ec-4970-a698-e9033c441c44', 'error_rate_percent', 10.0827712661174, 'percent', '2025-09-04T06:31:15.341316+00:00', '{}'),
    ('c74dcda5-38e2-4df8-963e-72de17a2ea24', 'error_rate_percent', -9.28172408103034, 'percent', '2025-09-04T05:31:15.341316+00:00', '{}'),
    ('11d069cf-30ed-4c73-8c05-3ebe7198c45a', 'error_rate_percent', 4.28977609301292, 'percent', '2025-09-04T04:31:15.341316+00:00', '{}'),
    ('a6cbe4df-8a4c-4f00-957b-93f971e12c64', 'error_rate_percent', -6.41223401848074, 'percent', '2025-09-04T03:31:15.341316+00:00', '{}'),
    ('5d1b4a05-40ae-45a9-a073-5d40ff8440ad', 'error_rate_percent', -8.0051553821135, 'percent', '2025-09-04T02:31:15.341316+00:00', '{}'),
    ('16c329bc-7eef-49f2-9303-3ba9a25ddf72', 'error_rate_percent', 10.0555252777638, 'percent', '2025-09-04T01:31:15.341316+00:00', '{}'),
    ('ba2895e0-3fa5-4b99-bc30-8628c3cc56ae', 'error_rate_percent', -9.34531323034579, 'percent', '2025-09-04T00:31:15.341316+00:00', '{}'),
    ('83791c15-5810-4619-be5c-f54208f0f63b', 'error_rate_percent', 9.68331148818396, 'percent', '2025-09-03T23:31:15.341316+00:00', '{}'),
    ('ef3b45fe-4555-415f-9db9-9cecf97b37dd', 'error_rate_percent', 6.11161449219334, 'percent', '2025-09-03T22:31:15.341316+00:00', '{}'),
    ('6d283fd9-579b-4de5-aeb3-46cfc3fc5842', 'error_rate_percent', -8.65637078914715, 'percent', '2025-09-03T21:31:15.341316+00:00', '{}'),
    ('ff48d8a6-23bd-4b1b-b89a-7d859d6caefe', 'error_rate_percent', -8.07535991777602, 'percent', '2025-09-03T20:31:15.341316+00:00', '{}'),
    ('6ebe607d-cc95-4c58-8309-83b5aa96d206', 'error_rate_percent', 7.30209416580809, 'percent', '2025-09-03T19:31:15.341316+00:00', '{}'),
    ('060237bc-f307-4478-87e4-42a108c6d72e', 'error_rate_percent', -5.26982649423958, 'percent', '2025-09-03T18:31:15.341316+00:00', '{}'),
    ('44e67464-24b4-4f79-90c6-d165ee56f5f6', 'cpu_usage_percent', 27.9210131858426, 'percent', '2025-09-04T17:31:15.341316+00:00', '{}'),
    ('a42d5781-8326-4979-b5e5-6c4a9a61e6bc', 'cpu_usage_percent', 35.7600318490192, 'percent', '2025-09-04T16:31:15.341316+00:00', '{}'),
    ('80966cbf-ad76-4322-8a9e-da7ff64b2994', 'cpu_usage_percent', 42.6893395547307, 'percent', '2025-09-04T15:31:15.341316+00:00', '{}'),
    ('5135b678-3804-4d0c-b22d-fa655d5ece99', 'cpu_usage_percent', 42.9466180033672, 'percent', '2025-09-04T14:31:15.341316+00:00', '{}'),
    ('27de709d-0bd5-4fed-8eed-b9782dea25a7', 'cpu_usage_percent', 32.7857081130101, 'percent', '2025-09-04T13:31:15.341316+00:00', '{}'),
    ('4e83a0ce-0105-42fd-82d8-b1e7ab290363', 'cpu_usage_percent', 42.1455304307052, 'percent', '2025-09-04T12:31:15.341316+00:00', '{}'),
    ('d10a79ca-8f93-4891-ac5d-10a88f81ec2f', 'cpu_usage_percent', 41.4439780729425, 'percent', '2025-09-04T11:31:15.341316+00:00', '{}'),
    ('260db265-8c6d-44ad-9376-cf3c81b3016d', 'cpu_usage_percent', 36.0090893845079, 'percent', '2025-09-04T10:31:15.341316+00:00', '{}'),
    ('6cd6bb89-e7ea-423a-a5e6-a9949cab0373', 'cpu_usage_percent', 37.9324098525684, 'percent', '2025-09-04T09:31:15.341316+00:00', '{}'),
    ('1071da79-f153-4934-b511-291f6633a8f8', 'cpu_usage_percent', 29.9918048289143, 'percent', '2025-09-04T08:31:15.341316+00:00', '{}'),
    ('a3f67523-a608-4093-905b-411775f36031', 'cpu_usage_percent', 34.5281368537894, 'percent', '2025-09-04T07:31:15.341316+00:00', '{}'),
    ('b5373114-b20f-433a-9c83-5922ec90f473', 'cpu_usage_percent', 38.512013742245, 'percent', '2025-09-04T06:31:15.341316+00:00', '{}');

INSERT INTO "system_metrics" ("id", "metric_name", "metric_value", "metric_unit", "recorded_at", "metadata") VALUES
    ('e4d63ae9-ee20-4953-a1d7-1b7a22ca0156', 'cpu_usage_percent', 33.6774163000043, 'percent', '2025-09-04T05:31:15.341316+00:00', '{}'),
    ('05228566-a7c9-412d-b3c6-67965ed45e4c', 'cpu_usage_percent', 29.6394769954909, 'percent', '2025-09-04T04:31:15.341316+00:00', '{}'),
    ('0806865d-5763-49e7-b26f-86a550109eed', 'cpu_usage_percent', 40.1293372867116, 'percent', '2025-09-04T03:31:15.341316+00:00', '{}'),
    ('d2d0cbb5-edcc-40ba-b73d-632fbcb4e384', 'cpu_usage_percent', 29.3525404568865, 'percent', '2025-09-04T02:31:15.341316+00:00', '{}'),
    ('cd472cb9-90f9-486f-99e2-02cbd6a93639', 'cpu_usage_percent', 44.5943613907089, 'percent', '2025-09-04T01:31:15.341316+00:00', '{}'),
    ('5348d2cc-4f9e-42e3-be17-1f5515a84dba', 'cpu_usage_percent', 32.9938180762605, 'percent', '2025-09-04T00:31:15.341316+00:00', '{}'),
    ('ef5de474-39ee-47f7-a895-7b40f3e1de4a', 'cpu_usage_percent', 40.0657067759096, 'percent', '2025-09-03T23:31:15.341316+00:00', '{}'),
    ('1f80db9c-9c6b-4d3d-9cbb-ef6a7303ea28', 'cpu_usage_percent', 40.4060603406135, 'percent', '2025-09-03T22:31:15.341316+00:00', '{}'),
    ('29b2a7fa-1ec3-4929-9419-3a54cca92a4d', 'cpu_usage_percent', 44.4182755435648, 'percent', '2025-09-03T21:31:15.341316+00:00', '{}'),
    ('f7e47294-c54a-4010-a598-dd21a98bab4b', 'cpu_usage_percent', 30.0643712308753, 'percent', '2025-09-03T20:31:15.341316+00:00', '{}'),
    ('8ba1fdc8-efb5-4c61-ab62-8068ec929df1', 'cpu_usage_percent', 27.9071851763636, 'percent', '2025-09-03T19:31:15.341316+00:00', '{}'),
    ('a54fc635-f7ae-4cb8-8657-5ade2eb0262d', 'cpu_usage_percent', 31.3059224364245, 'percent', '2025-09-03T18:31:15.341316+00:00', '{}'),
    ('e4eacc2f-7a2b-4ee7-8228-0f47a6d1fbd9', 'memory_usage_percent', 66.7024217364868, 'percent', '2025-09-04T17:31:15.341316+00:00', '{}'),
    ('64b0a4b5-83fa-4a3b-99e5-d88adb3b19b5', 'memory_usage_percent', 59.567634953916, 'percent', '2025-09-04T16:31:15.341316+00:00', '{}'),
    ('cf85f7ad-8614-4c9c-b630-fbbbd8f41436', 'memory_usage_percent', 59.7308767724947, 'percent', '2025-09-04T15:31:15.341316+00:00', '{}'),
    ('08fdcee2-b604-4fb6-8a2d-78c49acab651', 'memory_usage_percent', 63.7851029771711, 'percent', '2025-09-04T14:31:15.341316+00:00', '{}'),
    ('c1cfbf8e-5393-4eae-a538-a133e647d91d', 'memory_usage_percent', 58.9198270477637, 'percent', '2025-09-04T13:31:15.341316+00:00', '{}'),
    ('8f8b0e1f-9ff6-4aa9-b324-6d6cb6629254', 'memory_usage_percent', 56.0506615810016, 'percent', '2025-09-04T12:31:15.341316+00:00', '{}'),
    ('afbae084-905e-4fdf-aee1-1f8ba0ab60e6', 'memory_usage_percent', 57.370872113376, 'percent', '2025-09-04T11:31:15.341316+00:00', '{}'),
    ('d9d300e2-ce99-41f9-8038-2259f30819c0', 'memory_usage_percent', 62.1527581352893, 'percent', '2025-09-04T10:31:15.341316+00:00', '{}'),
    ('fe689c2a-fc5e-44a1-94aa-17339212dc78', 'memory_usage_percent', 63.410563238799, 'percent', '2025-09-04T09:31:15.341316+00:00', '{}'),
    ('a168c89d-4883-497f-9fc2-fe872a4417db', 'memory_usage_percent', 66.3490875360777, 'percent', '2025-09-04T08:31:15.341316+00:00', '{}'),
    ('de23169d-d116-4e69-b791-bbad3772ac18', 'memory_usage_percent', 58.7074135168977, 'percent', '2025-09-04T07:31:15.341316+00:00', '{}'),
    ('2a22bf23-4745-4f76-a6df-de8581bf745c', 'memory_usage_percent', 56.771534265005, 'percent', '2025-09-04T06:31:15.341316+00:00', '{}'),
    ('1eb30c88-846a-4b8f-b803-9147f181ef03', 'memory_usage_percent', 51.2356110441282, 'percent', '2025-09-04T05:31:15.341316+00:00', '{}'),
    ('2fa813a1-8eff-4fac-9f56-5b3aec7d0175', 'memory_usage_percent', 63.5828984051528, 'percent', '2025-09-04T04:31:15.341316+00:00', '{}'),
    ('85a54a44-5ce6-498f-b130-0bc3b041acae', 'memory_usage_percent', 64.4372187122794, 'percent', '2025-09-04T03:31:15.341316+00:00', '{}'),
    ('263a3c87-e105-4737-aba7-084cb21d01de', 'memory_usage_percent', 67.078241394246, 'percent', '2025-09-04T02:31:15.341316+00:00', '{}'),
    ('74065af1-62eb-4055-955f-9ddb8927840a', 'memory_usage_percent', 66.6974286813667, 'percent', '2025-09-04T01:31:15.341316+00:00', '{}'),
    ('1f266c74-e488-4219-a1e7-4ea9cca15879', 'memory_usage_percent', 61.0752616348614, 'percent', '2025-09-04T00:31:15.341316+00:00', '{}'),
    ('622c3f65-d242-40d8-a43b-dc182d9bc432', 'memory_usage_percent', 54.9453761854832, 'percent', '2025-09-03T23:31:15.341316+00:00', '{}'),
    ('35bdbf24-f9fc-4d65-8510-105134a0f478', 'memory_usage_percent', 65.9024759784382, 'percent', '2025-09-03T22:31:15.341316+00:00', '{}'),
    ('154c0a10-9649-4171-8a75-7895a00562c2', 'memory_usage_percent', 51.7677734360067, 'percent', '2025-09-03T21:31:15.341316+00:00', '{}'),
    ('fc104de7-31fd-4c68-b572-a483ec281a2d', 'memory_usage_percent', 61.2275369754874, 'percent', '2025-09-03T20:31:15.341316+00:00', '{}'),
    ('dc95814c-c1d6-4747-93ab-b1c62aac0315', 'memory_usage_percent', 57.9131496533679, 'percent', '2025-09-03T19:31:15.341316+00:00', '{}'),
    ('2901c212-af91-47a1-bf0b-5127ba803ab6', 'memory_usage_percent', 50.9041491159347, 'percent', '2025-09-03T18:31:15.341316+00:00', '{}'),
    ('0559c825-2b5d-4d22-af74-43c1aa4d2c3b', 'active_connections', 54.8777530903816, 'count', '2025-09-04T17:31:15.341316+00:00', '{}'),
    ('19a368f9-db34-4aaf-9e21-da145bfff339', 'active_connections', 43.2650863864981, 'count', '2025-09-04T16:31:15.341316+00:00', '{}'),
    ('3c389cc5-9616-4f01-bb15-23b505f8a685', 'active_connections', 40.252017422231, 'count', '2025-09-04T15:31:15.341316+00:00', '{}'),
    ('b3356380-112b-4dc7-bab0-93190efe964d', 'active_connections', 40.3130523165507, 'count', '2025-09-04T14:31:15.341316+00:00', '{}'),
    ('24f8c192-ca2c-4ce6-8f58-775b67c101d3', 'active_connections', 54.9661566140441, 'count', '2025-09-04T13:31:15.341316+00:00', '{}'),
    ('a725f588-3e69-4cd1-85b9-6fa0aeb1835b', 'active_connections', 37.731864120767, 'count', '2025-09-04T12:31:15.341316+00:00', '{}'),
    ('5f71f280-7420-4416-a830-353bc3925a38', 'active_connections', 37.5144711541689, 'count', '2025-09-04T11:31:15.341316+00:00', '{}'),
    ('f88dc963-6152-4fe6-a5fe-8cc828403215', 'active_connections', 35.7223025801195, 'count', '2025-09-04T10:31:15.341316+00:00', '{}'),
    ('e5e9e459-a3ee-4e1d-a980-5d85788ca86c', 'active_connections', 48.526495926475, 'count', '2025-09-04T09:31:15.341316+00:00', '{}'),
    ('e07e0526-34b7-4fa2-a7f0-760570d4b158', 'active_connections', 40.14532941816, 'count', '2025-09-04T08:31:15.341316+00:00', '{}'),
    ('dfb2ec12-a4ae-4349-a145-ca8974204690', 'active_connections', 35.8588007476902, 'count', '2025-09-04T07:31:15.341316+00:00', '{}'),
    ('f0995cc7-6b8c-4a6c-a9aa-77edf5e569cc', 'active_connections', 41.8926976375685, 'count', '2025-09-04T06:31:15.341316+00:00', '{}'),
    ('6c79f585-aca1-4d80-8df6-4399f4e1c8a2', 'active_connections', 52.0796424897703, 'count', '2025-09-04T05:31:15.341316+00:00', '{}'),
    ('ffb3f82a-d86f-40fe-a556-ab0268b4c548', 'active_connections', 35.9028275561825, 'count', '2025-09-04T04:31:15.341316+00:00', '{}'),
    ('06c1dc1d-f6fc-4e7b-abcb-936d76adf0bd', 'active_connections', 37.1946984629308, 'count', '2025-09-04T03:31:15.341316+00:00', '{}'),
    ('5da91344-b41a-4456-ba4b-97df29cca076', 'active_connections', 43.3057091547403, 'count', '2025-09-04T02:31:15.341316+00:00', '{}'),
    ('8a3c4b92-e7cb-453e-867e-3c210efc81aa', 'active_connections', 41.0543114072712, 'count', '2025-09-04T01:31:15.341316+00:00', '{}'),
    ('70f0ae30-97d6-424f-b520-a4001f0ea95d', 'active_connections', 47.2969836079876, 'count', '2025-09-04T00:31:15.341316+00:00', '{}'),
    ('56dcdd82-4bd0-4249-ad1e-4bd2bfc6f85d', 'active_connections', 50.4035441657436, 'count', '2025-09-03T23:31:15.341316+00:00', '{}'),
    ('088b201f-d74f-49b6-af65-d0f416c973ad', 'active_connections', 46.4646879371207, 'count', '2025-09-03T22:31:15.341316+00:00', '{}'),
    ('4f970a73-23d9-4821-87ab-606a68603985', 'active_connections', 38.0577933495767, 'count', '2025-09-03T21:31:15.341316+00:00', '{}'),
    ('78309499-fb8c-4377-9d1a-830e09e66861', 'active_connections', 35.2748393490468, 'count', '2025-09-03T20:31:15.341316+00:00', '{}'),
    ('df58db7e-7d8b-4bef-8cac-6f034d68cd58', 'active_connections', 36.2901704347105, 'count', '2025-09-03T19:31:15.341316+00:00', '{}'),
    ('8b90a729-b600-427c-983d-498083716409', 'active_connections', 54.1267878131248, 'count', '2025-09-03T18:31:15.341316+00:00', '{}'),
    ('d0ed7b86-ab56-481a-8ec2-eba7325592a3', 'response_time_ms', 146.730230286949, 'milliseconds', '2025-09-04T17:31:15.341316+00:00', '{}'),
    ('a5fbc5f4-8b81-442a-afe2-a63c128b2d86', 'response_time_ms', 147.039298159221, 'milliseconds', '2025-09-04T16:31:15.341316+00:00', '{}'),
    ('4123138f-c644-44bf-85ae-748bb9896f5f', 'response_time_ms', 141.145949420852, 'milliseconds', '2025-09-04T15:31:15.341316+00:00', '{}'),
    ('8fe1ea02-a5a0-497d-a641-3d73452b877f', 'response_time_ms', 151.817858619327, 'milliseconds', '2025-09-04T14:31:15.341316+00:00', '{}'),
    ('17b11f96-99c3-4d2c-9660-723a9c812498', 'response_time_ms', 155.892959269103, 'milliseconds', '2025-09-04T13:31:15.341316+00:00', '{}'),
    ('0bde535d-f34d-474e-b5e9-d24aaeef1518', 'response_time_ms', 142.248746917926, 'milliseconds', '2025-09-04T12:31:15.341316+00:00', '{}'),
    ('ee221608-a84a-4a14-96df-b19d9f549eed', 'response_time_ms', 151.803374131174, 'milliseconds', '2025-09-04T11:31:15.341316+00:00', '{}'),
    ('4b96eacb-271c-4465-8e1b-7bbc527c9af1', 'response_time_ms', 140.552465904431, 'milliseconds', '2025-09-04T10:31:15.341316+00:00', '{}'),
    ('19885d5c-e83f-41f3-8cbd-c720ea4499dc', 'response_time_ms', 145.837699778061, 'milliseconds', '2025-09-04T09:31:15.341316+00:00', '{}'),
    ('38d5f0c3-0c45-4b9d-b22a-eea796e2a6c2', 'response_time_ms', 146.410103516213, 'milliseconds', '2025-09-04T08:31:15.341316+00:00', '{}'),
    ('573bf38d-4798-4463-bb0d-4fee290e9066', 'response_time_ms', 149.462525586131, 'milliseconds', '2025-09-04T07:31:15.341316+00:00', '{}'),
    ('96ee67f9-f6b3-416d-9519-6dc8b3e4d1f4', 'response_time_ms', 152.02102829131, 'milliseconds', '2025-09-04T06:31:15.341316+00:00', '{}'),
    ('31291827-a4f5-42f0-a0e5-91b8eb86d4f2', 'response_time_ms', 159.836097343045, 'milliseconds', '2025-09-04T05:31:15.341316+00:00', '{}'),
    ('3d76fc47-f21b-470d-8016-49e071c6eb3f', 'response_time_ms', 142.932749918727, 'milliseconds', '2025-09-04T04:31:15.341316+00:00', '{}'),
    ('4a8ca2a3-a3f1-4690-8313-0163bdb82e16', 'response_time_ms', 143.188069984143, 'milliseconds', '2025-09-04T03:31:15.341316+00:00', '{}'),
    ('ca213105-2cfc-477a-9cfe-7003228544fc', 'response_time_ms', 157.590350635316, 'milliseconds', '2025-09-04T02:31:15.341316+00:00', '{}'),
    ('9722f1e8-309c-4c68-b312-46a3bf94f34d', 'response_time_ms', 145.152508239782, 'milliseconds', '2025-09-04T01:31:15.341316+00:00', '{}'),
    ('7b9a37a1-b5c8-4fa8-ba5e-5284a38edc6b', 'response_time_ms', 143.730014119004, 'milliseconds', '2025-09-04T00:31:15.341316+00:00', '{}'),
    ('56ee7267-b6f5-4f76-bd96-0b07ea223c1f', 'response_time_ms', 155.208568330435, 'milliseconds', '2025-09-03T23:31:15.341316+00:00', '{}'),
    ('f55788a0-a5fa-42b0-bb67-84b6b22029d3', 'response_time_ms', 142.511068535903, 'milliseconds', '2025-09-03T22:31:15.341316+00:00', '{}'),
    ('65bb8d97-59e0-4a7d-8660-63943e06788c', 'response_time_ms', 147.84587535579, 'milliseconds', '2025-09-03T21:31:15.341316+00:00', '{}'),
    ('a87de4df-a08b-4539-b443-9222a3d2e963', 'response_time_ms', 144.595590876033, 'milliseconds', '2025-09-03T20:31:15.341316+00:00', '{}'),
    ('ffa24731-9678-43ee-baae-355df12466b6', 'response_time_ms', 156.861804805115, 'milliseconds', '2025-09-03T19:31:15.341316+00:00', '{}'),
    ('e10d8a26-c944-4f03-b2b8-2d10cae64fab', 'response_time_ms', 151.121832378443, 'milliseconds', '2025-09-03T18:31:15.341316+00:00', '{}'),
    ('36f7081f-8f87-4a72-830f-5a51d5175d65', 'error_rate_percent', -1.26926630066577, 'percent', '2025-09-04T17:31:15.341316+00:00', '{}'),
    ('050094a0-a534-4755-a1aa-9ff66911f8ff', 'error_rate_percent', -5.08912753243133, 'percent', '2025-09-04T16:31:15.341316+00:00', '{}'),
    ('a346f3c8-e865-46cf-845d-684c14c121f0', 'error_rate_percent', 1.27332474376624, 'percent', '2025-09-04T15:31:15.341316+00:00', '{}'),
    ('d25c59a5-2778-4042-b8bd-7103b1857800', 'error_rate_percent', 4.11789628450508, 'percent', '2025-09-04T14:31:15.341316+00:00', '{}'),
    ('a80cc412-32a3-4622-abdb-7d2006ae9b64', 'error_rate_percent', -8.84888814161882, 'percent', '2025-09-04T13:31:15.341316+00:00', '{}'),
    ('777fd7e7-fe73-4d83-9416-3e20b194205a', 'error_rate_percent', 0.213705335899242, 'percent', '2025-09-04T12:31:15.341316+00:00', '{}'),
    ('7fe58245-0b54-4e75-a402-349b9bd26f03', 'error_rate_percent', -2.54589694808322, 'percent', '2025-09-04T11:31:15.341316+00:00', '{}'),
    ('135b3fe0-4704-48c8-b532-1246d233ce1a', 'error_rate_percent', -1.71329872698909, 'percent', '2025-09-04T10:31:15.341316+00:00', '{}'),
    ('8191d49f-9343-4ed1-82b1-4e808077a067', 'error_rate_percent', -2.74525727996404, 'percent', '2025-09-04T09:31:15.341316+00:00', '{}'),
    ('b938ff04-9771-4146-b1f6-b398c8eb9b89', 'error_rate_percent', 2.48442030318702, 'percent', '2025-09-04T08:31:15.341316+00:00', '{}'),
    ('346ee54d-2286-41ca-b35c-44614f4a4d0c', 'error_rate_percent', -2.3378870637562, 'percent', '2025-09-04T07:31:15.341316+00:00', '{}'),
    ('0038ccb9-1027-4a2b-9eb4-cfe281e5aacf', 'error_rate_percent', 9.72793766137351, 'percent', '2025-09-04T06:31:15.341316+00:00', '{}'),
    ('843915d4-0248-4ef2-a266-f9b38f41ca93', 'error_rate_percent', 5.78912160783004, 'percent', '2025-09-04T05:31:15.341316+00:00', '{}'),
    ('5e49ad3e-c206-49d2-9a51-49e3efb51914', 'error_rate_percent', 0.0915296280738502, 'percent', '2025-09-04T04:31:15.341316+00:00', '{}'),
    ('bb4150f7-f40a-4205-8a89-e796036b9bf2', 'error_rate_percent', -5.94067239873679, 'percent', '2025-09-04T03:31:15.341316+00:00', '{}'),
    ('1fb570db-8cb9-48cd-a505-295a114eb92a', 'error_rate_percent', 8.13939903844034, 'percent', '2025-09-04T02:31:15.341316+00:00', '{}');

INSERT INTO "system_metrics" ("id", "metric_name", "metric_value", "metric_unit", "recorded_at", "metadata") VALUES
    ('6680e5e2-ecdd-4009-b584-ab58ed7b2120', 'error_rate_percent', 4.03136962831431, 'percent', '2025-09-04T01:31:15.341316+00:00', '{}'),
    ('f68e3e11-2917-4767-81c4-f43c78ca0402', 'error_rate_percent', -3.8619866171007, 'percent', '2025-09-04T00:31:15.341316+00:00', '{}'),
    ('84377f18-433e-4d58-ad04-a7ec77cb11f7', 'error_rate_percent', -9.04971405796511, 'percent', '2025-09-03T23:31:15.341316+00:00', '{}'),
    ('9c43209d-bb35-4f63-9405-979d2d4ac782', 'error_rate_percent', -7.92573774859155, 'percent', '2025-09-03T22:31:15.341316+00:00', '{}'),
    ('ce621e5e-28e8-4f00-bb58-754afb9dea8c', 'error_rate_percent', 8.62090334599769, 'percent', '2025-09-03T21:31:15.341316+00:00', '{}'),
    ('4ecd4cc4-fcc5-43c4-bc0b-d6089d32993c', 'error_rate_percent', -9.48559779794079, 'percent', '2025-09-03T20:31:15.341316+00:00', '{}'),
    ('2b82d0e1-72b3-4d2a-bca6-d9e7bc4b9e60', 'error_rate_percent', -1.12921064962508, 'percent', '2025-09-03T19:31:15.341316+00:00', '{}'),
    ('6c07d408-9b74-491a-9d2b-94e22f1713c7', 'error_rate_percent', -6.03013935960647, 'percent', '2025-09-03T18:31:15.341316+00:00', '{}'),
    ('5567b9ca-e9be-4172-b14e-fca42274e6b5', 'cpu_usage_percent', 33.7929773660961, 'percent', '2025-09-04T17:31:15.341316+00:00', '{}'),
    ('82b939a9-b62d-43d9-a9f8-b394ee4a1b41', 'cpu_usage_percent', 42.2043719939656, 'percent', '2025-09-04T16:31:15.341316+00:00', '{}'),
    ('314c61b0-c01e-469e-acb9-c12800cec5eb', 'cpu_usage_percent', 40.4523609351922, 'percent', '2025-09-04T15:31:15.341316+00:00', '{}'),
    ('c936d287-ac2a-47fa-939c-43e89c22378e', 'cpu_usage_percent', 33.0764259257754, 'percent', '2025-09-04T14:31:15.341316+00:00', '{}'),
    ('51f10978-474a-458b-bbad-82c875eb8bf5', 'cpu_usage_percent', 27.8048705041171, 'percent', '2025-09-04T13:31:15.341316+00:00', '{}'),
    ('3b2b1207-4b74-4355-8c53-b123bd23f6a1', 'cpu_usage_percent', 30.8957094796205, 'percent', '2025-09-04T12:31:15.341316+00:00', '{}'),
    ('6cef7680-4d29-4c15-913b-751a9f8cdb4f', 'cpu_usage_percent', 27.8273711611394, 'percent', '2025-09-04T11:31:15.341316+00:00', '{}'),
    ('78147972-ccbd-4678-90f2-55aa83d29a1e', 'cpu_usage_percent', 37.2227282033448, 'percent', '2025-09-04T10:31:15.341316+00:00', '{}'),
    ('f2d46d62-bd58-4d0e-a067-36546996321b', 'cpu_usage_percent', 44.3327951334268, 'percent', '2025-09-04T09:31:15.341316+00:00', '{}'),
    ('9e1a4fdc-ff78-42fc-aca9-f092086074f3', 'cpu_usage_percent', 30.6573406997382, 'percent', '2025-09-04T08:31:15.341316+00:00', '{}'),
    ('006d3378-57f0-4e63-8c36-5b3c7b4eefd2', 'cpu_usage_percent', 28.6248870779127, 'percent', '2025-09-04T07:31:15.341316+00:00', '{}'),
    ('766f14b7-0317-4c51-aafd-8d091e844ce8', 'cpu_usage_percent', 41.4718677440085, 'percent', '2025-09-04T06:31:15.341316+00:00', '{}'),
    ('12c5b877-8487-4080-89e1-3fa3495f7e15', 'cpu_usage_percent', 27.3118691267585, 'percent', '2025-09-04T05:31:15.341316+00:00', '{}'),
    ('2589ff68-b960-4236-b776-36ea14e7903d', 'cpu_usage_percent', 25.0995878366082, 'percent', '2025-09-04T04:31:15.341316+00:00', '{}'),
    ('49c28975-537a-4c4b-a891-d303dbad3885', 'cpu_usage_percent', 31.0886252056683, 'percent', '2025-09-04T03:31:15.341316+00:00', '{}'),
    ('e0134cd0-5cb8-4653-a530-50183015e1cf', 'cpu_usage_percent', 44.2869270005288, 'percent', '2025-09-04T02:31:15.341316+00:00', '{}'),
    ('9246aec3-2e79-4283-8c5c-4f38e64bb38d', 'cpu_usage_percent', 37.073285095158, 'percent', '2025-09-04T01:31:15.341316+00:00', '{}'),
    ('dbd5e6ac-2756-4152-adcf-4b9e0e2c246f', 'cpu_usage_percent', 37.1529814346625, 'percent', '2025-09-04T00:31:15.341316+00:00', '{}'),
    ('9f6c363c-d3c2-42c7-8a06-a2708977c10b', 'cpu_usage_percent', 25.5439363103026, 'percent', '2025-09-03T23:31:15.341316+00:00', '{}'),
    ('0d417c40-cb51-4908-ba95-4fecb7a4da93', 'cpu_usage_percent', 42.1228876755737, 'percent', '2025-09-03T22:31:15.341316+00:00', '{}'),
    ('5eb101cf-0f0e-4170-93a6-b40e058fdead', 'cpu_usage_percent', 30.7228930346057, 'percent', '2025-09-03T21:31:15.341316+00:00', '{}'),
    ('50ef9097-c964-4177-a1b9-d7399eca779d', 'cpu_usage_percent', 30.2000569103181, 'percent', '2025-09-03T20:31:15.341316+00:00', '{}'),
    ('e878dbbb-57ca-41f8-b60d-fe54ec0432ef', 'cpu_usage_percent', 36.9665697356089, 'percent', '2025-09-03T19:31:15.341316+00:00', '{}'),
    ('598ffc7a-3f79-4a7e-b90b-659edc5a70af', 'cpu_usage_percent', 38.933608029206, 'percent', '2025-09-03T18:31:15.341316+00:00', '{}'),
    ('d835296a-1123-44b0-b218-1a3b64c4b865', 'memory_usage_percent', 69.2171080490463, 'percent', '2025-09-04T17:31:15.341316+00:00', '{}'),
    ('2afb2735-04e3-48a1-82c7-7aef4b826096', 'memory_usage_percent', 61.1325507939882, 'percent', '2025-09-04T16:31:15.341316+00:00', '{}'),
    ('61ad4a09-62b9-4bb5-949c-9a07c3f94352', 'memory_usage_percent', 53.150398548243, 'percent', '2025-09-04T15:31:15.341316+00:00', '{}'),
    ('17adb976-0fba-4921-8dc6-3cede8e174a8', 'memory_usage_percent', 66.1886016925147, 'percent', '2025-09-04T14:31:15.341316+00:00', '{}'),
    ('59424b34-2ae9-4b49-8860-121e833dfb2c', 'memory_usage_percent', 50.5100573816616, 'percent', '2025-09-04T13:31:15.341316+00:00', '{}'),
    ('f3441e15-ac12-4e9c-9359-73b1414be57b', 'memory_usage_percent', 51.7954207120636, 'percent', '2025-09-04T12:31:15.341316+00:00', '{}'),
    ('190d14f8-555a-4d2d-9a00-f8aad88f4d82', 'memory_usage_percent', 52.1733118870817, 'percent', '2025-09-04T11:31:15.341316+00:00', '{}'),
    ('2417f50e-c949-46e8-8c98-9217ace284bd', 'memory_usage_percent', 55.8071877551549, 'percent', '2025-09-04T10:31:15.341316+00:00', '{}'),
    ('04a03f52-5cad-420f-8e24-182870d20b44', 'memory_usage_percent', 60.9857383607551, 'percent', '2025-09-04T09:31:15.341316+00:00', '{}'),
    ('4298c64d-5daa-42a6-b11f-c3510dd064b5', 'memory_usage_percent', 60.6686795775931, 'percent', '2025-09-04T08:31:15.341316+00:00', '{}'),
    ('6a4c5483-4ce1-4cbe-a4ad-cd8e357e1731', 'memory_usage_percent', 66.8976187849002, 'percent', '2025-09-04T07:31:15.341316+00:00', '{}'),
    ('9021ec8e-af66-4ad4-887c-a1aded2c23d6', 'memory_usage_percent', 55.5019233818991, 'percent', '2025-09-04T06:31:15.341316+00:00', '{}'),
    ('68fd0a55-ab27-4074-8b0c-85f6ba7f0aec', 'memory_usage_percent', 57.1754204678162, 'percent', '2025-09-04T05:31:15.341316+00:00', '{}'),
    ('ba17215a-1b47-4224-8338-a3207bf68f74', 'memory_usage_percent', 57.2006669826819, 'percent', '2025-09-04T04:31:15.341316+00:00', '{}'),
    ('e05bce11-0e3b-4735-9cdb-4a87fc6c78e7', 'memory_usage_percent', 52.004068874986, 'percent', '2025-09-04T03:31:15.341316+00:00', '{}'),
    ('105b66cc-c111-4720-b657-0c9a59139376', 'memory_usage_percent', 64.397919220924, 'percent', '2025-09-04T02:31:15.341316+00:00', '{}'),
    ('fb0c0b5d-b0ca-4574-a719-5955c75eb17d', 'memory_usage_percent', 54.9956681979244, 'percent', '2025-09-04T01:31:15.341316+00:00', '{}'),
    ('f829f009-d4b7-4a25-925f-d10391bc3711', 'memory_usage_percent', 62.2067866735917, 'percent', '2025-09-04T00:31:15.341316+00:00', '{}'),
    ('7191f2c2-db6a-44b4-b3a1-a849fa8d1a1b', 'memory_usage_percent', 51.5740463048308, 'percent', '2025-09-03T23:31:15.341316+00:00', '{}'),
    ('47d64af0-32eb-4c8b-bbf9-ddccbf6fde5f', 'memory_usage_percent', 64.7983897442392, 'percent', '2025-09-03T22:31:15.341316+00:00', '{}'),
    ('4f67961e-f6f2-4eaa-a571-e9a4e10afaf7', 'memory_usage_percent', 64.0433732263886, 'percent', '2025-09-03T21:31:15.341316+00:00', '{}'),
    ('4b0ca345-baff-4c0f-aae1-279d44ef8339', 'memory_usage_percent', 62.0531653115419, 'percent', '2025-09-03T20:31:15.341316+00:00', '{}'),
    ('4b05df14-ebce-48db-99f2-186bcd19cf88', 'memory_usage_percent', 69.4548985055946, 'percent', '2025-09-03T19:31:15.341316+00:00', '{}'),
    ('7fd6292d-fbe4-48b6-aa24-c61fcf3b1c7d', 'memory_usage_percent', 65.776243514279, 'percent', '2025-09-03T18:31:15.341316+00:00', '{}'),
    ('a08618fc-6eb9-42fa-93ab-395e4edeb604', 'active_connections', 45.0938501944902, 'count', '2025-09-04T17:31:15.341316+00:00', '{}'),
    ('f09c03bf-e426-419c-958f-d68905e0b91d', 'active_connections', 40.9252040531738, 'count', '2025-09-04T16:31:15.341316+00:00', '{}'),
    ('3309ab28-ee0c-4c2f-ad85-803e0dede588', 'active_connections', 47.2042521343046, 'count', '2025-09-04T15:31:15.341316+00:00', '{}'),
    ('34d92963-2660-4581-8ee8-468ce8a19d0c', 'active_connections', 53.2916988927636, 'count', '2025-09-04T14:31:15.341316+00:00', '{}'),
    ('4ec95e71-6ec5-4a65-ae55-3ed53921ba9c', 'active_connections', 42.0949392358044, 'count', '2025-09-04T13:31:15.341316+00:00', '{}'),
    ('d02a960d-4000-42a0-ab71-49361a7b5cf1', 'active_connections', 50.8756407832688, 'count', '2025-09-04T12:31:15.341316+00:00', '{}'),
    ('9d6b16c0-7fe2-427c-b486-9554b3bf187d', 'active_connections', 40.9246610463598, 'count', '2025-09-04T11:31:15.341316+00:00', '{}'),
    ('705f9ed4-29bf-4e48-a685-bba74a9a9b5f', 'active_connections', 45.5114794934592, 'count', '2025-09-04T10:31:15.341316+00:00', '{}'),
    ('56e19323-7b40-4275-8c8d-363c148e4b53', 'active_connections', 41.8123248828646, 'count', '2025-09-04T09:31:15.341316+00:00', '{}'),
    ('01efd5ca-8d75-4dcf-8fe5-152cfb76b671', 'active_connections', 53.6894085501117, 'count', '2025-09-04T08:31:15.341316+00:00', '{}'),
    ('4614e188-1fdb-4daf-a730-ec77c03d4bcf', 'active_connections', 54.5565929509052, 'count', '2025-09-04T07:31:15.341316+00:00', '{}'),
    ('5bd69b31-8f04-4896-999d-143eb7c7ee9d', 'active_connections', 35.9689169691303, 'count', '2025-09-04T06:31:15.341316+00:00', '{}'),
    ('09e580e2-c514-461e-b931-56b62f3e2c88', 'active_connections', 37.0844175058208, 'count', '2025-09-04T05:31:15.341316+00:00', '{}'),
    ('0001bdfb-73a9-4ff1-9393-77b6c0b39259', 'active_connections', 43.2229151662363, 'count', '2025-09-04T04:31:15.341316+00:00', '{}'),
    ('10ca627c-1fe5-4481-b6d4-38d8ef90402d', 'active_connections', 52.0386893427642, 'count', '2025-09-04T03:31:15.341316+00:00', '{}'),
    ('6e4d01ad-715d-4b6e-9e5a-18e881b8c53d', 'active_connections', 35.1705047704965, 'count', '2025-09-04T02:31:15.341316+00:00', '{}'),
    ('cf178d15-cff7-498d-bb74-4ce2f6acfb2e', 'active_connections', 40.3582497443591, 'count', '2025-09-04T01:31:15.341316+00:00', '{}'),
    ('24a6b2ab-014d-4059-b76e-c2e2a886c682', 'active_connections', 46.5181859613755, 'count', '2025-09-04T00:31:15.341316+00:00', '{}'),
    ('fa5f629b-d091-400e-b4f6-590270bac7e3', 'active_connections', 35.0605475325619, 'count', '2025-09-03T23:31:15.341316+00:00', '{}'),
    ('d20a1fd5-f900-412e-a672-8abbcdadfa95', 'active_connections', 44.5269359724659, 'count', '2025-09-03T22:31:15.341316+00:00', '{}'),
    ('0a701f45-7216-4835-a71f-5da3d50c4f81', 'active_connections', 47.4738649271526, 'count', '2025-09-03T21:31:15.341316+00:00', '{}'),
    ('32baf91b-5cbe-42b3-bd0a-ff19d39ba992', 'active_connections', 35.3991251953586, 'count', '2025-09-03T20:31:15.341316+00:00', '{}'),
    ('fd3a8752-6b41-4fc9-a0a5-6110e7461775', 'active_connections', 38.3247006160652, 'count', '2025-09-03T19:31:15.341316+00:00', '{}'),
    ('dc6b49b5-0380-4ab6-9eea-6494087be63f', 'active_connections', 36.9923907958128, 'count', '2025-09-03T18:31:15.341316+00:00', '{}'),
    ('f228aa23-2d88-4165-bbe3-1e7a77c73199', 'response_time_ms', 140.755918550334, 'milliseconds', '2025-09-04T17:31:15.341316+00:00', '{}'),
    ('72b47d14-b858-43b7-b39b-6dafd704d05b', 'response_time_ms', 145.932891819862, 'milliseconds', '2025-09-04T16:31:15.341316+00:00', '{}'),
    ('886772ac-d5c8-4c0f-b2ca-a3b79fcdd359', 'response_time_ms', 149.926385957685, 'milliseconds', '2025-09-04T15:31:15.341316+00:00', '{}'),
    ('825d92cd-98e0-4478-8e7f-d98b6e98bd25', 'response_time_ms', 154.108999739277, 'milliseconds', '2025-09-04T14:31:15.341316+00:00', '{}'),
    ('f88e8c59-2c9b-4ace-ae59-7366294e4d86', 'response_time_ms', 148.450173983852, 'milliseconds', '2025-09-04T13:31:15.341316+00:00', '{}'),
    ('eb650e04-2eaf-4dd6-aa1a-89ef75b87c4b', 'response_time_ms', 152.444304762196, 'milliseconds', '2025-09-04T12:31:15.341316+00:00', '{}'),
    ('63bf22c9-06cd-40cf-b818-2dcd7435e3d6', 'response_time_ms', 154.59453440546, 'milliseconds', '2025-09-04T11:31:15.341316+00:00', '{}'),
    ('53be0fdf-f46f-4866-b1e8-d7ff1ca950ce', 'response_time_ms', 147.790463520316, 'milliseconds', '2025-09-04T10:31:15.341316+00:00', '{}'),
    ('8f40d8f4-80f2-47c1-ba73-5e42004584e0', 'response_time_ms', 142.676388383851, 'milliseconds', '2025-09-04T09:31:15.341316+00:00', '{}'),
    ('6da7503d-4ee5-43e5-9a2e-490971ab5f00', 'response_time_ms', 146.447416209723, 'milliseconds', '2025-09-04T08:31:15.341316+00:00', '{}'),
    ('879b64a3-a968-4c96-8df5-6362116b56b1', 'response_time_ms', 151.356284912396, 'milliseconds', '2025-09-04T07:31:15.341316+00:00', '{}'),
    ('1f66a36a-1dd7-46ec-9456-37e1c613b7b8', 'response_time_ms', 159.853887012113, 'milliseconds', '2025-09-04T06:31:15.341316+00:00', '{}'),
    ('1111a893-4c72-4498-816a-6f96785d4e1b', 'response_time_ms', 154.920916223003, 'milliseconds', '2025-09-04T05:31:15.341316+00:00', '{}'),
    ('a13fc1eb-b9f0-4053-a271-0cce5f432cbc', 'response_time_ms', 147.100152925722, 'milliseconds', '2025-09-04T04:31:15.341316+00:00', '{}'),
    ('fc8cd899-f375-4390-bd5f-1647a5f26e5e', 'response_time_ms', 152.009176104396, 'milliseconds', '2025-09-04T03:31:15.341316+00:00', '{}'),
    ('47e6695c-2fb4-4043-a8e3-312ed3b43da7', 'response_time_ms', 149.722914920401, 'milliseconds', '2025-09-04T02:31:15.341316+00:00', '{}'),
    ('38845e3b-d18c-4a74-9157-4237716294ad', 'response_time_ms', 142.308748632138, 'milliseconds', '2025-09-04T01:31:15.341316+00:00', '{}'),
    ('2c4ca1fb-566b-4a52-9b23-cccb52496b40', 'response_time_ms', 150.364273732821, 'milliseconds', '2025-09-04T00:31:15.341316+00:00', '{}'),
    ('6cc6b0bc-71eb-451f-8e85-c0b927a99e2f', 'response_time_ms', 147.523412110791, 'milliseconds', '2025-09-03T23:31:15.341316+00:00', '{}'),
    ('aa928150-45d5-4758-be45-e9657b3e99c9', 'response_time_ms', 141.299768435272, 'milliseconds', '2025-09-03T22:31:15.341316+00:00', '{}');

INSERT INTO "system_metrics" ("id", "metric_name", "metric_value", "metric_unit", "recorded_at", "metadata") VALUES
    ('39af006b-1870-49a1-83b3-726a1406561f', 'response_time_ms', 157.850099138022, 'milliseconds', '2025-09-03T21:31:15.341316+00:00', '{}'),
    ('ac22d7d3-2d30-44fb-bc2b-8104e7d64261', 'response_time_ms', 151.94419178502, 'milliseconds', '2025-09-03T20:31:15.341316+00:00', '{}'),
    ('ebc7482c-f2ae-441e-8313-ab9848661bf8', 'response_time_ms', 159.673269597633, 'milliseconds', '2025-09-03T19:31:15.341316+00:00', '{}'),
    ('60ff7120-c478-434a-b1f5-4660ff253e2b', 'response_time_ms', 157.859018884298, 'milliseconds', '2025-09-03T18:31:15.341316+00:00', '{}'),
    ('2a16d75b-09a5-44f4-a8c4-060a3ea972bc', 'error_rate_percent', 4.14924022446558, 'percent', '2025-09-04T17:31:15.341316+00:00', '{}'),
    ('2400c305-d7f6-4ecb-90b1-1864eac2a894', 'error_rate_percent', 7.05790360200781, 'percent', '2025-09-04T16:31:15.341316+00:00', '{}'),
    ('296bff4e-21b2-4239-99bd-109b6f276b18', 'error_rate_percent', -0.384314798699769, 'percent', '2025-09-04T15:31:15.341316+00:00', '{}'),
    ('e75e6d2c-d3bc-444a-912d-0511edd2a816', 'error_rate_percent', -0.179758916988042, 'percent', '2025-09-04T14:31:15.341316+00:00', '{}'),
    ('f74a0159-b3c4-46fb-95d8-828e8411e40b', 'error_rate_percent', -1.3584497966796, 'percent', '2025-09-04T13:31:15.341316+00:00', '{}'),
    ('e210df3f-aa03-4c3d-8455-b9fba4d24d2c', 'error_rate_percent', 5.46057726391435, 'percent', '2025-09-04T12:31:15.341316+00:00', '{}'),
    ('c6fc4bbe-f9e2-49d3-85a6-1088984c0621', 'error_rate_percent', -4.49139045446486, 'percent', '2025-09-04T11:31:15.341316+00:00', '{}'),
    ('d8b5c537-37b4-4229-97e4-d62689ce3778', 'error_rate_percent', 4.54158579290044, 'percent', '2025-09-04T10:31:15.341316+00:00', '{}'),
    ('485abf98-e8e8-49fe-9cb7-d4bac07c1a94', 'error_rate_percent', 0.607285316213254, 'percent', '2025-09-04T09:31:15.341316+00:00', '{}'),
    ('bac7384f-d086-423f-ac6e-71358e7e9df8', 'error_rate_percent', -8.38249770853732, 'percent', '2025-09-04T08:31:15.341316+00:00', '{}'),
    ('93a0b173-5a6c-4556-8dc8-8847c5bc50e8', 'error_rate_percent', 4.95780446622298, 'percent', '2025-09-04T07:31:15.341316+00:00', '{}'),
    ('50d3b7fa-c37a-4bbf-90ef-65d22de264b3', 'error_rate_percent', -4.31946247431521, 'percent', '2025-09-04T06:31:15.341316+00:00', '{}'),
    ('c85e62b7-faeb-4910-8c60-1c81edd22dfe', 'error_rate_percent', -5.96148787495224, 'percent', '2025-09-04T05:31:15.341316+00:00', '{}'),
    ('7f31056e-e301-4043-a427-9962b5a95cfb', 'error_rate_percent', 1.07118153486588, 'percent', '2025-09-04T04:31:15.341316+00:00', '{}'),
    ('a9bb54ad-cd83-4bb9-87f6-f847a47a6561', 'error_rate_percent', -5.80274639654639, 'percent', '2025-09-04T03:31:15.341316+00:00', '{}'),
    ('4e708e35-738c-400a-9cd5-e1271de3d8f0', 'error_rate_percent', 2.47392254744112, 'percent', '2025-09-04T02:31:15.341316+00:00', '{}'),
    ('12027cdd-916b-4248-ad0d-e10f6ab5c239', 'error_rate_percent', 0.269435107527794, 'percent', '2025-09-04T01:31:15.341316+00:00', '{}'),
    ('7326f1ac-74eb-4f5e-bda2-39fa4d22c7de', 'error_rate_percent', 8.34110947852815, 'percent', '2025-09-04T00:31:15.341316+00:00', '{}'),
    ('4dc96c87-7bb2-4717-96a9-e0ab2a34933b', 'error_rate_percent', -3.14040837135398, 'percent', '2025-09-03T23:31:15.341316+00:00', '{}'),
    ('950bdc8b-0cea-4d98-8074-9521d12d2491', 'error_rate_percent', 5.46075238843451, 'percent', '2025-09-03T22:31:15.341316+00:00', '{}'),
    ('02ffcd94-eaae-41d1-b82c-c776019f7dae', 'error_rate_percent', -4.20368397763156, 'percent', '2025-09-03T21:31:15.341316+00:00', '{}'),
    ('c974da93-2d48-473c-86dd-9a70837dc5ea', 'error_rate_percent', 4.80806434420317, 'percent', '2025-09-03T20:31:15.341316+00:00', '{}'),
    ('8e8fbef2-606b-4110-b01b-48fe472c7144', 'error_rate_percent', -0.832924433694732, 'percent', '2025-09-03T19:31:15.341316+00:00', '{}'),
    ('2ab51879-d97c-48d9-99f0-9606de506f49', 'error_rate_percent', 1.11897121507636, 'percent', '2025-09-03T18:31:15.341316+00:00', '{}'),
    ('16575570-8ff2-411e-8233-6c3f874ceabb', 'cpu_usage_percent', 26.6673160234681, 'percent', '2025-09-04T17:31:15.341316+00:00', '{}'),
    ('a6917fe2-e6b0-476e-a700-672ca7b328f2', 'cpu_usage_percent', 33.8415816073639, 'percent', '2025-09-04T16:31:15.341316+00:00', '{}'),
    ('1211c155-0cb5-4c4c-87d5-a430680231d5', 'cpu_usage_percent', 39.8159703875118, 'percent', '2025-09-04T15:31:15.341316+00:00', '{}'),
    ('40770322-1ad6-4269-b709-186de390aa0d', 'cpu_usage_percent', 27.332608570793, 'percent', '2025-09-04T14:31:15.341316+00:00', '{}'),
    ('6ca44e33-b79b-4790-8d24-d973656ea6bb', 'cpu_usage_percent', 43.5698647903179, 'percent', '2025-09-04T13:31:15.341316+00:00', '{}'),
    ('d126e2cd-8205-42c8-a97e-fc0685ee442b', 'cpu_usage_percent', 39.1667902281942, 'percent', '2025-09-04T12:31:15.341316+00:00', '{}'),
    ('63bbb8cb-be2f-446b-b21a-3796e3fa3fc6', 'cpu_usage_percent', 40.6067499664862, 'percent', '2025-09-04T11:31:15.341316+00:00', '{}'),
    ('dbf6f8fc-3d73-4614-9948-46e49c2c8cea', 'cpu_usage_percent', 28.0830506025013, 'percent', '2025-09-04T10:31:15.341316+00:00', '{}'),
    ('72319c2c-ae86-49ab-9713-470fb5e90ffa', 'cpu_usage_percent', 30.3926801748019, 'percent', '2025-09-04T09:31:15.341316+00:00', '{}'),
    ('a92a7888-91a4-4ced-96b6-34a2a9a90288', 'cpu_usage_percent', 25.2357878941065, 'percent', '2025-09-04T08:31:15.341316+00:00', '{}'),
    ('f7295c27-1b7d-4cdb-98b9-33950aa4fd79', 'cpu_usage_percent', 30.2826394361073, 'percent', '2025-09-04T07:31:15.341316+00:00', '{}'),
    ('90107fa2-7bbc-4bc3-a50d-a1539f8de15f', 'cpu_usage_percent', 41.6282508681631, 'percent', '2025-09-04T06:31:15.341316+00:00', '{}'),
    ('c39de845-f6eb-48eb-bff6-b675d384112d', 'cpu_usage_percent', 25.2303304124691, 'percent', '2025-09-04T05:31:15.341316+00:00', '{}'),
    ('64d0d76a-9005-4e8b-87ee-2742ddbdbb09', 'cpu_usage_percent', 39.8379771984108, 'percent', '2025-09-04T04:31:15.341316+00:00', '{}'),
    ('43034aac-832f-42c3-be44-4ff08fec199c', 'cpu_usage_percent', 37.7978191243346, 'percent', '2025-09-04T03:31:15.341316+00:00', '{}'),
    ('d673ae98-408b-4be7-ac87-72593c09536d', 'cpu_usage_percent', 33.6792045096484, 'percent', '2025-09-04T02:31:15.341316+00:00', '{}'),
    ('167ceb2f-795d-408b-8552-041ea7771203', 'cpu_usage_percent', 44.5691385685482, 'percent', '2025-09-04T01:31:15.341316+00:00', '{}'),
    ('04f7cd6a-9237-4fa7-844d-0490b8bc0ce8', 'cpu_usage_percent', 40.3956333210129, 'percent', '2025-09-04T00:31:15.341316+00:00', '{}'),
    ('28553033-8596-45e1-b65c-36073df51fca', 'cpu_usage_percent', 43.5223152047923, 'percent', '2025-09-03T23:31:15.341316+00:00', '{}'),
    ('7b725ab4-fb51-4860-a929-cc3814976069', 'cpu_usage_percent', 36.8868451012669, 'percent', '2025-09-03T22:31:15.341316+00:00', '{}'),
    ('5e3a50af-eafe-4c68-a63a-026439fa1515', 'cpu_usage_percent', 40.8281837337087, 'percent', '2025-09-03T21:31:15.341316+00:00', '{}'),
    ('d711acb3-730b-4ccc-a150-1111ca993580', 'cpu_usage_percent', 35.6040705674179, 'percent', '2025-09-03T20:31:15.341316+00:00', '{}'),
    ('b23fed47-5cfa-4d46-94eb-02ad9f663802', 'cpu_usage_percent', 30.5067712639407, 'percent', '2025-09-03T19:31:15.341316+00:00', '{}'),
    ('c5dd5c22-251a-4153-b67a-1fcd289e3440', 'cpu_usage_percent', 35.9189050653626, 'percent', '2025-09-03T18:31:15.341316+00:00', '{}'),
    ('c80f59a6-4a16-4009-9bf4-38212556fdfe', 'memory_usage_percent', 61.7141445395594, 'percent', '2025-09-04T17:31:15.341316+00:00', '{}'),
    ('500087e0-d6fe-4b75-84da-e6fb2bd7ae65', 'memory_usage_percent', 67.2051372545236, 'percent', '2025-09-04T16:31:15.341316+00:00', '{}'),
    ('ec7811ae-7690-42b8-a007-4d31b88366f3', 'memory_usage_percent', 53.339576541522, 'percent', '2025-09-04T15:31:15.341316+00:00', '{}'),
    ('5c1e1c03-0f27-4bd6-888a-59e3a22d267d', 'memory_usage_percent', 64.8657550383141, 'percent', '2025-09-04T14:31:15.341316+00:00', '{}'),
    ('424811f7-e9cd-4b44-bc84-dff7852f70db', 'memory_usage_percent', 62.0051410916417, 'percent', '2025-09-04T13:31:15.341316+00:00', '{}'),
    ('83bf92dc-b70f-4e01-a2e4-6305b7161dd4', 'memory_usage_percent', 50.8926200400762, 'percent', '2025-09-04T12:31:15.341316+00:00', '{}'),
    ('5d06b3f0-1b55-4620-be5d-97ec5f75e7a1', 'memory_usage_percent', 69.9994611771585, 'percent', '2025-09-04T11:31:15.341316+00:00', '{}'),
    ('38fec947-a919-496c-bcb0-b192b2caaa0f', 'memory_usage_percent', 57.7297671555727, 'percent', '2025-09-04T10:31:15.341316+00:00', '{}'),
    ('7a6c5cd6-0cff-4cf8-ae65-39901648ff61', 'memory_usage_percent', 66.6248398153532, 'percent', '2025-09-04T09:31:15.341316+00:00', '{}'),
    ('e1f993bb-4869-4fb9-aa28-3ae288c92bb1', 'memory_usage_percent', 60.4134737027543, 'percent', '2025-09-04T08:31:15.341316+00:00', '{}'),
    ('dd35f10f-b9a7-40f3-b2f8-d08da87ca9ae', 'memory_usage_percent', 61.7238535865627, 'percent', '2025-09-04T07:31:15.341316+00:00', '{}'),
    ('3c4f61a9-bdae-4773-9d6c-6133798e4580', 'memory_usage_percent', 63.7275278765763, 'percent', '2025-09-04T06:31:15.341316+00:00', '{}'),
    ('935f891e-ee78-4386-b373-cc2bc68977a7', 'memory_usage_percent', 66.7477556313137, 'percent', '2025-09-04T05:31:15.341316+00:00', '{}'),
    ('f43f1750-1c89-4089-9a4d-5eaf5d0e0e3c', 'memory_usage_percent', 55.7192364934843, 'percent', '2025-09-04T04:31:15.341316+00:00', '{}'),
    ('609b0085-aded-46d0-a369-100b968a1b2e', 'memory_usage_percent', 68.8053319881836, 'percent', '2025-09-04T03:31:15.341316+00:00', '{}'),
    ('e5224d09-2136-42fe-9d54-6f78f26cefe1', 'memory_usage_percent', 57.8784936603942, 'percent', '2025-09-04T02:31:15.341316+00:00', '{}'),
    ('c33d2826-174a-4b6f-9a1b-787a65f4ba19', 'memory_usage_percent', 53.1895424791681, 'percent', '2025-09-04T01:31:15.341316+00:00', '{}'),
    ('7f2b0c4d-028d-46ba-b4b8-6b7663f5d97b', 'memory_usage_percent', 61.9965964927182, 'percent', '2025-09-04T00:31:15.341316+00:00', '{}'),
    ('c7c95982-ee8d-49b3-afac-30965bdeaccb', 'memory_usage_percent', 57.2199352565347, 'percent', '2025-09-03T23:31:15.341316+00:00', '{}'),
    ('06f3613a-3868-4357-a9b8-3e9f1b5a5377', 'memory_usage_percent', 66.7669546591028, 'percent', '2025-09-03T22:31:15.341316+00:00', '{}'),
    ('8b52d594-a70d-47d7-a0bb-9a57d4199fb1', 'memory_usage_percent', 66.3053665750744, 'percent', '2025-09-03T21:31:15.341316+00:00', '{}'),
    ('33f7b328-2e26-4f0f-9621-15ab53ffcf59', 'memory_usage_percent', 64.1923364190899, 'percent', '2025-09-03T20:31:15.341316+00:00', '{}'),
    ('3de0103a-ce28-44a3-bdd5-ef546b45794e', 'memory_usage_percent', 58.4841816352753, 'percent', '2025-09-03T19:31:15.341316+00:00', '{}'),
    ('5accf181-589e-4d06-a82b-73134581e211', 'memory_usage_percent', 50.6834382461855, 'percent', '2025-09-03T18:31:15.341316+00:00', '{}'),
    ('e51bca3c-5703-4fa2-929b-666f14bb32ac', 'active_connections', 49.904742682591, 'count', '2025-09-04T17:31:15.341316+00:00', '{}'),
    ('4d07e214-ec2c-4f80-8c3b-4b75c425ae50', 'active_connections', 39.6969731388587, 'count', '2025-09-04T16:31:15.341316+00:00', '{}'),
    ('fafe5a99-fb63-44a0-a17b-7547de59102d', 'active_connections', 51.6998192994487, 'count', '2025-09-04T15:31:15.341316+00:00', '{}'),
    ('b4cae343-739c-4954-8a5b-1f18d734aa21', 'active_connections', 40.8719748179644, 'count', '2025-09-04T14:31:15.341316+00:00', '{}'),
    ('590a1949-7803-4daa-b829-09b64e18da4f', 'active_connections', 46.6266495215649, 'count', '2025-09-04T13:31:15.341316+00:00', '{}'),
    ('9e6c0fb8-93fd-4b67-90c8-5345c9dcd636', 'active_connections', 48.4845608187553, 'count', '2025-09-04T12:31:15.341316+00:00', '{}'),
    ('89c6c5df-ee3d-4572-91aa-3c2508cccbc8', 'active_connections', 36.1883128646916, 'count', '2025-09-04T11:31:15.341316+00:00', '{}'),
    ('c592eb42-f6a7-4521-988a-22d31bc5646c', 'active_connections', 41.0630155445228, 'count', '2025-09-04T10:31:15.341316+00:00', '{}'),
    ('dab8992a-52c2-472b-8606-d28b91ff6e48', 'active_connections', 47.4009784828443, 'count', '2025-09-04T09:31:15.341316+00:00', '{}'),
    ('bfda7985-ef42-417e-89d8-7916ab115345', 'active_connections', 50.707571327501, 'count', '2025-09-04T08:31:15.341316+00:00', '{}'),
    ('1166d022-f9bd-4dce-be8f-4059f8df9f03', 'active_connections', 38.9675912350143, 'count', '2025-09-04T07:31:15.341316+00:00', '{}'),
    ('716af621-db25-4c21-be41-7416e59557e2', 'active_connections', 39.8897199372948, 'count', '2025-09-04T06:31:15.341316+00:00', '{}'),
    ('e6aa266d-06f4-43cc-866f-2ec63188f3c6', 'active_connections', 36.2566025867931, 'count', '2025-09-04T05:31:15.341316+00:00', '{}'),
    ('2f541ea7-bca1-4a68-b54e-20fa9d048c53', 'active_connections', 40.0774024615351, 'count', '2025-09-04T04:31:15.341316+00:00', '{}'),
    ('355ab70c-6494-459b-8092-a356b3628f0f', 'active_connections', 40.7849776885447, 'count', '2025-09-04T03:31:15.341316+00:00', '{}'),
    ('cdf55c6d-e703-4af4-8710-ed4face579fa', 'active_connections', 52.7969405529611, 'count', '2025-09-04T02:31:15.341316+00:00', '{}'),
    ('e935bf7a-5b47-4538-b039-0a1d76fd7177', 'active_connections', 43.1838881541874, 'count', '2025-09-04T01:31:15.341316+00:00', '{}'),
    ('995b07e2-54f6-4230-90d5-7ec2b9974deb', 'active_connections', 43.1795105709186, 'count', '2025-09-04T00:31:15.341316+00:00', '{}'),
    ('3022c915-040d-45c2-a149-8eaa9c5735f3', 'active_connections', 39.2035298554528, 'count', '2025-09-03T23:31:15.341316+00:00', '{}'),
    ('6c5b79f0-bd2a-4469-995d-13de7d0cec5c', 'active_connections', 45.9958336358574, 'count', '2025-09-03T22:31:15.341316+00:00', '{}'),
    ('b0f8aedf-dfcd-446e-b569-a8521d511fcf', 'active_connections', 52.2778789082411, 'count', '2025-09-03T21:31:15.341316+00:00', '{}'),
    ('cfd2e6d4-a675-4b14-b402-3c9de5cb9b92', 'active_connections', 37.1939566807745, 'count', '2025-09-03T20:31:15.341316+00:00', '{}'),
    ('765c5f65-053b-4ffe-a0d9-a6a0b06e785c', 'active_connections', 50.1251180998745, 'count', '2025-09-03T19:31:15.341316+00:00', '{}'),
    ('69bdd2b2-30f7-4faa-b161-72279d57c96f', 'active_connections', 41.0734911612558, 'count', '2025-09-03T18:31:15.341316+00:00', '{}');

INSERT INTO "system_metrics" ("id", "metric_name", "metric_value", "metric_unit", "recorded_at", "metadata") VALUES
    ('6fbcdcec-1f3e-4f3c-a517-9adde36abb4d', 'response_time_ms', 149.467453836999, 'milliseconds', '2025-09-04T17:31:15.341316+00:00', '{}'),
    ('037e2f8f-d268-47c1-8f48-eef673e0e464', 'response_time_ms', 140.66772867097, 'milliseconds', '2025-09-04T16:31:15.341316+00:00', '{}'),
    ('e63a2f88-fa8c-48e4-be07-7382320b9a47', 'response_time_ms', 147.075528458804, 'milliseconds', '2025-09-04T15:31:15.341316+00:00', '{}'),
    ('e58a3abe-05e0-49e9-97c7-da8598077ece', 'response_time_ms', 151.218701532302, 'milliseconds', '2025-09-04T14:31:15.341316+00:00', '{}'),
    ('3502c0fb-623a-43ea-ab5e-0761739e81e6', 'response_time_ms', 155.467820492024, 'milliseconds', '2025-09-04T13:31:15.341316+00:00', '{}'),
    ('1c91bf5e-974e-47b3-840f-65beece2ceab', 'response_time_ms', 144.891593706094, 'milliseconds', '2025-09-04T12:31:15.341316+00:00', '{}'),
    ('d66b11ef-2a3c-4d4b-8190-5e3c0b5d96e8', 'response_time_ms', 145.568859281526, 'milliseconds', '2025-09-04T11:31:15.341316+00:00', '{}'),
    ('1bfdbb32-37fa-4a77-8aad-24c48355caf0', 'response_time_ms', 158.827094273704, 'milliseconds', '2025-09-04T10:31:15.341316+00:00', '{}'),
    ('6e632d09-6d0f-4baf-8306-a454e09b1d49', 'response_time_ms', 159.927111912083, 'milliseconds', '2025-09-04T09:31:15.341316+00:00', '{}'),
    ('955cc03b-129b-487c-802b-657d5013ce0b', 'response_time_ms', 155.497049275013, 'milliseconds', '2025-09-04T08:31:15.341316+00:00', '{}'),
    ('3d6c709e-3c7d-4e7b-9abf-6a3f0c4169b0', 'response_time_ms', 153.406054355375, 'milliseconds', '2025-09-04T07:31:15.341316+00:00', '{}'),
    ('d3365b55-5139-445d-8236-bb1897b5fd4e', 'response_time_ms', 159.716610505058, 'milliseconds', '2025-09-04T06:31:15.341316+00:00', '{}'),
    ('8d05cf45-7325-4c9f-b532-b12514c0f042', 'response_time_ms', 148.603999967663, 'milliseconds', '2025-09-04T05:31:15.341316+00:00', '{}'),
    ('6273b059-f685-41f6-b56c-c1b05961672a', 'response_time_ms', 156.792591449908, 'milliseconds', '2025-09-04T04:31:15.341316+00:00', '{}'),
    ('3f51feae-d021-411f-b4ec-20281e4ee479', 'response_time_ms', 153.230055697084, 'milliseconds', '2025-09-04T03:31:15.341316+00:00', '{}'),
    ('eb6fcaa9-09fd-4999-ab6a-c3e176d638c0', 'response_time_ms', 151.384633373687, 'milliseconds', '2025-09-04T02:31:15.341316+00:00', '{}'),
    ('db207f3d-196f-4eac-97f1-d39616a300bc', 'response_time_ms', 142.308081044444, 'milliseconds', '2025-09-04T01:31:15.341316+00:00', '{}'),
    ('c2e64d3b-7016-42bf-9b18-f4cfa5292313', 'response_time_ms', 159.219279212089, 'milliseconds', '2025-09-04T00:31:15.341316+00:00', '{}'),
    ('c28b5196-3422-4f91-acd7-0cb79e069f3a', 'response_time_ms', 151.614375819004, 'milliseconds', '2025-09-03T23:31:15.341316+00:00', '{}'),
    ('196f5694-8bda-49bc-b187-9ef2074b1af9', 'response_time_ms', 146.850297776104, 'milliseconds', '2025-09-03T22:31:15.341316+00:00', '{}'),
    ('3001b9c0-32f5-422b-a002-f3cb7b7f0105', 'response_time_ms', 149.079531429916, 'milliseconds', '2025-09-03T21:31:15.341316+00:00', '{}'),
    ('0ec6267a-eeb3-4431-9621-73aaa89757f9', 'response_time_ms', 153.625587167605, 'milliseconds', '2025-09-03T20:31:15.341316+00:00', '{}'),
    ('cf5031c0-a6d6-4f49-8b69-d9c9779f13a5', 'response_time_ms', 151.880003491094, 'milliseconds', '2025-09-03T19:31:15.341316+00:00', '{}'),
    ('ed8bad7b-b606-4768-bf0b-9a41701c23bc', 'response_time_ms', 148.080648284006, 'milliseconds', '2025-09-03T18:31:15.341316+00:00', '{}'),
    ('dc35333f-9bb6-4df3-9f65-1ecf6a3e17c0', 'error_rate_percent', 9.80463042821797, 'percent', '2025-09-04T17:31:15.341316+00:00', '{}'),
    ('4ebeabcb-8ca2-4b1a-8b5d-3190b79ea887', 'error_rate_percent', -6.48905532640269, 'percent', '2025-09-04T16:31:15.341316+00:00', '{}'),
    ('116e15bf-bbce-4989-b857-baa335886f48', 'error_rate_percent', -7.34965458569732, 'percent', '2025-09-04T15:31:15.341316+00:00', '{}'),
    ('a86b4c6d-ff2b-4412-bad8-5652a7724193', 'error_rate_percent', -0.0845383354042823, 'percent', '2025-09-04T14:31:15.341316+00:00', '{}'),
    ('8411acdf-de27-4a2f-97b0-74759e977353', 'error_rate_percent', -5.88295377571839, 'percent', '2025-09-04T13:31:15.341316+00:00', '{}'),
    ('9dac1139-f96c-41bb-9233-75a62361040b', 'error_rate_percent', 8.37742914402614, 'percent', '2025-09-04T12:31:15.341316+00:00', '{}'),
    ('2deddf65-6ec9-4db7-a4f3-4a056ae6e720', 'error_rate_percent', -6.36901826834753, 'percent', '2025-09-04T11:31:15.341316+00:00', '{}'),
    ('90079256-0b8b-4931-be9e-b94ab1b4d0ec', 'error_rate_percent', -0.85390777742586, 'percent', '2025-09-04T10:31:15.341316+00:00', '{}'),
    ('01a9e34b-078f-4b7c-88ad-4bc1ecc62d10', 'error_rate_percent', -5.57764159551207, 'percent', '2025-09-04T09:31:15.341316+00:00', '{}'),
    ('329bd668-05d6-4fb5-b3b3-c8792a2741da', 'error_rate_percent', -8.61060497671665, 'percent', '2025-09-04T08:31:15.341316+00:00', '{}'),
    ('7c356dec-5441-495b-aeb2-f8cee15f98db', 'error_rate_percent', 4.73680716072553, 'percent', '2025-09-04T07:31:15.341316+00:00', '{}'),
    ('0c4d6dbc-8c81-47fc-a57d-046270855296', 'error_rate_percent', 2.5352427047356, 'percent', '2025-09-04T06:31:15.341316+00:00', '{}'),
    ('e0e294cc-9749-481a-89d5-976952dbfbe0', 'error_rate_percent', -5.95284539321456, 'percent', '2025-09-04T05:31:15.341316+00:00', '{}'),
    ('e2ffaf82-abfd-4b63-8431-468ec615636f', 'error_rate_percent', -5.79668190581929, 'percent', '2025-09-04T04:31:15.341316+00:00', '{}'),
    ('3af1e779-6119-4ac2-9d29-94f316dcb019', 'error_rate_percent', 7.24735381606362, 'percent', '2025-09-04T03:31:15.341316+00:00', '{}'),
    ('b73fc92b-189d-48af-b406-eef15f693e09', 'error_rate_percent', 1.04753276374619, 'percent', '2025-09-04T02:31:15.341316+00:00', '{}'),
    ('21b383d0-c2af-4d95-9572-3503e811ac75', 'error_rate_percent', 5.67301058061226, 'percent', '2025-09-04T01:31:15.341316+00:00', '{}'),
    ('fa9fbe2d-34d2-4e4d-b810-525fe7a8c025', 'error_rate_percent', -9.19983544943028, 'percent', '2025-09-04T00:31:15.341316+00:00', '{}'),
    ('f8a64c49-ace0-4727-9ee8-26d9d95313db', 'error_rate_percent', 1.92732464713745, 'percent', '2025-09-03T23:31:15.341316+00:00', '{}'),
    ('1c89da28-86d4-4424-b924-4347922e4acb', 'error_rate_percent', 0.519779145494375, 'percent', '2025-09-03T22:31:15.341316+00:00', '{}'),
    ('fb542df3-11a1-4a3f-bd90-cdf44b1871ea', 'error_rate_percent', 5.39531885578004, 'percent', '2025-09-03T21:31:15.341316+00:00', '{}'),
    ('7f4d5708-185d-4d1f-b1f9-be16239bf2b9', 'error_rate_percent', 1.01660745662993, 'percent', '2025-09-03T20:31:15.341316+00:00', '{}'),
    ('aeb3f073-400a-4707-b26d-51ceda2cfdb5', 'error_rate_percent', 6.68454983381858, 'percent', '2025-09-03T19:31:15.341316+00:00', '{}'),
    ('9b0976df-8bde-4d9a-aa39-e6c98604a55c', 'error_rate_percent', 2.79259835589561, 'percent', '2025-09-03T18:31:15.341316+00:00', '{}'),
    ('e615afa1-54fb-45a7-80e9-862f3a63f9d2', 'cpu_usage_percent', 39.3159952396905, 'percent', '2025-09-04T17:31:15.341316+00:00', '{}'),
    ('8568cda7-e76d-4298-8e2d-89e155c0de54', 'cpu_usage_percent', 42.5251634187751, 'percent', '2025-09-04T16:31:15.341316+00:00', '{}'),
    ('7c93e8bb-5fbb-42d6-8ebe-fb8cd4b7baa6', 'cpu_usage_percent', 37.0618356174541, 'percent', '2025-09-04T15:31:15.341316+00:00', '{}'),
    ('4b7d84b0-b8a6-4bf3-af65-dd8dc4a08b77', 'cpu_usage_percent', 32.4701332807307, 'percent', '2025-09-04T14:31:15.341316+00:00', '{}'),
    ('88da47e6-6783-4157-a68e-8d6b5b1b8547', 'cpu_usage_percent', 37.2361647521901, 'percent', '2025-09-04T13:31:15.341316+00:00', '{}'),
    ('abb6afba-5d72-414f-9d08-43f8b88284fa', 'cpu_usage_percent', 28.0654085087587, 'percent', '2025-09-04T12:31:15.341316+00:00', '{}'),
    ('be505b83-8cbc-4c07-9a07-f2af7405015b', 'cpu_usage_percent', 34.4966689344532, 'percent', '2025-09-04T11:31:15.341316+00:00', '{}'),
    ('c0e4ddc4-1f8f-4fa9-8cd6-4d65c2b6fd7b', 'cpu_usage_percent', 25.9653701872239, 'percent', '2025-09-04T10:31:15.341316+00:00', '{}'),
    ('72afbdc0-573e-4350-84c5-02b482a02c86', 'cpu_usage_percent', 34.1580692078885, 'percent', '2025-09-04T09:31:15.341316+00:00', '{}'),
    ('59fd36c8-5cb5-4e8a-a046-45ba7b7994f7', 'cpu_usage_percent', 31.8157565674086, 'percent', '2025-09-04T08:31:15.341316+00:00', '{}'),
    ('79cae028-9ab5-425f-859a-d554f5aef4ae', 'cpu_usage_percent', 34.4040359782245, 'percent', '2025-09-04T07:31:15.341316+00:00', '{}'),
    ('2a8e6aca-83ff-4c4e-b5dd-c37a009a9fca', 'cpu_usage_percent', 26.7464958315885, 'percent', '2025-09-04T06:31:15.341316+00:00', '{}'),
    ('3f6ae5d5-81fd-470d-b3ed-70069e65c8e8', 'cpu_usage_percent', 40.417645761291, 'percent', '2025-09-04T05:31:15.341316+00:00', '{}'),
    ('68c83204-a034-48b0-a8f4-44c878aebec0', 'cpu_usage_percent', 44.1945710588124, 'percent', '2025-09-04T04:31:15.341316+00:00', '{}'),
    ('1bb2216c-5904-4bd7-be04-ce5868108ade', 'cpu_usage_percent', 27.7428682991081, 'percent', '2025-09-04T03:31:15.341316+00:00', '{}'),
    ('66147d25-32b6-4aa4-b6e1-1e4f050d7e0d', 'cpu_usage_percent', 43.4312518934628, 'percent', '2025-09-04T02:31:15.341316+00:00', '{}'),
    ('c115e812-994d-4eca-b831-c34afd3b7b6b', 'cpu_usage_percent', 35.8197030819786, 'percent', '2025-09-04T01:31:15.341316+00:00', '{}'),
    ('e6403f61-1571-4494-ac91-29aae3ad60c2', 'cpu_usage_percent', 28.453898696104, 'percent', '2025-09-04T00:31:15.341316+00:00', '{}'),
    ('65c29af0-5232-405c-a1aa-a4e465f7dcfe', 'cpu_usage_percent', 42.7492289097726, 'percent', '2025-09-03T23:31:15.341316+00:00', '{}'),
    ('13ae3e40-e1c1-4e4e-a326-c97524285a7b', 'cpu_usage_percent', 25.2254240715765, 'percent', '2025-09-03T22:31:15.341316+00:00', '{}'),
    ('921804b2-9ae3-4f1d-9175-396ea070003d', 'cpu_usage_percent', 36.4782791529043, 'percent', '2025-09-03T21:31:15.341316+00:00', '{}'),
    ('86c855c7-fc1e-4f34-ae21-fd76af54b411', 'cpu_usage_percent', 26.3045262278532, 'percent', '2025-09-03T20:31:15.341316+00:00', '{}'),
    ('7fe9a719-9eb0-4152-944b-c992eaee94b5', 'cpu_usage_percent', 38.7005958853215, 'percent', '2025-09-03T19:31:15.341316+00:00', '{}'),
    ('0a674440-8dc5-4e74-baa5-d35fe84cb13c', 'cpu_usage_percent', 39.9742668782905, 'percent', '2025-09-03T18:31:15.341316+00:00', '{}'),
    ('bccc1364-82f6-4e89-8821-f3ed1a865c99', 'memory_usage_percent', 63.0046944690006, 'percent', '2025-09-04T17:31:15.341316+00:00', '{}'),
    ('24b99c3b-bb96-494b-9dcd-9ad04bb1d071', 'memory_usage_percent', 69.7343250994702, 'percent', '2025-09-04T16:31:15.341316+00:00', '{}'),
    ('77675061-3cd2-489d-b79a-9750a44f4cd3', 'memory_usage_percent', 69.9345127112876, 'percent', '2025-09-04T15:31:15.341316+00:00', '{}'),
    ('23d019de-d1d8-4114-b082-b5083a986ee5', 'memory_usage_percent', 68.1939998759264, 'percent', '2025-09-04T14:31:15.341316+00:00', '{}'),
    ('2c447b62-ad48-4825-a553-c9f9bc852962', 'memory_usage_percent', 63.8906186252304, 'percent', '2025-09-04T13:31:15.341316+00:00', '{}'),
    ('341b4cb6-5f1c-46b1-a0dc-084cbff3955a', 'memory_usage_percent', 68.4793556471817, 'percent', '2025-09-04T12:31:15.341316+00:00', '{}'),
    ('ab981958-79a0-4a13-bf6c-bd9ace54ed38', 'memory_usage_percent', 58.3507537701535, 'percent', '2025-09-04T11:31:15.341316+00:00', '{}'),
    ('d799d5ac-745d-4633-bb62-4df820c53685', 'memory_usage_percent', 59.6385891847231, 'percent', '2025-09-04T10:31:15.341316+00:00', '{}'),
    ('2a519a50-6c25-40bf-b202-ccbb77016e7b', 'memory_usage_percent', 55.4317652087123, 'percent', '2025-09-04T09:31:15.341316+00:00', '{}'),
    ('0e0b5c8d-09e8-4303-a4cc-f079cca95948', 'memory_usage_percent', 52.5135435424553, 'percent', '2025-09-04T08:31:15.341316+00:00', '{}'),
    ('34227b5c-3c20-488e-9b90-4d0bc03856e6', 'memory_usage_percent', 55.0013690116224, 'percent', '2025-09-04T07:31:15.341316+00:00', '{}'),
    ('9b952999-c2a8-4cf2-a996-d9aa7c69f143', 'memory_usage_percent', 57.5274016708813, 'percent', '2025-09-04T06:31:15.341316+00:00', '{}'),
    ('962aa1e6-6c5c-44a5-9a5b-2510f733f2ca', 'memory_usage_percent', 62.1977935282526, 'percent', '2025-09-04T05:31:15.341316+00:00', '{}'),
    ('78df21be-71b6-400a-a1cc-86b1d02ac0a7', 'memory_usage_percent', 68.0866424653134, 'percent', '2025-09-04T04:31:15.341316+00:00', '{}'),
    ('4734fed8-0688-4e65-9577-ce42334cdbf0', 'memory_usage_percent', 61.156700530069, 'percent', '2025-09-04T03:31:15.341316+00:00', '{}'),
    ('8c5433fc-5594-434c-8918-33d72151d5a2', 'memory_usage_percent', 60.226441593778, 'percent', '2025-09-04T02:31:15.341316+00:00', '{}'),
    ('2074d181-e965-4c57-93be-4a3f1980cd40', 'memory_usage_percent', 65.1782483042975, 'percent', '2025-09-04T01:31:15.341316+00:00', '{}'),
    ('fbc6a432-9bea-48bd-9605-484cb9933952', 'memory_usage_percent', 60.2097961651891, 'percent', '2025-09-04T00:31:15.341316+00:00', '{}'),
    ('260f6a9a-fadd-4f81-b9a3-53aea68f9815', 'memory_usage_percent', 68.255732809405, 'percent', '2025-09-03T23:31:15.341316+00:00', '{}'),
    ('aab3d236-dfb1-4c66-95b6-329f01cbce70', 'memory_usage_percent', 53.7982778305096, 'percent', '2025-09-03T22:31:15.341316+00:00', '{}'),
    ('19f4a84a-2e9e-41c4-9e90-1b05b6ac0f48', 'memory_usage_percent', 53.7817215252915, 'percent', '2025-09-03T21:31:15.341316+00:00', '{}'),
    ('63b6949f-9521-445b-95e0-ae9e950289c8', 'memory_usage_percent', 68.9669456720662, 'percent', '2025-09-03T20:31:15.341316+00:00', '{}'),
    ('d307f0d6-d7eb-484f-af05-293e9e6f5f71', 'memory_usage_percent', 59.266674671434, 'percent', '2025-09-03T19:31:15.341316+00:00', '{}'),
    ('5063e699-3448-4265-8510-d127eebbe247', 'memory_usage_percent', 62.7111642592762, 'percent', '2025-09-03T18:31:15.341316+00:00', '{}'),
    ('51f124d6-c3c8-4849-a244-3ccd54e2ac44', 'active_connections', 48.9093408216884, 'count', '2025-09-04T17:31:15.341316+00:00', '{}'),
    ('c5074b29-4f61-4e64-baca-cde8b247e8d7', 'active_connections', 53.1268607684812, 'count', '2025-09-04T16:31:15.341316+00:00', '{}'),
    ('d6f6b11e-4d1c-4373-abe0-712511eeb5c9', 'active_connections', 37.4291254971517, 'count', '2025-09-04T15:31:15.341316+00:00', '{}'),
    ('810371d6-cade-4e76-81a7-f613e5f80329', 'active_connections', 48.0244971394344, 'count', '2025-09-04T14:31:15.341316+00:00', '{}');

INSERT INTO "system_metrics" ("id", "metric_name", "metric_value", "metric_unit", "recorded_at", "metadata") VALUES
    ('4f8d9b63-41a8-4a05-a7fa-d255a9755b45', 'active_connections', 49.0598835275702, 'count', '2025-09-04T13:31:15.341316+00:00', '{}'),
    ('95ec5405-40e5-4f57-b0c5-67eff49aeeb6', 'active_connections', 37.3665929116942, 'count', '2025-09-04T12:31:15.341316+00:00', '{}'),
    ('a76905be-5b4f-486d-a1c6-cc1f17ad5653', 'active_connections', 53.7340215951988, 'count', '2025-09-04T11:31:15.341316+00:00', '{}'),
    ('3349f41c-7fcc-4471-9776-d2b733a5deba', 'active_connections', 39.0580383930899, 'count', '2025-09-04T10:31:15.341316+00:00', '{}'),
    ('73d516f3-c907-410b-b57b-a5ecb5b69d95', 'active_connections', 47.987553625675, 'count', '2025-09-04T09:31:15.341316+00:00', '{}'),
    ('23e159b9-89d9-4394-8fbb-059f508d0fdf', 'active_connections', 54.1356752733685, 'count', '2025-09-04T08:31:15.341316+00:00', '{}'),
    ('d2e78321-cac6-4737-9715-1377022870d2', 'active_connections', 49.6471384884494, 'count', '2025-09-04T07:31:15.341316+00:00', '{}'),
    ('bf4bea3d-61cd-4309-904b-f7fb0808afd7', 'active_connections', 35.4711479729587, 'count', '2025-09-04T06:31:15.341316+00:00', '{}'),
    ('88477903-0353-4910-83d9-f56ea9bca1c2', 'active_connections', 44.610939039482, 'count', '2025-09-04T05:31:15.341316+00:00', '{}'),
    ('1cbb5872-a004-4d3d-85a5-261830373def', 'active_connections', 50.1887709418566, 'count', '2025-09-04T04:31:15.341316+00:00', '{}'),
    ('24ec4497-3125-40ba-a10c-b60924efa5dd', 'active_connections', 53.6913989268632, 'count', '2025-09-04T03:31:15.341316+00:00', '{}'),
    ('0b01ac06-845b-4859-b23e-0a78e95c91e5', 'active_connections', 38.1467062528323, 'count', '2025-09-04T02:31:15.341316+00:00', '{}'),
    ('2260963b-37fc-4e1e-bd20-8c5f8635b0c6', 'active_connections', 54.7242772122236, 'count', '2025-09-04T01:31:15.341316+00:00', '{}'),
    ('7dc21887-e0d6-4856-afc7-d630564b9254', 'active_connections', 39.5960034204913, 'count', '2025-09-04T00:31:15.341316+00:00', '{}'),
    ('28f7e737-f356-4e83-b5b3-daa4658ab606', 'active_connections', 53.7199130888288, 'count', '2025-09-03T23:31:15.341316+00:00', '{}'),
    ('35cc524f-4ec4-4820-9ef2-aedf0aad8284', 'active_connections', 36.8248795760869, 'count', '2025-09-03T22:31:15.341316+00:00', '{}'),
    ('51a60169-7573-4bb8-8105-af163fbb04ce', 'active_connections', 47.5737500529431, 'count', '2025-09-03T21:31:15.341316+00:00', '{}'),
    ('eb067c28-fd76-4783-ba2f-d1ed9f85bea3', 'active_connections', 35.7863809370936, 'count', '2025-09-03T20:31:15.341316+00:00', '{}'),
    ('8a0cca7c-2327-4bac-af75-bcd6a7a1da7f', 'active_connections', 45.0621861251537, 'count', '2025-09-03T19:31:15.341316+00:00', '{}'),
    ('57e45a5f-b7ed-425d-b482-7f25a07094d1', 'active_connections', 47.9807875048761, 'count', '2025-09-03T18:31:15.341316+00:00', '{}'),
    ('a82405a2-75e5-4884-a680-0c172251d28c', 'response_time_ms', 142.366280109106, 'milliseconds', '2025-09-04T17:31:15.341316+00:00', '{}'),
    ('61451bb0-04ce-485a-9f42-815c5cf73838', 'response_time_ms', 143.529537744895, 'milliseconds', '2025-09-04T16:31:15.341316+00:00', '{}'),
    ('fb64deec-dfa6-4e53-a859-0a22a555f0af', 'response_time_ms', 149.051529845368, 'milliseconds', '2025-09-04T15:31:15.341316+00:00', '{}'),
    ('a5b7693c-5226-4a88-8da5-2dd93dd22958', 'response_time_ms', 153.514564261572, 'milliseconds', '2025-09-04T14:31:15.341316+00:00', '{}'),
    ('fa90cab4-045c-4eab-a67f-9efecb91101b', 'response_time_ms', 151.614929581706, 'milliseconds', '2025-09-04T13:31:15.341316+00:00', '{}'),
    ('8da8aa01-e395-4424-8db8-b4495dda8c3a', 'response_time_ms', 159.00740057533, 'milliseconds', '2025-09-04T12:31:15.341316+00:00', '{}'),
    ('c3bab1f0-7545-4eac-9f9d-da3a9b4e5939', 'response_time_ms', 147.506415128517, 'milliseconds', '2025-09-04T11:31:15.341316+00:00', '{}'),
    ('e2f14a00-9719-47f1-a1bf-466ccb3807cd', 'response_time_ms', 143.669456305439, 'milliseconds', '2025-09-04T10:31:15.341316+00:00', '{}'),
    ('9a310596-be69-40d1-b04c-fe7b0401978d', 'response_time_ms', 146.441776234626, 'milliseconds', '2025-09-04T09:31:15.341316+00:00', '{}'),
    ('63f28400-f4e2-491e-bf35-bff4cb2fe49e', 'response_time_ms', 145.392625321403, 'milliseconds', '2025-09-04T08:31:15.341316+00:00', '{}'),
    ('c251261b-344e-471e-94d1-4d6c9ae18e6d', 'response_time_ms', 144.256805831829, 'milliseconds', '2025-09-04T07:31:15.341316+00:00', '{}'),
    ('4c474ff9-65a3-47a0-ac41-57912103f6ca', 'response_time_ms', 150.969221775304, 'milliseconds', '2025-09-04T06:31:15.341316+00:00', '{}'),
    ('1a437d9d-4389-4251-b1d8-5e618c00838f', 'response_time_ms', 143.998458030004, 'milliseconds', '2025-09-04T05:31:15.341316+00:00', '{}'),
    ('b1d4553e-5a54-42ec-8aed-ef1ac1458855', 'response_time_ms', 151.882762386962, 'milliseconds', '2025-09-04T04:31:15.341316+00:00', '{}'),
    ('11f5f4bf-b8c9-40b4-ab23-9bc112de3d7d', 'response_time_ms', 149.413262678331, 'milliseconds', '2025-09-04T03:31:15.341316+00:00', '{}'),
    ('5b1e7c17-a04f-4f41-8a4e-52bfe138a100', 'response_time_ms', 148.055562490965, 'milliseconds', '2025-09-04T02:31:15.341316+00:00', '{}'),
    ('1903dcc7-29a6-4e07-809f-2e342a1aeea4', 'response_time_ms', 149.315499286911, 'milliseconds', '2025-09-04T01:31:15.341316+00:00', '{}'),
    ('80bbc715-3f07-4018-b44f-3d1906ced4e1', 'response_time_ms', 140.997012361362, 'milliseconds', '2025-09-04T00:31:15.341316+00:00', '{}'),
    ('a2162c08-9ff7-4d78-98d3-e673d4d526cf', 'response_time_ms', 153.471069489925, 'milliseconds', '2025-09-03T23:31:15.341316+00:00', '{}'),
    ('8e4c22e3-3e93-44d5-a125-4f6f2b84cec5', 'response_time_ms', 144.163460983975, 'milliseconds', '2025-09-03T22:31:15.341316+00:00', '{}'),
    ('6fd5838d-d4ea-409e-9431-bd0724def4f8', 'response_time_ms', 148.435748799493, 'milliseconds', '2025-09-03T21:31:15.341316+00:00', '{}'),
    ('89bba3da-c28d-402d-a530-0b21b61fa570', 'response_time_ms', 149.798667564083, 'milliseconds', '2025-09-03T20:31:15.341316+00:00', '{}'),
    ('abdbc731-3c4d-4d9c-9e50-15a871c7ae97', 'response_time_ms', 144.680787886453, 'milliseconds', '2025-09-03T19:31:15.341316+00:00', '{}'),
    ('6e58c42e-a844-492b-bc60-516dc434f0c5', 'response_time_ms', 141.106319148785, 'milliseconds', '2025-09-03T18:31:15.341316+00:00', '{}'),
    ('9ade25ec-a81f-46db-8d57-2885a7cd6ca7', 'error_rate_percent', -8.17032095699119, 'percent', '2025-09-04T17:31:15.341316+00:00', '{}'),
    ('84b81d44-0738-4a80-a017-a3c8fe3ff114', 'error_rate_percent', -2.95610281537124, 'percent', '2025-09-04T16:31:15.341316+00:00', '{}'),
    ('5babbc7c-2014-47b9-b306-dfb837a1dda6', 'error_rate_percent', 7.88559444609901, 'percent', '2025-09-04T15:31:15.341316+00:00', '{}'),
    ('efa39e07-2455-4f37-9466-8f50793ee96f', 'error_rate_percent', -2.31805506155049, 'percent', '2025-09-04T14:31:15.341316+00:00', '{}'),
    ('4ecb5868-bd37-4c09-bf59-48849def07ef', 'error_rate_percent', -2.73603336416113, 'percent', '2025-09-04T13:31:15.341316+00:00', '{}'),
    ('377f588f-cc5e-45b4-a9ea-b8d3e1cf78a9', 'error_rate_percent', 3.47918171954745, 'percent', '2025-09-04T12:31:15.341316+00:00', '{}'),
    ('61616e5a-c518-4eeb-9396-82618cc8c7f1', 'error_rate_percent', 8.67296882970336, 'percent', '2025-09-04T11:31:15.341316+00:00', '{}'),
    ('e4da737c-39aa-4748-af5c-1a02d7781a5c', 'error_rate_percent', 5.39448153612761, 'percent', '2025-09-04T10:31:15.341316+00:00', '{}'),
    ('3e0c4773-8793-490d-8b41-cb0ab8280e7e', 'error_rate_percent', -3.72393539589651, 'percent', '2025-09-04T09:31:15.341316+00:00', '{}'),
    ('f8867281-5c95-4712-a8ac-2e33501d64bd', 'error_rate_percent', -5.52685849939256, 'percent', '2025-09-04T08:31:15.341316+00:00', '{}'),
    ('f321afa2-cf1f-430b-aa2b-380d0f5ed08d', 'error_rate_percent', -2.80986562320685, 'percent', '2025-09-04T07:31:15.341316+00:00', '{}'),
    ('06110d9a-8bc8-494e-abc9-563d66e9a1df', 'error_rate_percent', 10.0631124273398, 'percent', '2025-09-04T06:31:15.341316+00:00', '{}'),
    ('33889152-ca91-42ea-bb8a-c567994fe7fc', 'error_rate_percent', -7.53452872239335, 'percent', '2025-09-04T05:31:15.341316+00:00', '{}'),
    ('8e3b9ec2-cddb-4bb5-bb4b-e515473c3a7e', 'error_rate_percent', 0.433683455481628, 'percent', '2025-09-04T04:31:15.341316+00:00', '{}'),
    ('eac7fc17-3f03-467c-92ca-e5303895cec8', 'error_rate_percent', 4.47279570570334, 'percent', '2025-09-04T03:31:15.341316+00:00', '{}'),
    ('d5a1e56e-3482-4ec6-bbe9-60c0fb4319bc', 'error_rate_percent', 4.14699907590529, 'percent', '2025-09-04T02:31:15.341316+00:00', '{}'),
    ('05b90497-0cdf-4634-8e1e-62d2b88025c4', 'error_rate_percent', 8.93907898986488, 'percent', '2025-09-04T01:31:15.341316+00:00', '{}'),
    ('ce8131cd-7f0b-486d-93e7-72925980dbfc', 'error_rate_percent', -1.46572696223994, 'percent', '2025-09-04T00:31:15.341316+00:00', '{}'),
    ('ede5ba7c-dda0-49b5-ad1d-5a8c9b0dcd44', 'error_rate_percent', -2.04098632632185, 'percent', '2025-09-03T23:31:15.341316+00:00', '{}'),
    ('38a350b8-12c5-4d95-b8c1-db6bcaf81368', 'error_rate_percent', 5.77810970534316, 'percent', '2025-09-03T22:31:15.341316+00:00', '{}'),
    ('6fc72c16-0645-488d-a553-1c5f2d043c9f', 'error_rate_percent', 1.07305875880021, 'percent', '2025-09-03T21:31:15.341316+00:00', '{}'),
    ('bbef50da-7386-4286-8bd7-eaff7df2605c', 'error_rate_percent', -4.60774054360405, 'percent', '2025-09-03T20:31:15.341316+00:00', '{}'),
    ('9215986c-0d47-43ba-8d7a-2d7f543b5f4e', 'error_rate_percent', 5.58610045071921, 'percent', '2025-09-03T19:31:15.341316+00:00', '{}'),
    ('ecdcab29-722c-41cd-85cb-fe870ef676ff', 'error_rate_percent', 7.45006599735809, 'percent', '2025-09-03T18:31:15.341316+00:00', '{}'),
    ('17dafee3-d4e1-4748-8e3f-db997b1142d6', 'cpu_usage_percent', 28.2161831500098, 'percent', '2025-09-04T17:31:15.341316+00:00', '{}'),
    ('7f415aa9-5e66-4c57-880a-a8db75873f13', 'cpu_usage_percent', 30.1525798965665, 'percent', '2025-09-04T16:31:15.341316+00:00', '{}'),
    ('c32b2756-d8d0-413b-9459-3e313dc04492', 'cpu_usage_percent', 40.1557174364137, 'percent', '2025-09-04T15:31:15.341316+00:00', '{}'),
    ('ea62c595-6555-4998-936a-de039b40d768', 'cpu_usage_percent', 29.9457248379233, 'percent', '2025-09-04T14:31:15.341316+00:00', '{}'),
    ('a2cd40f1-3203-4416-aee8-53b582bb6e41', 'cpu_usage_percent', 26.1154384040319, 'percent', '2025-09-04T13:31:15.341316+00:00', '{}'),
    ('36a0ea5d-dca1-4542-943f-e9329766f825', 'cpu_usage_percent', 25.3424713026564, 'percent', '2025-09-04T12:31:15.341316+00:00', '{}'),
    ('9e111e64-0c00-496f-9ff6-423c20c6da92', 'cpu_usage_percent', 43.4056290741622, 'percent', '2025-09-04T11:31:15.341316+00:00', '{}'),
    ('fb0e7a83-aaf6-4dcb-b555-7f884adaf098', 'cpu_usage_percent', 25.5180330953815, 'percent', '2025-09-04T10:31:15.341316+00:00', '{}'),
    ('b7224b5d-d8de-4153-9395-1935bf35c28f', 'cpu_usage_percent', 36.8815555051966, 'percent', '2025-09-04T09:31:15.341316+00:00', '{}'),
    ('bd917660-8935-43e3-b88b-8d7d1d705aba', 'cpu_usage_percent', 42.4455942366137, 'percent', '2025-09-04T08:31:15.341316+00:00', '{}'),
    ('2083411f-1c3f-453e-ab80-9985846a6f90', 'cpu_usage_percent', 25.9334532236232, 'percent', '2025-09-04T07:31:15.341316+00:00', '{}'),
    ('77097d9a-14ea-46d2-aaca-c7d43907545d', 'cpu_usage_percent', 44.2038585374735, 'percent', '2025-09-04T06:31:15.341316+00:00', '{}'),
    ('b3e31c53-6c29-4f78-950c-52525c0bc393', 'cpu_usage_percent', 43.6208678159628, 'percent', '2025-09-04T05:31:15.341316+00:00', '{}'),
    ('6d2a6566-6411-483a-a429-c4f8866b97b7', 'cpu_usage_percent', 43.6852898389373, 'percent', '2025-09-04T04:31:15.341316+00:00', '{}'),
    ('aa74f395-3e0d-4836-9484-d3648f0a7079', 'cpu_usage_percent', 31.7233401960137, 'percent', '2025-09-04T03:31:15.341316+00:00', '{}'),
    ('f7b00e4d-7f4c-4fd5-b9ae-05c1bbce690b', 'cpu_usage_percent', 26.1477180742167, 'percent', '2025-09-04T02:31:15.341316+00:00', '{}'),
    ('f40ad946-9091-41ee-ae5c-9e2b1ccbd6ac', 'cpu_usage_percent', 37.3975170813105, 'percent', '2025-09-04T01:31:15.341316+00:00', '{}'),
    ('5dcf2783-518a-4a76-9e97-d501787ca0e2', 'cpu_usage_percent', 39.1327491468686, 'percent', '2025-09-04T00:31:15.341316+00:00', '{}'),
    ('02cca8c7-63a6-43fb-97e7-6be4361126be', 'cpu_usage_percent', 44.1872621388242, 'percent', '2025-09-03T23:31:15.341316+00:00', '{}'),
    ('7a5fbc03-bfd3-4abe-a2d3-ffe169a86a80', 'cpu_usage_percent', 44.1474678097599, 'percent', '2025-09-03T22:31:15.341316+00:00', '{}'),
    ('d8e2a2b3-ba45-4d31-b749-b29d0e6429c2', 'cpu_usage_percent', 44.1818541692413, 'percent', '2025-09-03T21:31:15.341316+00:00', '{}'),
    ('0b9b50ee-7017-45af-9e97-dd58e521f495', 'cpu_usage_percent', 34.6012528734585, 'percent', '2025-09-03T20:31:15.341316+00:00', '{}'),
    ('749ba8c6-5a9e-402f-8b4a-d9aa77a48633', 'cpu_usage_percent', 32.8702470064715, 'percent', '2025-09-03T19:31:15.341316+00:00', '{}'),
    ('166c2744-9607-48db-9751-821547141ed3', 'cpu_usage_percent', 26.7915114631775, 'percent', '2025-09-03T18:31:15.341316+00:00', '{}'),
    ('2359e217-47f1-4d71-b6de-ce45a085b9fe', 'memory_usage_percent', 62.8233124023696, 'percent', '2025-09-04T17:31:15.341316+00:00', '{}'),
    ('f4b15cd1-cf44-43de-85fe-0801eac22596', 'memory_usage_percent', 64.9282179721571, 'percent', '2025-09-04T16:31:15.341316+00:00', '{}'),
    ('bed2f74b-5f4f-4a7e-a69a-c21d549f616f', 'memory_usage_percent', 67.3355104377071, 'percent', '2025-09-04T15:31:15.341316+00:00', '{}'),
    ('d6bf48f5-f9ff-4002-9839-b799c5ab13e7', 'memory_usage_percent', 62.4061907179302, 'percent', '2025-09-04T14:31:15.341316+00:00', '{}'),
    ('29a68f47-a051-4127-86f5-97c40f957023', 'memory_usage_percent', 64.2316059724803, 'percent', '2025-09-04T13:31:15.341316+00:00', '{}'),
    ('6d8c0391-c932-48ae-9ff3-3d2862e568f3', 'memory_usage_percent', 52.5125544879279, 'percent', '2025-09-04T12:31:15.341316+00:00', '{}'),
    ('21419541-d32e-42e9-af3b-82fab64fb4a3', 'memory_usage_percent', 52.1821715190494, 'percent', '2025-09-04T11:31:15.341316+00:00', '{}'),
    ('f9f8f136-bd85-4931-9f69-8091d6e2b29d', 'memory_usage_percent', 57.1432858859729, 'percent', '2025-09-04T10:31:15.341316+00:00', '{}');

INSERT INTO "system_metrics" ("id", "metric_name", "metric_value", "metric_unit", "recorded_at", "metadata") VALUES
    ('823f93ea-19a1-4203-91a1-d4fce8f33ed0', 'memory_usage_percent', 58.6868013802729, 'percent', '2025-09-04T09:31:15.341316+00:00', '{}'),
    ('7adfa0ef-1ae3-482e-abac-fbce79ca5ed0', 'memory_usage_percent', 59.708260200012, 'percent', '2025-09-04T08:31:15.341316+00:00', '{}'),
    ('75e656e8-328e-4b62-bf22-9472c7dc6c81', 'memory_usage_percent', 60.3136230767943, 'percent', '2025-09-04T07:31:15.341316+00:00', '{}'),
    ('a1dc832b-5ce0-4648-af78-4b0dd22aeef7', 'memory_usage_percent', 50.1011060219291, 'percent', '2025-09-04T06:31:15.341316+00:00', '{}'),
    ('a131b86a-53ff-4a36-8ec5-77f1025b078c', 'memory_usage_percent', 54.7498250831951, 'percent', '2025-09-04T05:31:15.341316+00:00', '{}'),
    ('df4fde4c-8f17-49e3-97ab-5901ad8db68f', 'memory_usage_percent', 69.8261625899295, 'percent', '2025-09-04T04:31:15.341316+00:00', '{}'),
    ('bec1d6ee-f0ff-42f4-8f05-ff453b72aef7', 'memory_usage_percent', 58.6466461786111, 'percent', '2025-09-04T03:31:15.341316+00:00', '{}'),
    ('638d5447-da61-42d1-9861-c5c745bdea6a', 'memory_usage_percent', 55.6920279364722, 'percent', '2025-09-04T02:31:15.341316+00:00', '{}'),
    ('2a179119-bbcf-45b2-98d1-176c1ad151f4', 'memory_usage_percent', 65.4423665711528, 'percent', '2025-09-04T01:31:15.341316+00:00', '{}'),
    ('2e27f5ac-507c-484e-9d73-3d86d8ec8f4d', 'memory_usage_percent', 69.2508298489099, 'percent', '2025-09-04T00:31:15.341316+00:00', '{}'),
    ('1cd87f0e-29b0-4164-8344-f068ca85323d', 'memory_usage_percent', 61.5090012603547, 'percent', '2025-09-03T23:31:15.341316+00:00', '{}'),
    ('452ebad1-61f7-4f4e-b7cd-bba1c18a66f5', 'memory_usage_percent', 51.7668298437066, 'percent', '2025-09-03T22:31:15.341316+00:00', '{}'),
    ('ff0511f9-4665-48d6-98e1-d7bb628a23dd', 'memory_usage_percent', 67.3713079538413, 'percent', '2025-09-03T21:31:15.341316+00:00', '{}'),
    ('f5dd5d03-8339-468a-ac03-d49df2ef2f6c', 'memory_usage_percent', 57.551033828551, 'percent', '2025-09-03T20:31:15.341316+00:00', '{}'),
    ('ab5109e7-2b91-4882-99da-cc208d9c2a26', 'memory_usage_percent', 66.9019061411938, 'percent', '2025-09-03T19:31:15.341316+00:00', '{}'),
    ('26abdae6-1477-4734-b35a-c76eabfa8a68', 'memory_usage_percent', 55.1191593988643, 'percent', '2025-09-03T18:31:15.341316+00:00', '{}'),
    ('65993a67-698d-4ed9-9656-05e1b156a537', 'active_connections', 47.1753780259096, 'count', '2025-09-04T17:31:15.341316+00:00', '{}'),
    ('d36e0901-3cc1-4715-ac95-ef7cc2cb305a', 'active_connections', 49.5112480093436, 'count', '2025-09-04T16:31:15.341316+00:00', '{}'),
    ('93ce806b-6639-459a-af15-0724f8946441', 'active_connections', 50.0607397543226, 'count', '2025-09-04T15:31:15.341316+00:00', '{}'),
    ('6b03bda9-3f8a-4b96-89d3-563c9a8a6e6d', 'active_connections', 51.4658715089009, 'count', '2025-09-04T14:31:15.341316+00:00', '{}'),
    ('93cbf43e-488d-4a0f-aeb8-3a8dc5601cc8', 'active_connections', 45.5210030492523, 'count', '2025-09-04T13:31:15.341316+00:00', '{}'),
    ('e5d05c04-e8e3-454f-b480-dfd2ebfcc639', 'active_connections', 46.1866944396204, 'count', '2025-09-04T12:31:15.341316+00:00', '{}'),
    ('6afc0c9a-ad52-45a8-b273-e5ab5c8cb9f6', 'active_connections', 49.0753642352804, 'count', '2025-09-04T11:31:15.341316+00:00', '{}'),
    ('b72ee586-7428-4a6f-a3eb-a41411c5bfe5', 'active_connections', 42.8862836570233, 'count', '2025-09-04T10:31:15.341316+00:00', '{}'),
    ('5ee321ee-735f-46f8-841a-1a874b0dab7d', 'active_connections', 39.336022180799, 'count', '2025-09-04T09:31:15.341316+00:00', '{}'),
    ('c3c64a13-979e-47e8-a324-45b8a4fdc2ca', 'active_connections', 37.6432024450029, 'count', '2025-09-04T08:31:15.341316+00:00', '{}'),
    ('20ce5b6c-af89-40cd-8f13-d1c94cbe3d2d', 'active_connections', 45.3995727101996, 'count', '2025-09-04T07:31:15.341316+00:00', '{}'),
    ('4df28129-acea-4f17-9841-c52de6f96e12', 'active_connections', 41.2973985630588, 'count', '2025-09-04T06:31:15.341316+00:00', '{}'),
    ('5e3437f0-3f6d-48cf-84aa-6f4253942991', 'active_connections', 53.893039402452, 'count', '2025-09-04T05:31:15.341316+00:00', '{}'),
    ('d7b0132d-e2a6-423d-b40b-f76302b47829', 'active_connections', 47.6589847641655, 'count', '2025-09-04T04:31:15.341316+00:00', '{}'),
    ('1c8158cd-948e-4d8e-969a-37f23a7fbd18', 'active_connections', 49.8024469110366, 'count', '2025-09-04T03:31:15.341316+00:00', '{}'),
    ('61e381e1-be64-4f26-ab58-22755343fdc9', 'active_connections', 35.0864693295076, 'count', '2025-09-04T02:31:15.341316+00:00', '{}'),
    ('665e2d87-3156-4e7b-a40a-a33142e57b25', 'active_connections', 39.5318462706928, 'count', '2025-09-04T01:31:15.341316+00:00', '{}'),
    ('45a0de89-dca7-4f92-8605-d99043f9bb71', 'active_connections', 47.7090805934642, 'count', '2025-09-04T00:31:15.341316+00:00', '{}'),
    ('bcde5017-54b8-429c-bfad-e56f989fff97', 'active_connections', 53.2342698538352, 'count', '2025-09-03T23:31:15.341316+00:00', '{}'),
    ('a3472c99-86bb-490a-96ac-0de24d239cc6', 'active_connections', 49.6251568703287, 'count', '2025-09-03T22:31:15.341316+00:00', '{}'),
    ('3149f804-8ea0-4911-8a8a-129badfe7726', 'active_connections', 38.3536802799302, 'count', '2025-09-03T21:31:15.341316+00:00', '{}'),
    ('a9cd6ab2-a9fc-4e97-927f-7d261a945e2c', 'active_connections', 54.6847438697068, 'count', '2025-09-03T20:31:15.341316+00:00', '{}'),
    ('32de2912-83b0-43c0-a4ce-cf09c3d0db1c', 'active_connections', 48.0783620373811, 'count', '2025-09-03T19:31:15.341316+00:00', '{}'),
    ('aab24372-ee10-431e-985d-121f2e4e5a77', 'active_connections', 45.2769313913411, 'count', '2025-09-03T18:31:15.341316+00:00', '{}'),
    ('0055b7db-eb77-447d-ae23-b8b422a262f1', 'response_time_ms', 145.969089214979, 'milliseconds', '2025-09-04T17:31:15.341316+00:00', '{}'),
    ('28a95394-de34-4e21-9b9c-0e7c4f2d7508', 'response_time_ms', 156.853043039336, 'milliseconds', '2025-09-04T16:31:15.341316+00:00', '{}'),
    ('c563adce-6894-4c2d-89c4-304cfd65318b', 'response_time_ms', 150.839856857369, 'milliseconds', '2025-09-04T15:31:15.341316+00:00', '{}'),
    ('fab0496f-7753-4434-90bb-754a10cad9ce', 'response_time_ms', 154.828043046587, 'milliseconds', '2025-09-04T14:31:15.341316+00:00', '{}'),
    ('666d85bd-dca7-48dc-86a2-181b806fb940', 'response_time_ms', 146.425256769, 'milliseconds', '2025-09-04T13:31:15.341316+00:00', '{}'),
    ('e7d83540-2851-4af3-9066-397d2727469b', 'response_time_ms', 150.150802942189, 'milliseconds', '2025-09-04T12:31:15.341316+00:00', '{}'),
    ('a633640c-fa05-4e7f-97e8-d65147282446', 'response_time_ms', 150.641583199236, 'milliseconds', '2025-09-04T11:31:15.341316+00:00', '{}'),
    ('e064bdec-f1e7-42c1-9a80-cce5e332b9b8', 'response_time_ms', 159.238723743148, 'milliseconds', '2025-09-04T10:31:15.341316+00:00', '{}'),
    ('b6f07b8d-9022-4c4b-8dc8-7a85fdba9c0c', 'response_time_ms', 155.478928808324, 'milliseconds', '2025-09-04T09:31:15.341316+00:00', '{}'),
    ('5bfca4aa-dc31-434c-ae10-324220337119', 'response_time_ms', 152.908873808144, 'milliseconds', '2025-09-04T08:31:15.341316+00:00', '{}'),
    ('379413fa-bf0d-45a8-981b-9b0c42d2af9b', 'response_time_ms', 153.63975226119, 'milliseconds', '2025-09-04T07:31:15.341316+00:00', '{}'),
    ('1d4d4da4-d951-45b1-a631-3ba0978ffa39', 'response_time_ms', 158.28283615018, 'milliseconds', '2025-09-04T06:31:15.341316+00:00', '{}'),
    ('75574631-3ad0-4b1c-b8ea-be71e4f8baeb', 'response_time_ms', 145.798906027388, 'milliseconds', '2025-09-04T05:31:15.341316+00:00', '{}'),
    ('67352579-d936-43e3-a238-2ec5c6638491', 'response_time_ms', 147.442733872988, 'milliseconds', '2025-09-04T04:31:15.341316+00:00', '{}'),
    ('782243c5-9bd7-4f18-be98-999a3902639b', 'response_time_ms', 142.621324327559, 'milliseconds', '2025-09-04T03:31:15.341316+00:00', '{}'),
    ('5b576a62-5e93-47be-92dc-c1773309b7d1', 'response_time_ms', 140.623346984769, 'milliseconds', '2025-09-04T02:31:15.341316+00:00', '{}'),
    ('68b9f21e-f0fb-4afe-b864-49b45b744877', 'response_time_ms', 142.186459810232, 'milliseconds', '2025-09-04T01:31:15.341316+00:00', '{}'),
    ('3ac4062d-6012-4a89-bea5-5ad8ab9cb378', 'response_time_ms', 145.405519038587, 'milliseconds', '2025-09-04T00:31:15.341316+00:00', '{}'),
    ('823d5200-2491-46d7-99e1-6c0edff419f0', 'response_time_ms', 146.304329362239, 'milliseconds', '2025-09-03T23:31:15.341316+00:00', '{}'),
    ('5028141b-d26c-4f53-983b-a10d11b298dc', 'response_time_ms', 141.925149772269, 'milliseconds', '2025-09-03T22:31:15.341316+00:00', '{}'),
    ('536374f9-2835-43ed-a7b4-6257f6982524', 'response_time_ms', 150.193948110201, 'milliseconds', '2025-09-03T21:31:15.341316+00:00', '{}'),
    ('7ab27dc9-24d5-4034-ae4f-ba9fc0592d88', 'response_time_ms', 149.242111157575, 'milliseconds', '2025-09-03T20:31:15.341316+00:00', '{}'),
    ('83cd5edc-461d-4aa6-a527-dc911d1fe253', 'response_time_ms', 142.045398902864, 'milliseconds', '2025-09-03T19:31:15.341316+00:00', '{}'),
    ('57afe06e-0146-4135-b597-f205faf72160', 'response_time_ms', 140.490686585477, 'milliseconds', '2025-09-03T18:31:15.341316+00:00', '{}'),
    ('6452975f-4665-45ec-89ce-83489162f651', 'error_rate_percent', 8.96397802838384, 'percent', '2025-09-04T17:31:15.341316+00:00', '{}'),
    ('a3c8956d-98b2-46df-851d-7b07d2fd82c3', 'error_rate_percent', -7.13513853099792, 'percent', '2025-09-04T16:31:15.341316+00:00', '{}'),
    ('575df57e-3f44-46a7-b6ba-f172dbfbc5a9', 'error_rate_percent', 7.70696767743668, 'percent', '2025-09-04T15:31:15.341316+00:00', '{}'),
    ('8b658348-5340-4c11-b5de-f66dc1a9194e', 'error_rate_percent', 7.54687527670072, 'percent', '2025-09-04T14:31:15.341316+00:00', '{}'),
    ('e4f97b21-80b3-4b93-a267-2388d54ebf9f', 'error_rate_percent', 4.08297085654186, 'percent', '2025-09-04T13:31:15.341316+00:00', '{}'),
    ('29c2a932-b74b-4387-b6e2-beda08cdc7d5', 'error_rate_percent', -8.17783937040233, 'percent', '2025-09-04T12:31:15.341316+00:00', '{}'),
    ('e7388f04-9c66-4b87-8f00-ebe388584657', 'error_rate_percent', 7.82496615874571, 'percent', '2025-09-04T11:31:15.341316+00:00', '{}'),
    ('e623fd5e-a8f8-46a7-9076-5397517f8b64', 'error_rate_percent', 0.848527321889112, 'percent', '2025-09-04T10:31:15.341316+00:00', '{}'),
    ('c1b97b99-fac3-4e02-9fb9-75935c616ed9', 'error_rate_percent', -6.19302880703372, 'percent', '2025-09-04T09:31:15.341316+00:00', '{}'),
    ('c6928fa8-97cc-4daa-916b-9ed228ace957', 'error_rate_percent', 1.62268962567852, 'percent', '2025-09-04T08:31:15.341316+00:00', '{}'),
    ('5e20ea8d-bb44-4709-8081-5d319ccfba95', 'error_rate_percent', -3.9671280364369, 'percent', '2025-09-04T07:31:15.341316+00:00', '{}'),
    ('40d7e4e0-b117-402d-9ed6-a9723282b7e2', 'error_rate_percent', -5.27950658549886, 'percent', '2025-09-04T06:31:15.341316+00:00', '{}'),
    ('d513713d-62cd-4d2d-8460-3010e6ede425', 'error_rate_percent', -4.17245590281705, 'percent', '2025-09-04T05:31:15.341316+00:00', '{}'),
    ('b276cf1f-8e98-4938-94c0-6168b0b2363c', 'error_rate_percent', 8.48905205195766, 'percent', '2025-09-04T04:31:15.341316+00:00', '{}'),
    ('c19872b6-2a18-4b5a-b146-03ec4a0924be', 'error_rate_percent', 9.0938571150818, 'percent', '2025-09-04T03:31:15.341316+00:00', '{}'),
    ('13be0cab-aec8-4698-b2cc-ec619c3d4527', 'error_rate_percent', 7.19013454811986, 'percent', '2025-09-04T02:31:15.341316+00:00', '{}'),
    ('251ed033-8fed-4523-a7a8-7437ac7c37f5', 'error_rate_percent', 3.94363276311569, 'percent', '2025-09-04T01:31:15.341316+00:00', '{}'),
    ('480592ee-5c6f-4b1b-a0a5-9273937e6947', 'error_rate_percent', -4.2380312087072, 'percent', '2025-09-04T00:31:15.341316+00:00', '{}'),
    ('7c8c0c76-f1e8-4336-a227-881079e838eb', 'error_rate_percent', -8.97615071747841, 'percent', '2025-09-03T23:31:15.341316+00:00', '{}'),
    ('ab6258a6-a5e4-425d-9074-e7cb1f6a23df', 'error_rate_percent', -9.29029992879111, 'percent', '2025-09-03T22:31:15.341316+00:00', '{}'),
    ('ddacffbd-00ff-44fb-83db-a3575b4dbf11', 'error_rate_percent', -2.74027985501412, 'percent', '2025-09-03T21:31:15.341316+00:00', '{}'),
    ('bbdc13cc-d38e-4681-9855-f34d86c2503b', 'error_rate_percent', -4.02038477187281, 'percent', '2025-09-03T20:31:15.341316+00:00', '{}'),
    ('fb71a22d-46e5-4deb-9b70-9cec0bc24f4f', 'error_rate_percent', -0.146872350345893, 'percent', '2025-09-03T19:31:15.341316+00:00', '{}'),
    ('0b0819f4-1607-43dd-aa24-91c9b42ffaa2', 'error_rate_percent', 8.47888957751669, 'percent', '2025-09-03T18:31:15.341316+00:00', '{}'),
    ('2f0c44be-ae75-4de0-ac85-f5bdc63e8355', 'cpu_usage_percent', 32.7216858837246, 'percent', '2025-09-04T17:31:15.341316+00:00', '{}'),
    ('5e15ba8d-00af-4213-94e7-2adaff95da71', 'cpu_usage_percent', 44.8342612447412, 'percent', '2025-09-04T16:31:15.341316+00:00', '{}'),
    ('1b36e75d-74ba-4a44-b718-2772e05371d9', 'cpu_usage_percent', 38.4278103686105, 'percent', '2025-09-04T15:31:15.341316+00:00', '{}'),
    ('55a91111-ad02-4152-8691-b906e437108d', 'cpu_usage_percent', 34.7266603672679, 'percent', '2025-09-04T14:31:15.341316+00:00', '{}'),
    ('150caabd-0513-4879-a41f-5628b536cb72', 'cpu_usage_percent', 32.520628046136, 'percent', '2025-09-04T13:31:15.341316+00:00', '{}'),
    ('3b1c867a-c0fb-45d3-8b9a-33a335b9085d', 'cpu_usage_percent', 25.2091799739633, 'percent', '2025-09-04T12:31:15.341316+00:00', '{}'),
    ('7421cc62-913b-4ffc-8d59-12cedf9eabc6', 'cpu_usage_percent', 32.5943239688354, 'percent', '2025-09-04T11:31:15.341316+00:00', '{}'),
    ('1aece40b-0270-4a97-8b7f-74e0f2eb4797', 'cpu_usage_percent', 43.100870431965, 'percent', '2025-09-04T10:31:15.341316+00:00', '{}'),
    ('1802cb7d-dba5-48c9-9004-cb6b471767e1', 'cpu_usage_percent', 41.3794154962437, 'percent', '2025-09-04T09:31:15.341316+00:00', '{}'),
    ('fdc3b6d2-ba67-49f7-96be-cfd50db65961', 'cpu_usage_percent', 39.4427948569452, 'percent', '2025-09-04T08:31:15.341316+00:00', '{}'),
    ('fdea0ca2-b329-47a6-90f0-c0652cc9add7', 'cpu_usage_percent', 33.4815613189711, 'percent', '2025-09-04T07:31:15.341316+00:00', '{}'),
    ('cdf6d03a-27ff-4d94-b683-c4df2e672146', 'cpu_usage_percent', 38.1890842828448, 'percent', '2025-09-04T06:31:15.341316+00:00', '{}');

INSERT INTO "system_metrics" ("id", "metric_name", "metric_value", "metric_unit", "recorded_at", "metadata") VALUES
    ('ba6d74fa-cb54-4be0-936c-a00d21488669', 'cpu_usage_percent', 25.5993251852884, 'percent', '2025-09-04T05:31:15.341316+00:00', '{}'),
    ('d15cce54-1daa-4740-a1e8-a57d20fbb1fa', 'cpu_usage_percent', 37.3864321704794, 'percent', '2025-09-04T04:31:15.341316+00:00', '{}'),
    ('cb783628-ac18-4775-bbb2-40d937946cce', 'cpu_usage_percent', 40.5738310188543, 'percent', '2025-09-04T03:31:15.341316+00:00', '{}'),
    ('115a9620-e6dd-4fc9-ab4a-2c88bcdcde7e', 'cpu_usage_percent', 28.1575700622286, 'percent', '2025-09-04T02:31:15.341316+00:00', '{}'),
    ('7ca0c531-4df4-42ef-8f70-9c50880be6c0', 'cpu_usage_percent', 36.4837931854022, 'percent', '2025-09-04T01:31:15.341316+00:00', '{}'),
    ('15288d66-e5c9-4688-9c79-32126ad9457d', 'cpu_usage_percent', 40.6020356516696, 'percent', '2025-09-04T00:31:15.341316+00:00', '{}'),
    ('1de10ee7-33b6-450e-addf-9028acadb8fd', 'cpu_usage_percent', 42.5481754939493, 'percent', '2025-09-03T23:31:15.341316+00:00', '{}'),
    ('894d495f-b421-4ab9-b57e-a776145c48d8', 'cpu_usage_percent', 40.006026977204, 'percent', '2025-09-03T22:31:15.341316+00:00', '{}'),
    ('4eda12bf-1893-4425-a2cd-2627e8bf775e', 'cpu_usage_percent', 43.6923562752935, 'percent', '2025-09-03T21:31:15.341316+00:00', '{}'),
    ('8d8e0eda-ede8-4d39-8d3a-687f533891ad', 'cpu_usage_percent', 31.375455305662, 'percent', '2025-09-03T20:31:15.341316+00:00', '{}'),
    ('959aa021-82b8-469c-a56e-810a27800461', 'cpu_usage_percent', 43.697418847196, 'percent', '2025-09-03T19:31:15.341316+00:00', '{}'),
    ('37cd58fb-a7ae-4d84-8ab2-fbe58c3730b3', 'cpu_usage_percent', 27.422774197758, 'percent', '2025-09-03T18:31:15.341316+00:00', '{}'),
    ('c0bbe646-8199-481b-8ac4-f7bd89eae7dc', 'memory_usage_percent', 60.0687707563203, 'percent', '2025-09-04T17:31:15.341316+00:00', '{}'),
    ('d9662a65-0af9-483e-a295-b0f24b7bbfae', 'memory_usage_percent', 58.4412408927948, 'percent', '2025-09-04T16:31:15.341316+00:00', '{}'),
    ('8f298bf1-497c-4dc1-9cb7-684ea56960a1', 'memory_usage_percent', 50.5855611298244, 'percent', '2025-09-04T15:31:15.341316+00:00', '{}'),
    ('ec256bff-e56c-47ea-8273-c14d44d23eba', 'memory_usage_percent', 66.895060526541, 'percent', '2025-09-04T14:31:15.341316+00:00', '{}'),
    ('f281eb1a-50c6-4773-8688-8ef18fb994ae', 'memory_usage_percent', 62.7617319903219, 'percent', '2025-09-04T13:31:15.341316+00:00', '{}'),
    ('e8ebb289-c2fa-4785-9067-c10202595c4e', 'memory_usage_percent', 65.6740806787267, 'percent', '2025-09-04T12:31:15.341316+00:00', '{}'),
    ('ae20a753-c239-4ba2-8597-cb532dfa871c', 'memory_usage_percent', 54.1903597662003, 'percent', '2025-09-04T11:31:15.341316+00:00', '{}'),
    ('70287e01-1371-487c-a9cf-def22b0dbc4f', 'memory_usage_percent', 56.9040004282289, 'percent', '2025-09-04T10:31:15.341316+00:00', '{}'),
    ('4743e782-f0a1-4f1a-9f0a-bd0133e37718', 'memory_usage_percent', 66.6863638719541, 'percent', '2025-09-04T09:31:15.341316+00:00', '{}'),
    ('e73243d0-89db-424a-9eda-6b6573cd9b34', 'memory_usage_percent', 64.013805105903, 'percent', '2025-09-04T08:31:15.341316+00:00', '{}'),
    ('3822ca30-f29e-4424-a15d-0694ef5c3cf1', 'memory_usage_percent', 54.7537438433291, 'percent', '2025-09-04T07:31:15.341316+00:00', '{}'),
    ('ea65b97b-c2c4-4081-8b8d-2982136fb1cc', 'memory_usage_percent', 53.9285193488108, 'percent', '2025-09-04T06:31:15.341316+00:00', '{}'),
    ('486b7e46-1aea-4cc5-a970-fb61f28a2b42', 'memory_usage_percent', 61.188296221225, 'percent', '2025-09-04T05:31:15.341316+00:00', '{}'),
    ('f0effc39-096c-4dac-9060-33558f919d50', 'memory_usage_percent', 69.1497487825444, 'percent', '2025-09-04T04:31:15.341316+00:00', '{}'),
    ('51721ea6-96d4-405b-8fd3-85beb039fe4e', 'memory_usage_percent', 66.2197219363328, 'percent', '2025-09-04T03:31:15.341316+00:00', '{}'),
    ('66dcc8fd-3aec-45f9-8901-ade664c1b646', 'memory_usage_percent', 57.338625415786, 'percent', '2025-09-04T02:31:15.341316+00:00', '{}'),
    ('4734b95e-070f-4b99-ae29-18f5f84e463d', 'memory_usage_percent', 68.2781522135409, 'percent', '2025-09-04T01:31:15.341316+00:00', '{}'),
    ('74c5cb2f-a3a7-4e2e-aa72-89c9b0251614', 'memory_usage_percent', 65.5046384271925, 'percent', '2025-09-04T00:31:15.341316+00:00', '{}'),
    ('880d37f4-cf2f-40b7-8f61-1519b1b0c60f', 'memory_usage_percent', 54.6293459442633, 'percent', '2025-09-03T23:31:15.341316+00:00', '{}'),
    ('1c45c0cf-9812-4c1f-b4c3-cd61f235e08a', 'memory_usage_percent', 65.7739211044039, 'percent', '2025-09-03T22:31:15.341316+00:00', '{}'),
    ('f629c0b8-0fdd-49af-b4b5-39d2241a923c', 'memory_usage_percent', 66.5815109480212, 'percent', '2025-09-03T21:31:15.341316+00:00', '{}'),
    ('0a8b44a7-7e13-4dab-be91-2b4cc66a400f', 'memory_usage_percent', 55.6026740924704, 'percent', '2025-09-03T20:31:15.341316+00:00', '{}'),
    ('583333de-ec98-4683-8ac4-a5514c1582e1', 'memory_usage_percent', 65.7346061514814, 'percent', '2025-09-03T19:31:15.341316+00:00', '{}'),
    ('2501d49e-f652-4ae4-ad57-c6139c861e46', 'memory_usage_percent', 67.4777288047245, 'percent', '2025-09-03T18:31:15.341316+00:00', '{}'),
    ('fc6fd3d0-fbde-465f-9834-b7b7404bbe61', 'active_connections', 49.4876216903358, 'count', '2025-09-04T17:31:15.341316+00:00', '{}'),
    ('7ed1e4e7-4ec7-4ceb-8543-5448c88f04b0', 'active_connections', 41.823892836705, 'count', '2025-09-04T16:31:15.341316+00:00', '{}'),
    ('a41be471-026e-4c51-8adc-1ba8e5db343d', 'active_connections', 39.2579072708187, 'count', '2025-09-04T15:31:15.341316+00:00', '{}'),
    ('16e263be-8d88-4811-88d2-08dae922dbbd', 'active_connections', 47.0876804742839, 'count', '2025-09-04T14:31:15.341316+00:00', '{}'),
    ('e5173bb5-0b8e-443a-bcad-980a0566835d', 'active_connections', 52.9971503169949, 'count', '2025-09-04T13:31:15.341316+00:00', '{}'),
    ('e3c04e4e-0b82-4f65-825d-ea65094b9709', 'active_connections', 35.0879748049169, 'count', '2025-09-04T12:31:15.341316+00:00', '{}'),
    ('e00999b1-c4cf-4e21-9f25-8ead188cde57', 'active_connections', 42.6696773847484, 'count', '2025-09-04T11:31:15.341316+00:00', '{}'),
    ('ac26a7b2-4f73-4ae9-b7fa-842323437218', 'active_connections', 41.218263910087, 'count', '2025-09-04T10:31:15.341316+00:00', '{}'),
    ('7de144e8-2e77-4a24-9f2b-4aa570f53dec', 'active_connections', 51.6117401910064, 'count', '2025-09-04T09:31:15.341316+00:00', '{}'),
    ('2deab593-e1cb-4dc1-858e-f056e5add867', 'active_connections', 54.0137706077993, 'count', '2025-09-04T08:31:15.341316+00:00', '{}'),
    ('6967575d-6831-4a35-9812-86df100f2660', 'active_connections', 52.0368991823601, 'count', '2025-09-04T07:31:15.341316+00:00', '{}'),
    ('8e7668a0-ad5a-461e-ae17-5f8efb43ce38', 'active_connections', 51.8763801747416, 'count', '2025-09-04T06:31:15.341316+00:00', '{}'),
    ('44c3af74-4551-44ff-b3f5-0bfdb5f25361', 'active_connections', 53.9129592495233, 'count', '2025-09-04T05:31:15.341316+00:00', '{}'),
    ('e7bf365d-2a13-446c-9665-6af6feb8d811', 'active_connections', 51.7435060482864, 'count', '2025-09-04T04:31:15.341316+00:00', '{}'),
    ('012a108a-a7a5-4496-bf9d-8ed9765d9eb9', 'active_connections', 49.9414837638185, 'count', '2025-09-04T03:31:15.341316+00:00', '{}'),
    ('031aee4d-5972-41ac-84c9-bbc2dfaabac3', 'active_connections', 49.3286077753165, 'count', '2025-09-04T02:31:15.341316+00:00', '{}'),
    ('510b6371-9793-454d-806a-a1db9679f40f', 'active_connections', 44.1882347959306, 'count', '2025-09-04T01:31:15.341316+00:00', '{}'),
    ('112289eb-739b-470b-b30c-8132173a6b4e', 'active_connections', 35.5837908839971, 'count', '2025-09-04T00:31:15.341316+00:00', '{}'),
    ('fc092988-a1be-4830-83cc-b82ba0c65acd', 'active_connections', 35.838192981853, 'count', '2025-09-03T23:31:15.341316+00:00', '{}'),
    ('0c208785-f716-4212-aaec-56599e2f6bb5', 'active_connections', 46.3012377264719, 'count', '2025-09-03T22:31:15.341316+00:00', '{}'),
    ('ee91b845-c7be-4dcb-b5d7-8738596ac736', 'active_connections', 46.2251006574792, 'count', '2025-09-03T21:31:15.341316+00:00', '{}'),
    ('d258782e-b33a-4206-9453-f0bfe17c117c', 'active_connections', 40.8993778132164, 'count', '2025-09-03T20:31:15.341316+00:00', '{}'),
    ('d7b41766-8ada-4978-9c9e-2213e65b6704', 'active_connections', 48.2037490834334, 'count', '2025-09-03T19:31:15.341316+00:00', '{}'),
    ('403292a2-27c6-40d7-afeb-3b6b7fb628b5', 'active_connections', 39.4512649948044, 'count', '2025-09-03T18:31:15.341316+00:00', '{}'),
    ('016162fc-9acd-4e15-8088-ff670e5bdebe', 'response_time_ms', 154.534220566774, 'milliseconds', '2025-09-04T17:31:15.341316+00:00', '{}'),
    ('91cf9e79-b5f3-4e84-87b7-ea6482091027', 'response_time_ms', 153.660683055268, 'milliseconds', '2025-09-04T16:31:15.341316+00:00', '{}'),
    ('e74a093b-6440-4718-9359-4d6ce8edb649', 'response_time_ms', 154.753704621429, 'milliseconds', '2025-09-04T15:31:15.341316+00:00', '{}'),
    ('ba524a81-d2ec-4ab2-82d3-5eea4753408f', 'response_time_ms', 152.157724968905, 'milliseconds', '2025-09-04T14:31:15.341316+00:00', '{}'),
    ('3ac7bf9b-79af-40a4-97b8-320ff6de16fc', 'response_time_ms', 152.718408365586, 'milliseconds', '2025-09-04T13:31:15.341316+00:00', '{}'),
    ('51c15f16-5b4b-4273-939e-9c9d4c846210', 'response_time_ms', 145.005555465466, 'milliseconds', '2025-09-04T12:31:15.341316+00:00', '{}'),
    ('579fe806-d4ee-42b1-a11b-ce9518ba3e6a', 'response_time_ms', 152.6363367073, 'milliseconds', '2025-09-04T11:31:15.341316+00:00', '{}'),
    ('0abb445a-48f0-4ccd-8202-5c0ef94ebb35', 'response_time_ms', 143.730295798996, 'milliseconds', '2025-09-04T10:31:15.341316+00:00', '{}'),
    ('694e8f36-c77d-46ae-af6a-18cf7ba2a76f', 'response_time_ms', 142.734333795399, 'milliseconds', '2025-09-04T09:31:15.341316+00:00', '{}'),
    ('5b66930e-d583-46ef-92cb-b690ac2c2c3f', 'response_time_ms', 152.390411215915, 'milliseconds', '2025-09-04T08:31:15.341316+00:00', '{}'),
    ('9a111a1b-a82b-42c5-bd79-d693a169d8c6', 'response_time_ms', 142.017587470231, 'milliseconds', '2025-09-04T07:31:15.341316+00:00', '{}'),
    ('c010cf22-e364-446f-aa60-512941d5ae27', 'response_time_ms', 140.156721376161, 'milliseconds', '2025-09-04T06:31:15.341316+00:00', '{}'),
    ('64d8853a-65a1-4f5c-86d0-1e9963fbe148', 'response_time_ms', 157.791142755844, 'milliseconds', '2025-09-04T05:31:15.341316+00:00', '{}'),
    ('460a1095-ea9f-45b0-a24d-f784685b4161', 'response_time_ms', 147.492210227945, 'milliseconds', '2025-09-04T04:31:15.341316+00:00', '{}'),
    ('da9d4414-8c02-44d5-842e-f4307f0aa83a', 'response_time_ms', 152.026913685189, 'milliseconds', '2025-09-04T03:31:15.341316+00:00', '{}'),
    ('9efe399a-4509-4d38-8db6-d4035b5852c6', 'response_time_ms', 159.094870014995, 'milliseconds', '2025-09-04T02:31:15.341316+00:00', '{}'),
    ('6ea30c19-cab7-41b8-9081-8037e910ca28', 'response_time_ms', 153.338712930203, 'milliseconds', '2025-09-04T01:31:15.341316+00:00', '{}'),
    ('88ece91d-201c-464c-b9a6-e0bd9d95ddad', 'response_time_ms', 156.524569856304, 'milliseconds', '2025-09-04T00:31:15.341316+00:00', '{}'),
    ('5092060f-0058-4e6a-9c71-2811228d655e', 'response_time_ms', 146.237861477403, 'milliseconds', '2025-09-03T23:31:15.341316+00:00', '{}'),
    ('9d8822cb-46a3-4f0c-8619-081c60484ff5', 'response_time_ms', 155.527815201092, 'milliseconds', '2025-09-03T22:31:15.341316+00:00', '{}'),
    ('a032c49d-499c-47f5-8cbd-e623ff4bdc20', 'response_time_ms', 145.860844536893, 'milliseconds', '2025-09-03T21:31:15.341316+00:00', '{}'),
    ('30a96d45-90af-4238-a244-793c87d02e90', 'response_time_ms', 155.335525383984, 'milliseconds', '2025-09-03T20:31:15.341316+00:00', '{}'),
    ('18e63201-397e-41ab-9d60-bc54ca5dadd9', 'response_time_ms', 158.183398861523, 'milliseconds', '2025-09-03T19:31:15.341316+00:00', '{}'),
    ('fb3889ce-a938-4e3d-93a9-45f6011d4487', 'response_time_ms', 156.01168427712, 'milliseconds', '2025-09-03T18:31:15.341316+00:00', '{}'),
    ('bd4205dd-67a3-4743-8978-e581103997f2', 'error_rate_percent', -0.852994083034869, 'percent', '2025-09-04T17:31:15.341316+00:00', '{}'),
    ('373a798e-71e2-4334-a787-750bad232562', 'error_rate_percent', -4.35592931050254, 'percent', '2025-09-04T16:31:15.341316+00:00', '{}'),
    ('5dbfbc36-d798-4d62-a5b3-b44bf148de08', 'error_rate_percent', 1.17436288710222, 'percent', '2025-09-04T15:31:15.341316+00:00', '{}'),
    ('d1edf7d1-8246-41d3-a48b-7379dd3c279e', 'error_rate_percent', 0.916541544765971, 'percent', '2025-09-04T14:31:15.341316+00:00', '{}'),
    ('2f72e86b-d4ec-4e54-ae1f-ad7b01607244', 'error_rate_percent', -2.07714340307721, 'percent', '2025-09-04T13:31:15.341316+00:00', '{}'),
    ('69ddfacd-bbdc-4e0c-8cb5-208608c02096', 'error_rate_percent', 6.23364666482113, 'percent', '2025-09-04T12:31:15.341316+00:00', '{}'),
    ('90ebf9be-314b-4748-9df8-01188b1ac96f', 'error_rate_percent', -5.25242352163128, 'percent', '2025-09-04T11:31:15.341316+00:00', '{}'),
    ('aa101ea1-ecf4-49b9-9123-307042d6d9f4', 'error_rate_percent', -5.30530916532266, 'percent', '2025-09-04T10:31:15.341316+00:00', '{}'),
    ('b760e7ab-d473-49e0-8dcf-f5f17eb373ca', 'error_rate_percent', 0.0315731969718342, 'percent', '2025-09-04T09:31:15.341316+00:00', '{}'),
    ('86179569-b69e-4e5e-ac46-ed2aa3b31a92', 'error_rate_percent', -9.36148256929796, 'percent', '2025-09-04T08:31:15.341316+00:00', '{}'),
    ('da2d6dd9-ba61-4cb5-bcb0-222fad6175a6', 'error_rate_percent', -4.55900975452431, 'percent', '2025-09-04T07:31:15.341316+00:00', '{}'),
    ('46a27115-da31-4f57-b580-c3ae8e14b8fd', 'error_rate_percent', 7.34626383287084, 'percent', '2025-09-04T06:31:15.341316+00:00', '{}'),
    ('839c30bf-5d52-4023-aa57-1c29afb5abf7', 'error_rate_percent', -0.536384252558999, 'percent', '2025-09-04T05:31:15.341316+00:00', '{}'),
    ('00ee55c1-7d9b-4d0c-b746-6254c79bcd04', 'error_rate_percent', -5.5141442426156, 'percent', '2025-09-04T04:31:15.341316+00:00', '{}'),
    ('a566db2e-eb06-4b42-822e-4c9ddc9349cc', 'error_rate_percent', 9.75503110653181, 'percent', '2025-09-04T03:31:15.341316+00:00', '{}'),
    ('84cb2227-509d-4bc1-8305-a0a29109e7db', 'error_rate_percent', 6.78612231707491, 'percent', '2025-09-04T02:31:15.341316+00:00', '{}');

INSERT INTO "system_metrics" ("id", "metric_name", "metric_value", "metric_unit", "recorded_at", "metadata") VALUES
    ('68b98e2b-f602-43bb-a048-ed27758a86da', 'error_rate_percent', 2.50314666567552, 'percent', '2025-09-04T01:31:15.341316+00:00', '{}'),
    ('41cb1d12-5e26-44dd-89ef-4877b1af881f', 'error_rate_percent', 0.170814681714601, 'percent', '2025-09-04T00:31:15.341316+00:00', '{}'),
    ('8d06c72f-69ab-4aad-807c-19f745136201', 'error_rate_percent', 9.18073880888961, 'percent', '2025-09-03T23:31:15.341316+00:00', '{}'),
    ('bd4bfa08-5006-4f2c-9dea-86d88da76490', 'error_rate_percent', 3.2777555280805, 'percent', '2025-09-03T22:31:15.341316+00:00', '{}'),
    ('35ba790b-695c-4e11-9c1f-91e33a93649c', 'error_rate_percent', -1.54965422518406, 'percent', '2025-09-03T21:31:15.341316+00:00', '{}'),
    ('e28fb1b4-b809-4bcc-9201-1a8cbd46f7b9', 'error_rate_percent', 4.70830930479728, 'percent', '2025-09-03T20:31:15.341316+00:00', '{}'),
    ('5d550ce9-917c-40c3-b09e-eb3f12931e4e', 'error_rate_percent', -6.10747134101847, 'percent', '2025-09-03T19:31:15.341316+00:00', '{}'),
    ('f9bcbd79-21c9-4139-bbb5-5a6c2706ab90', 'error_rate_percent', 5.25529829240165, 'percent', '2025-09-03T18:31:15.341316+00:00', '{}'),
    ('aa944bf1-8595-465b-bd77-91de489a0e65', 'cpu_usage_percent', 33.9443764356436, 'percent', '2025-09-04T17:31:15.341316+00:00', '{}'),
    ('69b4ecae-017c-4908-9154-770abc3051bf', 'cpu_usage_percent', 39.9663125429178, 'percent', '2025-09-04T16:31:15.341316+00:00', '{}'),
    ('d91d3138-2568-40d1-9721-2a99d6dccccc', 'cpu_usage_percent', 32.2588995706472, 'percent', '2025-09-04T15:31:15.341316+00:00', '{}'),
    ('36dffdec-79ca-423f-a848-29d74201a645', 'cpu_usage_percent', 39.7225492859809, 'percent', '2025-09-04T14:31:15.341316+00:00', '{}'),
    ('f754466a-a02e-4769-8391-19bd3ce2feb5', 'cpu_usage_percent', 37.8932891229779, 'percent', '2025-09-04T13:31:15.341316+00:00', '{}'),
    ('6a1de866-f149-4912-a18e-f975a5981407', 'cpu_usage_percent', 33.0241233326814, 'percent', '2025-09-04T12:31:15.341316+00:00', '{}'),
    ('09888812-a483-4681-9c1f-8e8b1ec0151b', 'cpu_usage_percent', 34.6661133271482, 'percent', '2025-09-04T11:31:15.341316+00:00', '{}'),
    ('5953bcc8-1a03-47b3-8466-5b335618931a', 'cpu_usage_percent', 31.0152350004795, 'percent', '2025-09-04T10:31:15.341316+00:00', '{}'),
    ('413f9209-641b-4414-818d-7a7da2b18465', 'cpu_usage_percent', 41.7630343951105, 'percent', '2025-09-04T09:31:15.341316+00:00', '{}'),
    ('1ed92a00-f2dc-4298-8530-d00a140f41d3', 'cpu_usage_percent', 37.0632281933485, 'percent', '2025-09-04T08:31:15.341316+00:00', '{}'),
    ('1391acc5-474b-43f4-8f7a-ecfa09597ffb', 'cpu_usage_percent', 30.5410915658079, 'percent', '2025-09-04T07:31:15.341316+00:00', '{}'),
    ('18981e35-011e-400b-bdc4-7133ac9482f9', 'cpu_usage_percent', 31.8040008942355, 'percent', '2025-09-04T06:31:15.341316+00:00', '{}'),
    ('8f2daa8f-edaf-4939-b691-e8c136bdeb22', 'cpu_usage_percent', 29.8049190936004, 'percent', '2025-09-04T05:31:15.341316+00:00', '{}'),
    ('1faa05db-49ba-4de7-9d4a-67015d1ea162', 'cpu_usage_percent', 37.5868200549841, 'percent', '2025-09-04T04:31:15.341316+00:00', '{}'),
    ('6ee5378d-2162-4c64-ac00-84a23b99d75e', 'cpu_usage_percent', 27.5465412559191, 'percent', '2025-09-04T03:31:15.341316+00:00', '{}'),
    ('57cd74ee-b6d5-4f03-90cb-f73615f4f152', 'cpu_usage_percent', 38.2328228638884, 'percent', '2025-09-04T02:31:15.341316+00:00', '{}'),
    ('e2aabc97-0856-44bd-97a8-05724d877219', 'cpu_usage_percent', 43.8161649787677, 'percent', '2025-09-04T01:31:15.341316+00:00', '{}'),
    ('53c761fb-5dac-4e9c-a74a-a6dd6a60223b', 'cpu_usage_percent', 34.7325833585604, 'percent', '2025-09-04T00:31:15.341316+00:00', '{}'),
    ('7293596f-4cad-4dcb-8ace-8abf20ccc52c', 'cpu_usage_percent', 39.9986370985922, 'percent', '2025-09-03T23:31:15.341316+00:00', '{}'),
    ('22a10a22-f3cc-4434-a20a-f746b6a9fb18', 'cpu_usage_percent', 39.0650710392646, 'percent', '2025-09-03T22:31:15.341316+00:00', '{}'),
    ('4e40698d-5cfe-44f6-96c3-3d43285695a4', 'cpu_usage_percent', 43.1388458487241, 'percent', '2025-09-03T21:31:15.341316+00:00', '{}'),
    ('20a5411f-c602-4791-a689-aafbef5d22bc', 'cpu_usage_percent', 29.8534957998009, 'percent', '2025-09-03T20:31:15.341316+00:00', '{}'),
    ('2d69e17f-5ef7-49f0-90f8-51bd6e99cc8d', 'cpu_usage_percent', 27.2061714075846, 'percent', '2025-09-03T19:31:15.341316+00:00', '{}'),
    ('b0d68ca0-4634-4d64-96d2-85e8988c696f', 'cpu_usage_percent', 39.9881282384486, 'percent', '2025-09-03T18:31:15.341316+00:00', '{}'),
    ('9b7e01c2-b12a-4825-988a-50e664257b7f', 'memory_usage_percent', 69.9997682097687, 'percent', '2025-09-04T17:31:15.341316+00:00', '{}'),
    ('284e9976-f3fc-41be-8252-84e1d9e65500', 'memory_usage_percent', 67.0537861695432, 'percent', '2025-09-04T16:31:15.341316+00:00', '{}'),
    ('edbb2beb-369a-42af-bbf4-5c77722c761e', 'memory_usage_percent', 67.9394650079039, 'percent', '2025-09-04T15:31:15.341316+00:00', '{}'),
    ('02905b4a-a6d7-4af7-b168-1c6e88c6cfd6', 'memory_usage_percent', 57.1820330354728, 'percent', '2025-09-04T14:31:15.341316+00:00', '{}'),
    ('05153eb8-0f2a-4391-97c8-eef409d431bc', 'memory_usage_percent', 64.3591942283498, 'percent', '2025-09-04T13:31:15.341316+00:00', '{}'),
    ('43b5dc1e-5011-4a6f-904a-87a31941dc60', 'memory_usage_percent', 67.2979610351003, 'percent', '2025-09-04T12:31:15.341316+00:00', '{}'),
    ('ca7aa824-5b6a-4bf6-b79e-2558c9f6e62a', 'memory_usage_percent', 55.7511732087229, 'percent', '2025-09-04T11:31:15.341316+00:00', '{}'),
    ('c9de0ad0-0cdc-4980-b267-c9945d0f058d', 'memory_usage_percent', 57.9655729022619, 'percent', '2025-09-04T10:31:15.341316+00:00', '{}'),
    ('6aa4a7f4-e970-4304-a527-e465654cfa2b', 'memory_usage_percent', 64.930169186666, 'percent', '2025-09-04T09:31:15.341316+00:00', '{}'),
    ('d03b7d50-0162-4976-b8dc-4d55b40e9b51', 'memory_usage_percent', 56.2912856119813, 'percent', '2025-09-04T08:31:15.341316+00:00', '{}'),
    ('3d5fa186-07e1-4600-b92f-ab0c51a15c9e', 'memory_usage_percent', 64.7473910917368, 'percent', '2025-09-04T07:31:15.341316+00:00', '{}'),
    ('3c8bff7d-c2cc-460a-82a5-02f70e11679f', 'memory_usage_percent', 69.1043005690863, 'percent', '2025-09-04T06:31:15.341316+00:00', '{}'),
    ('10b7d0b3-731e-4620-9ce8-7945a6375e13', 'memory_usage_percent', 50.938529684638, 'percent', '2025-09-04T05:31:15.341316+00:00', '{}'),
    ('ebfd7460-c51a-4424-8d2f-cc642d09be4c', 'memory_usage_percent', 54.5039952031743, 'percent', '2025-09-04T04:31:15.341316+00:00', '{}'),
    ('d9cb99bc-8c8a-40d8-a136-b8938ba20d11', 'memory_usage_percent', 61.2265200589027, 'percent', '2025-09-04T03:31:15.341316+00:00', '{}'),
    ('2a0d2d38-4d66-4865-8628-96a58292eeec', 'memory_usage_percent', 51.7582139997404, 'percent', '2025-09-04T02:31:15.341316+00:00', '{}'),
    ('53be67b1-85d2-408c-a5d0-553b346d00f1', 'memory_usage_percent', 53.908611411709, 'percent', '2025-09-04T01:31:15.341316+00:00', '{}'),
    ('578d91d7-2027-48de-b728-870cfb78e40a', 'memory_usage_percent', 56.3255922503615, 'percent', '2025-09-04T00:31:15.341316+00:00', '{}'),
    ('49c97e65-bbbd-476a-83f5-14653c7a7f6b', 'memory_usage_percent', 68.5935054952416, 'percent', '2025-09-03T23:31:15.341316+00:00', '{}'),
    ('56dfbcb5-24a9-4cc9-9c59-e3819bccd506', 'memory_usage_percent', 59.9551027686274, 'percent', '2025-09-03T22:31:15.341316+00:00', '{}'),
    ('5bdb0040-3b31-4da8-b837-a79c8f2a8784', 'memory_usage_percent', 63.4989436457284, 'percent', '2025-09-03T21:31:15.341316+00:00', '{}'),
    ('f7d97d98-b0a7-4e45-b398-434c8084326c', 'memory_usage_percent', 59.7241719958739, 'percent', '2025-09-03T20:31:15.341316+00:00', '{}'),
    ('135adbb4-4b89-4457-85d7-374b8dde151c', 'memory_usage_percent', 56.9537447386613, 'percent', '2025-09-03T19:31:15.341316+00:00', '{}'),
    ('bcb0520d-21df-4ead-a6ad-89dc6e677c14', 'memory_usage_percent', 67.39394615645, 'percent', '2025-09-03T18:31:15.341316+00:00', '{}'),
    ('cb972f78-f6cd-42ef-8cb5-cfd3ac0f7817', 'active_connections', 40.2324758420191, 'count', '2025-09-04T17:31:15.341316+00:00', '{}'),
    ('6dc87022-b223-4744-b7ee-33d1573a0ec4', 'active_connections', 51.2928692679091, 'count', '2025-09-04T16:31:15.341316+00:00', '{}'),
    ('57aac694-8eb9-4e87-b78e-b8ed86d849a3', 'active_connections', 52.439551986049, 'count', '2025-09-04T15:31:15.341316+00:00', '{}'),
    ('523e2f23-1469-476e-87c9-da2fb4f3c556', 'active_connections', 47.9312203257327, 'count', '2025-09-04T14:31:15.341316+00:00', '{}'),
    ('72bdbd89-b20e-4e65-ad9c-eef2291d8d7a', 'active_connections', 53.2803282381766, 'count', '2025-09-04T13:31:15.341316+00:00', '{}'),
    ('91dcc0c4-6414-43f6-99bf-599540a37125', 'active_connections', 41.9158714411493, 'count', '2025-09-04T12:31:15.341316+00:00', '{}'),
    ('e38afec7-28e0-4f5d-9cca-7cb90b2af12a', 'active_connections', 38.8577107464624, 'count', '2025-09-04T11:31:15.341316+00:00', '{}'),
    ('6d1a7be2-1bea-4a90-b8c9-c399b6ae5d60', 'active_connections', 45.8008385467769, 'count', '2025-09-04T10:31:15.341316+00:00', '{}'),
    ('19e7ca1d-7131-458c-b160-93dc0b08e54e', 'active_connections', 37.4216591005809, 'count', '2025-09-04T09:31:15.341316+00:00', '{}'),
    ('ecf0a361-8083-4c04-8680-ef9dc985f185', 'active_connections', 45.3754854936675, 'count', '2025-09-04T08:31:15.341316+00:00', '{}'),
    ('9f622a90-3b83-439c-876e-a3b1c797b60b', 'active_connections', 47.8445339336002, 'count', '2025-09-04T07:31:15.341316+00:00', '{}'),
    ('c3be1f54-7fef-4271-a089-4aaea6199c55', 'active_connections', 52.4120364570495, 'count', '2025-09-04T06:31:15.341316+00:00', '{}'),
    ('b910cffd-e796-476b-9f52-ff664ec7bec6', 'active_connections', 50.2641760359066, 'count', '2025-09-04T05:31:15.341316+00:00', '{}'),
    ('4b160813-9a3b-4ee4-8915-a9f5ddd416d1', 'active_connections', 37.2337328577457, 'count', '2025-09-04T04:31:15.341316+00:00', '{}'),
    ('dbadcf5d-5f5e-47f3-ace1-d1e3505d4a6c', 'active_connections', 52.2762426352129, 'count', '2025-09-04T03:31:15.341316+00:00', '{}'),
    ('10d2e7b8-b634-4d12-b168-2fb7d158109a', 'active_connections', 37.1824770907106, 'count', '2025-09-04T02:31:15.341316+00:00', '{}'),
    ('270860c1-f23b-4772-afb1-6df75d3dd0fa', 'active_connections', 50.3166589945749, 'count', '2025-09-04T01:31:15.341316+00:00', '{}'),
    ('2198a915-c441-468b-9544-68b6072d3a96', 'active_connections', 41.8907737712547, 'count', '2025-09-04T00:31:15.341316+00:00', '{}'),
    ('a275c8dc-1056-4756-b0de-257cefdec5cd', 'active_connections', 54.8333630370035, 'count', '2025-09-03T23:31:15.341316+00:00', '{}'),
    ('fb70ec03-54fb-425e-b9ba-fed29fdd30f6', 'active_connections', 45.3962189185103, 'count', '2025-09-03T22:31:15.341316+00:00', '{}'),
    ('0ca91ee3-1d1f-4d31-bd97-d351e1b68ad6', 'active_connections', 41.0450428825621, 'count', '2025-09-03T21:31:15.341316+00:00', '{}'),
    ('7412f1bc-bd76-4bdc-93eb-0b99b64e3f98', 'active_connections', 42.4083375123118, 'count', '2025-09-03T20:31:15.341316+00:00', '{}'),
    ('d06336d0-6960-41c6-abbf-991f078cb81f', 'active_connections', 46.7378934544912, 'count', '2025-09-03T19:31:15.341316+00:00', '{}'),
    ('2495d4eb-6d59-4952-adf4-82e17255a2da', 'active_connections', 40.0262705138881, 'count', '2025-09-03T18:31:15.341316+00:00', '{}'),
    ('6bb95aeb-92f2-4db1-a3db-fe1015b2a547', 'response_time_ms', 149.30368982281, 'milliseconds', '2025-09-04T17:31:15.341316+00:00', '{}'),
    ('3f8a2fa2-f27b-4267-bb84-5c6077c51662', 'response_time_ms', 159.829378697842, 'milliseconds', '2025-09-04T16:31:15.341316+00:00', '{}'),
    ('a7085692-15a5-4a32-ad69-b21c3680ec9b', 'response_time_ms', 143.182937878649, 'milliseconds', '2025-09-04T15:31:15.341316+00:00', '{}'),
    ('b1a6b715-d96f-402f-8f2f-c8209bb526b4', 'response_time_ms', 159.897063941597, 'milliseconds', '2025-09-04T14:31:15.341316+00:00', '{}'),
    ('c18ff32d-b3dc-45ee-85ac-4fead0fc5044', 'response_time_ms', 148.700158087833, 'milliseconds', '2025-09-04T13:31:15.341316+00:00', '{}'),
    ('b7079d6d-00ed-44d9-8d71-c6c1cca89526', 'response_time_ms', 157.070976635461, 'milliseconds', '2025-09-04T12:31:15.341316+00:00', '{}'),
    ('c55c5fd2-cc42-4399-894c-bfbba15612b3', 'response_time_ms', 142.547305672963, 'milliseconds', '2025-09-04T11:31:15.341316+00:00', '{}'),
    ('50bb7ae5-abb0-4820-a8d8-66d03a65e744', 'response_time_ms', 141.624872296856, 'milliseconds', '2025-09-04T10:31:15.341316+00:00', '{}'),
    ('3d1a853e-6263-4bc5-83ea-68de8c11c190', 'response_time_ms', 150.888380953167, 'milliseconds', '2025-09-04T09:31:15.341316+00:00', '{}'),
    ('71a1af4c-f628-4c34-a1bf-9a74484f7d14', 'response_time_ms', 155.820475037229, 'milliseconds', '2025-09-04T08:31:15.341316+00:00', '{}'),
    ('5e8cc0b4-99ae-489e-9264-11ed15e93c16', 'response_time_ms', 158.724160663067, 'milliseconds', '2025-09-04T07:31:15.341316+00:00', '{}'),
    ('b4f8b8e4-a1a8-43b3-9930-9b8d11bae5bc', 'response_time_ms', 156.578583261923, 'milliseconds', '2025-09-04T06:31:15.341316+00:00', '{}'),
    ('955466e5-07ef-457e-b5d0-fdaa059f32d1', 'response_time_ms', 153.850816866433, 'milliseconds', '2025-09-04T05:31:15.341316+00:00', '{}'),
    ('f774af40-c948-4a20-8e6d-8d151eaf0cb1', 'response_time_ms', 140.902098768769, 'milliseconds', '2025-09-04T04:31:15.341316+00:00', '{}'),
    ('47b4a0e8-8188-4328-831e-33d899dd482c', 'response_time_ms', 140.71875607012, 'milliseconds', '2025-09-04T03:31:15.341316+00:00', '{}'),
    ('5a5be2c5-40eb-4db5-944a-031fe349f934', 'response_time_ms', 152.063437154066, 'milliseconds', '2025-09-04T02:31:15.341316+00:00', '{}'),
    ('e1c908bf-6434-4798-9307-2558335a0dc6', 'response_time_ms', 152.220261180785, 'milliseconds', '2025-09-04T01:31:15.341316+00:00', '{}'),
    ('9165870a-0211-44f0-97f1-f3e14de93e8e', 'response_time_ms', 148.384005871242, 'milliseconds', '2025-09-04T00:31:15.341316+00:00', '{}'),
    ('f1d1e27b-9339-48c7-b4a5-eefb354dd8e7', 'response_time_ms', 151.876743391264, 'milliseconds', '2025-09-03T23:31:15.341316+00:00', '{}'),
    ('1cd0aaa3-c4e2-41e9-aba9-0995f150eafe', 'response_time_ms', 157.285791010047, 'milliseconds', '2025-09-03T22:31:15.341316+00:00', '{}');

INSERT INTO "system_metrics" ("id", "metric_name", "metric_value", "metric_unit", "recorded_at", "metadata") VALUES
    ('0cba058c-9d28-434e-9e69-2827073dc5a2', 'response_time_ms', 152.330617076249, 'milliseconds', '2025-09-03T21:31:15.341316+00:00', '{}'),
    ('98548785-d6e6-4908-9f8a-c2e39a7235fb', 'response_time_ms', 155.083438231895, 'milliseconds', '2025-09-03T20:31:15.341316+00:00', '{}'),
    ('bef164a4-23fa-4a6b-b265-b85c2aa3cb60', 'response_time_ms', 141.663087779781, 'milliseconds', '2025-09-03T19:31:15.341316+00:00', '{}'),
    ('005fe6cf-5051-4d1b-8402-21ecbc64e965', 'response_time_ms', 147.744960346796, 'milliseconds', '2025-09-03T18:31:15.341316+00:00', '{}'),
    ('d6a9cfe0-ab0e-4dd1-9c1f-0f6cb6111090', 'error_rate_percent', -0.958813922567694, 'percent', '2025-09-04T17:31:15.341316+00:00', '{}'),
    ('77a3a9cc-a364-4d71-bbce-60f7f9781c00', 'error_rate_percent', -6.96491357967856, 'percent', '2025-09-04T16:31:15.341316+00:00', '{}'),
    ('a210ae6e-4446-4dc1-84ef-a61dd276eb68', 'error_rate_percent', -9.4520992674772, 'percent', '2025-09-04T15:31:15.341316+00:00', '{}'),
    ('3e48f16e-2099-4a49-aecb-f2b8939a3f40', 'error_rate_percent', 6.39266438245059, 'percent', '2025-09-04T14:31:15.341316+00:00', '{}'),
    ('b9403d2e-a346-43d1-b233-4f9ebd717a51', 'error_rate_percent', 2.70809239259994, 'percent', '2025-09-04T13:31:15.341316+00:00', '{}'),
    ('c847a803-7a56-4547-947e-48f454499fc4', 'error_rate_percent', -0.877301817389998, 'percent', '2025-09-04T12:31:15.341316+00:00', '{}'),
    ('79610fcf-1030-49d0-b0b8-04aa3deaa1d8', 'error_rate_percent', 3.60838959724604, 'percent', '2025-09-04T11:31:15.341316+00:00', '{}'),
    ('71304876-84e3-48eb-b24e-f1bfab7b0336', 'error_rate_percent', -1.55984502108603, 'percent', '2025-09-04T10:31:15.341316+00:00', '{}'),
    ('b3790520-6e5b-4866-8a60-71a3d997a44e', 'error_rate_percent', -3.34648238207909, 'percent', '2025-09-04T09:31:15.341316+00:00', '{}'),
    ('ef584e56-9cab-4688-811a-91a09a7432df', 'error_rate_percent', 4.38603873929649, 'percent', '2025-09-04T08:31:15.341316+00:00', '{}'),
    ('70fe6b1c-0e21-4423-93c6-e0ddb08c82fa', 'error_rate_percent', -7.14272150572911, 'percent', '2025-09-04T07:31:15.341316+00:00', '{}'),
    ('af741ebd-23b8-4ae3-b849-baa24df82023', 'error_rate_percent', -1.91964624821581, 'percent', '2025-09-04T06:31:15.341316+00:00', '{}'),
    ('c31eb55d-8578-4732-a05a-36099424aa83', 'error_rate_percent', 5.56142770886756, 'percent', '2025-09-04T05:31:15.341316+00:00', '{}'),
    ('5e821cb4-275c-49d5-b43f-820d955b9691', 'error_rate_percent', 0.0952159508421495, 'percent', '2025-09-04T04:31:15.341316+00:00', '{}'),
    ('352a40ec-8fcc-4546-ad19-f122dbd3d363', 'error_rate_percent', -6.03909297646884, 'percent', '2025-09-04T03:31:15.341316+00:00', '{}'),
    ('e20aeb8a-8863-46c0-b411-d73c42c3216c', 'error_rate_percent', 0.763355523849436, 'percent', '2025-09-04T02:31:15.341316+00:00', '{}'),
    ('b90a83fe-f8fd-4de9-81d7-8063681f0fb9', 'error_rate_percent', -1.25386977723387, 'percent', '2025-09-04T01:31:15.341316+00:00', '{}'),
    ('cda166e4-049e-405a-bfcb-eb2ba8eb58ab', 'error_rate_percent', -8.39817996456955, 'percent', '2025-09-04T00:31:15.341316+00:00', '{}'),
    ('82019da0-1d6b-4a49-b3c4-e4f2701063a2', 'error_rate_percent', -7.63430136062864, 'percent', '2025-09-03T23:31:15.341316+00:00', '{}'),
    ('f2089382-4b79-47a5-b071-8b7f314a5dc9', 'error_rate_percent', 7.0282091456742, 'percent', '2025-09-03T22:31:15.341316+00:00', '{}'),
    ('c16a7f7d-0dce-4c05-aa37-23a124bd77da', 'error_rate_percent', -6.48338914611309, 'percent', '2025-09-03T21:31:15.341316+00:00', '{}'),
    ('e0f23320-71b5-4dc2-be6d-2425dfdcefcf', 'error_rate_percent', -6.68291161652845, 'percent', '2025-09-03T20:31:15.341316+00:00', '{}'),
    ('78033c2a-c7c1-4996-af06-962e04351c9c', 'error_rate_percent', -6.61782993243585, 'percent', '2025-09-03T19:31:15.341316+00:00', '{}'),
    ('7ab026db-cda8-4dd7-9a04-589d0e653215', 'error_rate_percent', -1.00049360400585, 'percent', '2025-09-03T18:31:15.341316+00:00', '{}'),
    ('92fec57f-7db4-4bf6-a726-e4f68b1a5370', 'cpu_usage_percent', 41.0928508472017, 'percent', '2025-09-04T17:31:15.341316+00:00', '{}'),
    ('131c39d7-8c27-4c76-9ef4-9b54c64c59e0', 'cpu_usage_percent', 44.0418582687525, 'percent', '2025-09-04T16:31:15.341316+00:00', '{}'),
    ('160be291-b14f-443d-828e-4d13d07b6226', 'cpu_usage_percent', 37.9968891908654, 'percent', '2025-09-04T15:31:15.341316+00:00', '{}'),
    ('8f120335-8a5e-4609-880e-b4ad312713a1', 'cpu_usage_percent', 32.6352966654667, 'percent', '2025-09-04T14:31:15.341316+00:00', '{}'),
    ('b2b2decc-7313-4da9-a66c-f000a1ecc453', 'cpu_usage_percent', 31.7978805178612, 'percent', '2025-09-04T13:31:15.341316+00:00', '{}'),
    ('7d812c52-3490-4f2a-a32a-e38c90170e86', 'cpu_usage_percent', 38.6666675366146, 'percent', '2025-09-04T12:31:15.341316+00:00', '{}'),
    ('049c9e6d-068b-4ef9-a783-9441889219b0', 'cpu_usage_percent', 37.7564112511386, 'percent', '2025-09-04T11:31:15.341316+00:00', '{}'),
    ('a1560f19-9e39-4a38-8634-bd16d095c6e6', 'cpu_usage_percent', 30.476300497916, 'percent', '2025-09-04T10:31:15.341316+00:00', '{}'),
    ('9a443c86-5bf1-4409-a4e8-1312a5b1e3d1', 'cpu_usage_percent', 33.7372409244426, 'percent', '2025-09-04T09:31:15.341316+00:00', '{}'),
    ('161781f5-7c74-4dab-90d3-2ad70bba8819', 'cpu_usage_percent', 29.9101191200178, 'percent', '2025-09-04T08:31:15.341316+00:00', '{}'),
    ('8ce9d3fd-1466-48d8-925e-abc7acf88a17', 'cpu_usage_percent', 34.0501211269468, 'percent', '2025-09-04T07:31:15.341316+00:00', '{}'),
    ('0b72e6f0-fa12-4c82-8a08-327b5e3f812c', 'cpu_usage_percent', 41.8344347951435, 'percent', '2025-09-04T06:31:15.341316+00:00', '{}'),
    ('ccc0db39-833b-4ffc-9a1e-298085fe9e8f', 'cpu_usage_percent', 37.7586887468491, 'percent', '2025-09-04T05:31:15.341316+00:00', '{}'),
    ('1dd3b47c-8940-497f-bfab-e42f6ca27f1f', 'cpu_usage_percent', 37.3008024848466, 'percent', '2025-09-04T04:31:15.341316+00:00', '{}'),
    ('e1230038-2049-43ed-b3df-3c9cdc215f57', 'cpu_usage_percent', 43.9049510182909, 'percent', '2025-09-04T03:31:15.341316+00:00', '{}'),
    ('33cced5d-4012-40bf-851d-6bdea04cd517', 'cpu_usage_percent', 35.2326926653939, 'percent', '2025-09-04T02:31:15.341316+00:00', '{}'),
    ('8cc4c074-f474-480a-aefb-7bf5982882a5', 'cpu_usage_percent', 30.7628818396855, 'percent', '2025-09-04T01:31:15.341316+00:00', '{}'),
    ('ed54910d-092a-421b-9446-65d5b65d5f38', 'cpu_usage_percent', 29.6751389328287, 'percent', '2025-09-04T00:31:15.341316+00:00', '{}'),
    ('de036c41-c8ce-437e-b8d1-e9d2e2a6bc73', 'cpu_usage_percent', 27.0533464023389, 'percent', '2025-09-03T23:31:15.341316+00:00', '{}'),
    ('05bd4df7-c5a7-4fd2-b3f9-3f1211a985be', 'cpu_usage_percent', 40.0956882599603, 'percent', '2025-09-03T22:31:15.341316+00:00', '{}'),
    ('a6fe0820-bc38-4e51-9b32-dfbba4f26c23', 'cpu_usage_percent', 27.0589783394615, 'percent', '2025-09-03T21:31:15.341316+00:00', '{}'),
    ('9583cd04-5644-418d-a1ad-24af4ed27fe0', 'cpu_usage_percent', 25.08692124751, 'percent', '2025-09-03T20:31:15.341316+00:00', '{}'),
    ('2ca7673b-7ab0-4b9d-a8cc-6cb07156cf19', 'cpu_usage_percent', 37.3992738862724, 'percent', '2025-09-03T19:31:15.341316+00:00', '{}'),
    ('84898e35-e0df-491a-8a66-6a3faaff5b7c', 'cpu_usage_percent', 25.6564143506346, 'percent', '2025-09-03T18:31:15.341316+00:00', '{}'),
    ('a56768a9-48dc-40be-83f1-69b0c9230038', 'memory_usage_percent', 54.0964376315133, 'percent', '2025-09-04T17:31:15.341316+00:00', '{}'),
    ('6885ba92-0891-4c9d-a7ef-3e4e7309ca03', 'memory_usage_percent', 51.1769166775498, 'percent', '2025-09-04T16:31:15.341316+00:00', '{}'),
    ('36fdc1fe-3fb9-4c9e-8f62-c57584bd57b9', 'memory_usage_percent', 62.7950863738582, 'percent', '2025-09-04T15:31:15.341316+00:00', '{}'),
    ('0cba2905-71a9-4608-a57d-cf8dcb6b46d2', 'memory_usage_percent', 56.0538223618839, 'percent', '2025-09-04T14:31:15.341316+00:00', '{}'),
    ('3f47c4b0-925f-4431-8afd-c4dcff8cd7b4', 'memory_usage_percent', 57.7793491285191, 'percent', '2025-09-04T13:31:15.341316+00:00', '{}'),
    ('32f43cc1-7c6e-4599-9a3b-6c7ea7000ca4', 'memory_usage_percent', 65.6870085235435, 'percent', '2025-09-04T12:31:15.341316+00:00', '{}'),
    ('03bb0f7d-fa74-4c0d-a2ff-b84578ee2e65', 'memory_usage_percent', 53.3196753140366, 'percent', '2025-09-04T11:31:15.341316+00:00', '{}'),
    ('45b6b5cf-2800-4713-8943-69def4862d65', 'memory_usage_percent', 53.7682674618429, 'percent', '2025-09-04T10:31:15.341316+00:00', '{}'),
    ('e431462a-29b5-4792-a657-f3129333057b', 'memory_usage_percent', 50.3501708005041, 'percent', '2025-09-04T09:31:15.341316+00:00', '{}'),
    ('87f17ffa-6c3b-45fa-8acb-e14d29b1e469', 'memory_usage_percent', 69.9720804198251, 'percent', '2025-09-04T08:31:15.341316+00:00', '{}'),
    ('b35b3ee0-e19a-4441-bdf1-94474e2fe3c7', 'memory_usage_percent', 55.2125968759432, 'percent', '2025-09-04T07:31:15.341316+00:00', '{}'),
    ('99edc332-a41e-4815-b394-4414f32d6ce9', 'memory_usage_percent', 52.8196379974069, 'percent', '2025-09-04T06:31:15.341316+00:00', '{}'),
    ('44f681eb-fb48-4b73-92fd-b26216abc73b', 'memory_usage_percent', 68.107462297399, 'percent', '2025-09-04T05:31:15.341316+00:00', '{}'),
    ('a8298a27-3a62-4336-8902-2c8b14abd92f', 'memory_usage_percent', 61.2947165876891, 'percent', '2025-09-04T04:31:15.341316+00:00', '{}'),
    ('7cdc3689-dc86-49d7-8022-8e00c6a23a9d', 'memory_usage_percent', 67.7264392690722, 'percent', '2025-09-04T03:31:15.341316+00:00', '{}'),
    ('db6aebdb-61ce-4694-8aa0-9cb5131c8620', 'memory_usage_percent', 63.9598843198965, 'percent', '2025-09-04T02:31:15.341316+00:00', '{}'),
    ('c01665ff-f7e5-4b52-bde4-f3c190254f86', 'memory_usage_percent', 69.1805453672818, 'percent', '2025-09-04T01:31:15.341316+00:00', '{}'),
    ('3accaaf3-b3e7-43bc-8779-5c810318ef64', 'memory_usage_percent', 53.4716003978388, 'percent', '2025-09-04T00:31:15.341316+00:00', '{}'),
    ('a2d7397e-de91-4084-b82d-766af246ca7b', 'memory_usage_percent', 52.0980233967494, 'percent', '2025-09-03T23:31:15.341316+00:00', '{}'),
    ('cb669341-9dbc-4f03-b9dc-e333d9e4d13a', 'memory_usage_percent', 51.524642244265, 'percent', '2025-09-03T22:31:15.341316+00:00', '{}'),
    ('8974adb7-f47e-4399-9f29-d02af23b2fbf', 'memory_usage_percent', 59.0733668263013, 'percent', '2025-09-03T21:31:15.341316+00:00', '{}'),
    ('b170033f-866a-4113-af11-a93b48bc0536', 'memory_usage_percent', 54.8965524161845, 'percent', '2025-09-03T20:31:15.341316+00:00', '{}'),
    ('2b5fa05d-f01d-40b3-b42c-65ef645c6896', 'memory_usage_percent', 64.3194232997182, 'percent', '2025-09-03T19:31:15.341316+00:00', '{}'),
    ('209b51a1-66b6-454c-b3c9-18235210344a', 'memory_usage_percent', 63.6569077790339, 'percent', '2025-09-03T18:31:15.341316+00:00', '{}'),
    ('951a013d-4518-4eb8-afcd-804e35ca9fc5', 'active_connections', 40.5352062712925, 'count', '2025-09-04T17:31:15.341316+00:00', '{}'),
    ('43a06bb1-f166-4f01-a106-dded747b39a9', 'active_connections', 45.0278456312844, 'count', '2025-09-04T16:31:15.341316+00:00', '{}'),
    ('227bb3a2-a7cc-413b-8b41-1b9c2f705447', 'active_connections', 44.6622981517469, 'count', '2025-09-04T15:31:15.341316+00:00', '{}'),
    ('27b089ee-4c35-4ceb-a111-cc76589055ea', 'active_connections', 43.6897695368137, 'count', '2025-09-04T14:31:15.341316+00:00', '{}'),
    ('1d6c4962-7f5d-4733-b324-498e8b022b81', 'active_connections', 47.587482796989, 'count', '2025-09-04T13:31:15.341316+00:00', '{}'),
    ('a0f1237c-ecc8-463d-a318-099a467868b0', 'active_connections', 47.976864001196, 'count', '2025-09-04T12:31:15.341316+00:00', '{}'),
    ('0d868a27-ac6f-4b35-8a06-e762999e7a1d', 'active_connections', 54.9111986685523, 'count', '2025-09-04T11:31:15.341316+00:00', '{}'),
    ('4166e74f-97fc-4a1e-9746-ce10f5708a9b', 'active_connections', 38.4878740765941, 'count', '2025-09-04T10:31:15.341316+00:00', '{}'),
    ('21a31e49-5186-4df8-91f3-4fa0f24187f4', 'active_connections', 41.2038360502826, 'count', '2025-09-04T09:31:15.341316+00:00', '{}'),
    ('9dcd5d9d-e240-41c0-98d8-63f8cda6f6b8', 'active_connections', 36.1914331616518, 'count', '2025-09-04T08:31:15.341316+00:00', '{}'),
    ('546139d7-5295-48fe-b4f3-f53ec190017e', 'active_connections', 38.1720036040711, 'count', '2025-09-04T07:31:15.341316+00:00', '{}'),
    ('f4293cc9-00cd-4f79-91b5-815e71b95133', 'active_connections', 48.0108554061599, 'count', '2025-09-04T06:31:15.341316+00:00', '{}'),
    ('d6101747-807a-4394-8ed9-d3dae24abd0a', 'active_connections', 39.3028873793493, 'count', '2025-09-04T05:31:15.341316+00:00', '{}'),
    ('fca6477b-f875-441e-95ad-42ce673cf1b2', 'active_connections', 46.6261506921615, 'count', '2025-09-04T04:31:15.341316+00:00', '{}'),
    ('015b5f7e-48b4-4ac7-b072-ae1af83117e3', 'active_connections', 40.9623280992816, 'count', '2025-09-04T03:31:15.341316+00:00', '{}'),
    ('ffe2f23a-03df-4cff-acf1-dbbdbb844dcc', 'active_connections', 48.9589713972891, 'count', '2025-09-04T02:31:15.341316+00:00', '{}'),
    ('c73cfba8-839d-4d26-8392-63c196f82e77', 'active_connections', 50.4120430790498, 'count', '2025-09-04T01:31:15.341316+00:00', '{}'),
    ('5b350a7b-566e-4e25-9343-e0f7a12e481d', 'active_connections', 47.6410083278013, 'count', '2025-09-04T00:31:15.341316+00:00', '{}'),
    ('e1b65ebc-d512-4a8f-ac89-22aedd096067', 'active_connections', 39.9267951741366, 'count', '2025-09-03T23:31:15.341316+00:00', '{}'),
    ('583f189e-eb72-4142-a34e-d7d15a170af8', 'active_connections', 35.5390325195463, 'count', '2025-09-03T22:31:15.341316+00:00', '{}'),
    ('d4948cc0-4934-44d5-b716-2bc2a61121eb', 'active_connections', 45.5316710093765, 'count', '2025-09-03T21:31:15.341316+00:00', '{}'),
    ('f84fe084-d7a0-4bb6-84ce-d04f39ff58f4', 'active_connections', 43.2444892426705, 'count', '2025-09-03T20:31:15.341316+00:00', '{}'),
    ('0c480a3c-42dd-439b-a8e8-f4669cc1a56d', 'active_connections', 45.6856466369068, 'count', '2025-09-03T19:31:15.341316+00:00', '{}'),
    ('50c99f6e-0810-4ce7-8e4a-db0ae20f2327', 'active_connections', 40.1188290371734, 'count', '2025-09-03T18:31:15.341316+00:00', '{}');

INSERT INTO "system_metrics" ("id", "metric_name", "metric_value", "metric_unit", "recorded_at", "metadata") VALUES
    ('3813e88b-79cd-42bb-a544-b00edbd3fca8', 'response_time_ms', 154.497042941132, 'milliseconds', '2025-09-04T17:31:15.341316+00:00', '{}'),
    ('26d1d387-3001-4c6d-8c4a-b40e9dd6e3f8', 'response_time_ms', 143.788022316122, 'milliseconds', '2025-09-04T16:31:15.341316+00:00', '{}'),
    ('2acb5576-754c-4d12-bfea-beedac488e78', 'response_time_ms', 150.033870920507, 'milliseconds', '2025-09-04T15:31:15.341316+00:00', '{}'),
    ('ae6c3840-2985-45b0-93c6-b05267081097', 'response_time_ms', 140.292145697194, 'milliseconds', '2025-09-04T14:31:15.341316+00:00', '{}'),
    ('ff30963d-92b8-41c5-b81d-529976c7b280', 'response_time_ms', 151.115757254804, 'milliseconds', '2025-09-04T13:31:15.341316+00:00', '{}'),
    ('692749a5-ee67-4e41-9987-ab9bd91c55d8', 'response_time_ms', 151.80515350876, 'milliseconds', '2025-09-04T12:31:15.341316+00:00', '{}'),
    ('fa55ac02-0aab-4dd8-9b1d-2982a3a73e45', 'response_time_ms', 140.26580463503, 'milliseconds', '2025-09-04T11:31:15.341316+00:00', '{}'),
    ('427c13d9-90a5-4376-830b-acde25116728', 'response_time_ms', 146.483081550116, 'milliseconds', '2025-09-04T10:31:15.341316+00:00', '{}'),
    ('05b89153-d058-452a-9099-4f71f80cfb97', 'response_time_ms', 152.694487370306, 'milliseconds', '2025-09-04T09:31:15.341316+00:00', '{}'),
    ('3cb18bec-36ce-442b-9eb9-6d32c02534d3', 'response_time_ms', 155.404805214063, 'milliseconds', '2025-09-04T08:31:15.341316+00:00', '{}'),
    ('8b4b5c80-5f4d-4094-8e1f-f7821c044173', 'response_time_ms', 151.491274166965, 'milliseconds', '2025-09-04T07:31:15.341316+00:00', '{}'),
    ('d653da2b-b1bc-4082-8aad-0e7e8aceb0df', 'response_time_ms', 159.844037444653, 'milliseconds', '2025-09-04T06:31:15.341316+00:00', '{}'),
    ('ad0ef77c-5191-4f34-9459-b669049cbfd2', 'response_time_ms', 150.797099184855, 'milliseconds', '2025-09-04T05:31:15.341316+00:00', '{}'),
    ('9737fca0-7b8a-49fa-af55-ed6bf47fe15d', 'response_time_ms', 147.127793313999, 'milliseconds', '2025-09-04T04:31:15.341316+00:00', '{}'),
    ('ca3902ac-2d48-48bf-a68f-d880bad0bfac', 'response_time_ms', 159.735391223882, 'milliseconds', '2025-09-04T03:31:15.341316+00:00', '{}'),
    ('985f6028-04a9-49e7-8b76-83686e1362e3', 'response_time_ms', 144.781820689512, 'milliseconds', '2025-09-04T02:31:15.341316+00:00', '{}'),
    ('e93b498a-0b08-414e-bde5-c480f82b6b5d', 'response_time_ms', 140.288578710596, 'milliseconds', '2025-09-04T01:31:15.341316+00:00', '{}'),
    ('e684aa70-dd01-412f-90f7-79b325f1f01a', 'response_time_ms', 142.685896496845, 'milliseconds', '2025-09-04T00:31:15.341316+00:00', '{}'),
    ('490082aa-57b4-41ff-838d-e9c8e2fa56bc', 'response_time_ms', 150.265706864378, 'milliseconds', '2025-09-03T23:31:15.341316+00:00', '{}'),
    ('8386adc8-3714-44a9-8dab-b65e9406492d', 'response_time_ms', 159.71417268844, 'milliseconds', '2025-09-03T22:31:15.341316+00:00', '{}'),
    ('bb2c9de2-f866-4e17-93de-23ccb0031e63', 'response_time_ms', 145.601242291921, 'milliseconds', '2025-09-03T21:31:15.341316+00:00', '{}'),
    ('eb8e0ef1-545f-4429-be15-7df84ebcfedf', 'response_time_ms', 154.535378639029, 'milliseconds', '2025-09-03T20:31:15.341316+00:00', '{}'),
    ('0a5b38f1-6edf-4be0-bdd8-9e41527a33f9', 'response_time_ms', 147.933303000422, 'milliseconds', '2025-09-03T19:31:15.341316+00:00', '{}'),
    ('5d5419b0-b56b-4269-b3ba-f5d0d1a13511', 'response_time_ms', 145.177260379954, 'milliseconds', '2025-09-03T18:31:15.341316+00:00', '{}'),
    ('a94e3075-8a6f-4db8-9841-c745cc1cecbc', 'error_rate_percent', -3.8682242061158, 'percent', '2025-09-04T17:31:15.341316+00:00', '{}'),
    ('0110907c-fb5b-4624-a877-ff5505569bd0', 'error_rate_percent', -4.89680124824611, 'percent', '2025-09-04T16:31:15.341316+00:00', '{}'),
    ('550bb3c1-594c-4d6b-bf46-4cb62c596185', 'error_rate_percent', -7.08758147941736, 'percent', '2025-09-04T15:31:15.341316+00:00', '{}'),
    ('18a0fbdc-0bf9-43da-8ba3-5eb825869559', 'error_rate_percent', 5.51878195590443, 'percent', '2025-09-04T14:31:15.341316+00:00', '{}'),
    ('87a41f2f-26e1-45fd-918c-a281a5132b75', 'error_rate_percent', 1.73279374480632, 'percent', '2025-09-04T13:31:15.341316+00:00', '{}'),
    ('87018494-ce68-4e35-8175-7f71bd75381b', 'error_rate_percent', 1.32291127980392, 'percent', '2025-09-04T12:31:15.341316+00:00', '{}'),
    ('c18572aa-1e8b-4863-8231-6fef91e84ea7', 'error_rate_percent', 3.4061755902359, 'percent', '2025-09-04T11:31:15.341316+00:00', '{}'),
    ('baf59340-fe8d-4ac4-9751-c42d90376887', 'error_rate_percent', -2.79612967636889, 'percent', '2025-09-04T10:31:15.341316+00:00', '{}'),
    ('f4215982-2fb1-42e8-a7da-95d0043f67c3', 'error_rate_percent', 2.82676827445876, 'percent', '2025-09-04T09:31:15.341316+00:00', '{}'),
    ('606d7460-4420-4c15-9de0-08f1249c9b20', 'error_rate_percent', -5.49377768493046, 'percent', '2025-09-04T08:31:15.341316+00:00', '{}'),
    ('cb2c80bb-e891-4ac7-973e-07a11cc9eecb', 'error_rate_percent', -2.79582012806317, 'percent', '2025-09-04T07:31:15.341316+00:00', '{}'),
    ('e2f8d480-14e0-4a5d-b4f2-f7a6be777551', 'error_rate_percent', -7.20120920652718, 'percent', '2025-09-04T06:31:15.341316+00:00', '{}'),
    ('a7c09f43-bfea-4dd3-9d04-25c311dceb73', 'error_rate_percent', -7.58948196319956, 'percent', '2025-09-04T05:31:15.341316+00:00', '{}'),
    ('a5be4001-df6d-46c4-b893-34f188de03a4', 'error_rate_percent', -1.0309580053148, 'percent', '2025-09-04T04:31:15.341316+00:00', '{}'),
    ('4e51d49a-5678-4828-9dda-8cecb7eff3d1', 'error_rate_percent', 4.56305214005501, 'percent', '2025-09-04T03:31:15.341316+00:00', '{}'),
    ('2a17eac2-6344-4579-8a20-3a3883f7376a', 'error_rate_percent', -4.45741267607984, 'percent', '2025-09-04T02:31:15.341316+00:00', '{}'),
    ('086a0b1d-9d1b-4fe0-8170-5eee205cf2ef', 'error_rate_percent', 3.57109692391965, 'percent', '2025-09-04T01:31:15.341316+00:00', '{}'),
    ('403a1624-793d-4799-9186-05bf5d83b2b9', 'error_rate_percent', -5.46006777492632, 'percent', '2025-09-04T00:31:15.341316+00:00', '{}'),
    ('fd5a6622-2919-46f8-a5ca-d612833ada29', 'error_rate_percent', 1.37559739059893, 'percent', '2025-09-03T23:31:15.341316+00:00', '{}'),
    ('68809d4b-0c17-4d25-8809-2aed14f7440b', 'error_rate_percent', 0.308113034841831, 'percent', '2025-09-03T22:31:15.341316+00:00', '{}'),
    ('3e228ce9-25e3-4788-b07e-862b0129be9b', 'error_rate_percent', 2.28543686499734, 'percent', '2025-09-03T21:31:15.341316+00:00', '{}'),
    ('0d91ed2a-b412-4d1f-b737-3d4ea29985ae', 'error_rate_percent', 3.87962249629307, 'percent', '2025-09-03T20:31:15.341316+00:00', '{}'),
    ('754caf57-4e29-4ea8-8808-4a6526796bd3', 'error_rate_percent', -7.20142523493203, 'percent', '2025-09-03T19:31:15.341316+00:00', '{}'),
    ('a36ddbbf-4ece-4e17-9e8d-1f8ee7d14931', 'error_rate_percent', 10.1111116156784, 'percent', '2025-09-03T18:31:15.341316+00:00', '{}'),
    ('7ff30520-0f6c-4864-88cf-1deeb0489b1d', 'cpu_usage_percent', 26.4920976785478, 'percent', '2025-09-04T17:31:15.341316+00:00', '{}'),
    ('6162dd12-eaf1-4639-9233-fb86410f33a0', 'cpu_usage_percent', 41.9482362493459, 'percent', '2025-09-04T16:31:15.341316+00:00', '{}'),
    ('d55d8953-4a77-4be1-8171-b860c22470ce', 'cpu_usage_percent', 28.2810587720182, 'percent', '2025-09-04T15:31:15.341316+00:00', '{}'),
    ('61a555fd-7fda-436f-a43a-1d08672e6d5b', 'cpu_usage_percent', 34.4975951477741, 'percent', '2025-09-04T14:31:15.341316+00:00', '{}'),
    ('e07d46e4-8080-42c7-89ea-9d3c6ffe1771', 'cpu_usage_percent', 42.8490141211847, 'percent', '2025-09-04T13:31:15.341316+00:00', '{}'),
    ('f2035072-3528-49e4-97d6-c7888054841b', 'cpu_usage_percent', 27.467389452351, 'percent', '2025-09-04T12:31:15.341316+00:00', '{}'),
    ('f83f3bca-d8a9-4394-becf-fd0ec270b4b3', 'cpu_usage_percent', 27.636220660086, 'percent', '2025-09-04T11:31:15.341316+00:00', '{}'),
    ('b7d9c756-4cbb-46bf-8602-018bff409752', 'cpu_usage_percent', 36.3578159333908, 'percent', '2025-09-04T10:31:15.341316+00:00', '{}'),
    ('4bb6530b-b5dd-4d80-886d-c757ff1faee5', 'cpu_usage_percent', 41.8881442048606, 'percent', '2025-09-04T09:31:15.341316+00:00', '{}'),
    ('10eeb2a4-9be8-4b70-a36d-858991dde7e2', 'cpu_usage_percent', 40.4859045390021, 'percent', '2025-09-04T08:31:15.341316+00:00', '{}'),
    ('274c9dde-ce49-4768-816b-fce03cfc7a74', 'cpu_usage_percent', 42.0029911566341, 'percent', '2025-09-04T07:31:15.341316+00:00', '{}'),
    ('30a34fab-1841-41be-b600-43e7485ec8ea', 'cpu_usage_percent', 26.7144293622882, 'percent', '2025-09-04T06:31:15.341316+00:00', '{}'),
    ('4cfedfbe-0c86-4812-a959-857a44259067', 'cpu_usage_percent', 32.400666341114, 'percent', '2025-09-04T05:31:15.341316+00:00', '{}'),
    ('fdecefcd-1b8d-4825-88b6-ea0d46c54d83', 'cpu_usage_percent', 33.1129997227905, 'percent', '2025-09-04T04:31:15.341316+00:00', '{}'),
    ('b07265e8-04e0-4326-b7cb-6b454806c25e', 'cpu_usage_percent', 28.0776222315484, 'percent', '2025-09-04T03:31:15.341316+00:00', '{}'),
    ('70ea23ba-131a-4a82-8494-e47f6e226da2', 'cpu_usage_percent', 40.7373503975989, 'percent', '2025-09-04T02:31:15.341316+00:00', '{}'),
    ('faa4e108-7e84-4058-8391-b74c95cd3f12', 'cpu_usage_percent', 32.9864128893388, 'percent', '2025-09-04T01:31:15.341316+00:00', '{}'),
    ('c12b25d2-b9c2-491d-9927-0ebe8d54b847', 'cpu_usage_percent', 31.7291053841791, 'percent', '2025-09-04T00:31:15.341316+00:00', '{}'),
    ('31e38b3a-c66b-44f2-b780-3fcb181acfe5', 'cpu_usage_percent', 35.5225945990825, 'percent', '2025-09-03T23:31:15.341316+00:00', '{}'),
    ('7e687216-5cf5-4623-a8ba-a810db52fa09', 'cpu_usage_percent', 25.3989551570191, 'percent', '2025-09-03T22:31:15.341316+00:00', '{}'),
    ('62962b1f-5049-471c-a5bc-bb9153fb9e93', 'cpu_usage_percent', 30.0943166430503, 'percent', '2025-09-03T21:31:15.341316+00:00', '{}'),
    ('cc32544a-53af-4cea-8e26-1fb1402e949c', 'cpu_usage_percent', 34.7723351481589, 'percent', '2025-09-03T20:31:15.341316+00:00', '{}'),
    ('d60377e4-ba17-490a-b72e-2fa70b8e8c44', 'cpu_usage_percent', 39.7398630897069, 'percent', '2025-09-03T19:31:15.341316+00:00', '{}'),
    ('e1a1f34e-3049-4e16-abe7-8de6b2a1c751', 'cpu_usage_percent', 27.6298062003144, 'percent', '2025-09-03T18:31:15.341316+00:00', '{}'),
    ('4ee42d8a-e292-4714-80c5-8228514546ee', 'memory_usage_percent', 65.7270696301417, 'percent', '2025-09-04T17:31:15.341316+00:00', '{}'),
    ('af7a050e-23b8-432c-a35b-3327c9a54a5b', 'memory_usage_percent', 62.7522148680651, 'percent', '2025-09-04T16:31:15.341316+00:00', '{}'),
    ('b71fe3bf-ca54-4bf5-8828-06489f1d05b2', 'memory_usage_percent', 63.5384885219608, 'percent', '2025-09-04T15:31:15.341316+00:00', '{}'),
    ('d913111d-8c18-499b-a323-5096d313d8a0', 'memory_usage_percent', 53.1240941446725, 'percent', '2025-09-04T14:31:15.341316+00:00', '{}'),
    ('338d9181-2684-406d-bc59-1f3cc1f1a5f6', 'memory_usage_percent', 55.5017135996403, 'percent', '2025-09-04T13:31:15.341316+00:00', '{}'),
    ('17ac6347-efd9-4735-8761-5997e0b1ac57', 'memory_usage_percent', 56.1144930230913, 'percent', '2025-09-04T12:31:15.341316+00:00', '{}'),
    ('e64842ec-bb5e-4d55-bb25-a600aefe6a2b', 'memory_usage_percent', 69.8497066823377, 'percent', '2025-09-04T11:31:15.341316+00:00', '{}'),
    ('aee28717-ddd9-4308-ab6b-da5a1d663f6e', 'memory_usage_percent', 65.707759538689, 'percent', '2025-09-04T10:31:15.341316+00:00', '{}'),
    ('84dc68c3-4509-44fa-9830-ffd0e6040530', 'memory_usage_percent', 64.4649848839433, 'percent', '2025-09-04T09:31:15.341316+00:00', '{}'),
    ('1b612167-1fc4-48af-88ca-e0f1d9b0423d', 'memory_usage_percent', 67.8765130812927, 'percent', '2025-09-04T08:31:15.341316+00:00', '{}'),
    ('ed62ad0e-5d35-425a-95aa-37914202c2da', 'memory_usage_percent', 54.9959477713177, 'percent', '2025-09-04T07:31:15.341316+00:00', '{}'),
    ('a8b0cff4-e0bc-4107-9cbc-c37b8d803829', 'memory_usage_percent', 66.0409976539927, 'percent', '2025-09-04T06:31:15.341316+00:00', '{}'),
    ('f8e88413-1986-4a6d-836c-06cf3ba398ec', 'memory_usage_percent', 54.6597917482502, 'percent', '2025-09-04T05:31:15.341316+00:00', '{}'),
    ('3773096c-f60d-45b6-8708-f05d588193d7', 'memory_usage_percent', 63.2939341495807, 'percent', '2025-09-04T04:31:15.341316+00:00', '{}'),
    ('26f29f01-00ee-44e6-ba56-2a50e0a11694', 'memory_usage_percent', 52.5669797737095, 'percent', '2025-09-04T03:31:15.341316+00:00', '{}'),
    ('05ef6054-2888-476f-bef5-c74a5a1a0e9b', 'memory_usage_percent', 53.5039642636141, 'percent', '2025-09-04T02:31:15.341316+00:00', '{}'),
    ('ac13888a-27d8-4068-8736-4fa21f1c1d95', 'memory_usage_percent', 62.605569214254, 'percent', '2025-09-04T01:31:15.341316+00:00', '{}'),
    ('9291b3ca-b89b-4fa2-9667-98e0e7c570bd', 'memory_usage_percent', 63.2107072038572, 'percent', '2025-09-04T00:31:15.341316+00:00', '{}'),
    ('5e988fda-c2be-4c46-b3d6-c61141bca57f', 'memory_usage_percent', 50.2150389061676, 'percent', '2025-09-03T23:31:15.341316+00:00', '{}'),
    ('0342b759-1dbf-4858-a087-4bcbed3aca11', 'memory_usage_percent', 60.6802630430763, 'percent', '2025-09-03T22:31:15.341316+00:00', '{}'),
    ('8919da5c-5843-4c73-ad56-5c945c945f62', 'memory_usage_percent', 52.0951726497776, 'percent', '2025-09-03T21:31:15.341316+00:00', '{}'),
    ('1d861b8d-cc87-4960-8297-311175fcebb1', 'memory_usage_percent', 62.9302749618846, 'percent', '2025-09-03T20:31:15.341316+00:00', '{}'),
    ('06017456-274a-42cf-a4a0-d63ec4e2d014', 'memory_usage_percent', 68.8194152581052, 'percent', '2025-09-03T19:31:15.341316+00:00', '{}'),
    ('951ff817-e934-4758-bfef-8a643d2b2fa5', 'memory_usage_percent', 53.4035050771328, 'percent', '2025-09-03T18:31:15.341316+00:00', '{}'),
    ('12e815c3-1bbe-4c01-8f8d-4c0c6dfa9cce', 'active_connections', 47.9578074942153, 'count', '2025-09-04T17:31:15.341316+00:00', '{}'),
    ('6f194517-2af7-4605-9bd1-47051988a83d', 'active_connections', 44.5619585331682, 'count', '2025-09-04T16:31:15.341316+00:00', '{}'),
    ('966bcbdb-10cf-4311-8cd0-0c7feab037de', 'active_connections', 39.2618595450819, 'count', '2025-09-04T15:31:15.341316+00:00', '{}'),
    ('e7dc77e9-f95d-4577-893f-18b09a846b34', 'active_connections', 41.880870133897, 'count', '2025-09-04T14:31:15.341316+00:00', '{}');

INSERT INTO "system_metrics" ("id", "metric_name", "metric_value", "metric_unit", "recorded_at", "metadata") VALUES
    ('ef548359-a8aa-42bb-8a31-bb050724cfca', 'active_connections', 44.9674267392263, 'count', '2025-09-04T13:31:15.341316+00:00', '{}'),
    ('e7cfdc21-9fc0-4170-bf2a-245e23147907', 'active_connections', 44.5691234617556, 'count', '2025-09-04T12:31:15.341316+00:00', '{}'),
    ('0bef7182-ba96-43fa-ac42-0803bee1bdab', 'active_connections', 38.0366490769168, 'count', '2025-09-04T11:31:15.341316+00:00', '{}'),
    ('2c32190d-8fba-4896-820d-c9443c378e37', 'active_connections', 52.6288582297326, 'count', '2025-09-04T10:31:15.341316+00:00', '{}'),
    ('c4fd1c14-700f-49c8-b7a0-f968cdfdfc31', 'active_connections', 36.685387997853, 'count', '2025-09-04T09:31:15.341316+00:00', '{}'),
    ('bd36fe73-471a-4533-9702-8ba09a06c4cc', 'active_connections', 54.1324368418096, 'count', '2025-09-04T08:31:15.341316+00:00', '{}'),
    ('a0f74fb3-af7c-4f7b-9586-74eaab89c86b', 'active_connections', 43.7507534421888, 'count', '2025-09-04T07:31:15.341316+00:00', '{}'),
    ('f75cfeb3-9d18-4f22-93d5-5abc705666ec', 'active_connections', 40.2209662863712, 'count', '2025-09-04T06:31:15.341316+00:00', '{}'),
    ('a480aa77-f531-4236-a7fd-b3b0a8d9695a', 'active_connections', 39.1023813082559, 'count', '2025-09-04T05:31:15.341316+00:00', '{}'),
    ('99755da9-b813-48e0-a518-825daf3b43e8', 'active_connections', 48.8789015336123, 'count', '2025-09-04T04:31:15.341316+00:00', '{}'),
    ('680e589a-0b5b-4f37-9348-fe153ff04ce7', 'active_connections', 37.4016782518011, 'count', '2025-09-04T03:31:15.341316+00:00', '{}'),
    ('aa633443-facf-4c0d-8fb2-9cf49f5fdfa8', 'active_connections', 38.9965137624427, 'count', '2025-09-04T02:31:15.341316+00:00', '{}'),
    ('b824f9ad-0db9-4399-8567-4cac5214df2b', 'active_connections', 43.2645977035453, 'count', '2025-09-04T01:31:15.341316+00:00', '{}'),
    ('f5b8679d-4e0b-4edc-be45-3ef0fa7102d4', 'active_connections', 37.6833074220153, 'count', '2025-09-04T00:31:15.341316+00:00', '{}'),
    ('800ea22f-d1c3-4262-bf00-daa0afa89167', 'active_connections', 52.4105284138946, 'count', '2025-09-03T23:31:15.341316+00:00', '{}'),
    ('4984a389-7385-45fd-b049-fba52236fe94', 'active_connections', 46.408235116003, 'count', '2025-09-03T22:31:15.341316+00:00', '{}'),
    ('c90dd2a8-335f-43e2-a394-368c96dbd00a', 'active_connections', 38.4927226008481, 'count', '2025-09-03T21:31:15.341316+00:00', '{}'),
    ('0563654e-0b40-4fc9-9b02-3e0beb539539', 'active_connections', 52.4093221509913, 'count', '2025-09-03T20:31:15.341316+00:00', '{}'),
    ('7a3419b9-3c19-4f79-bd9f-e505e1131f43', 'active_connections', 39.9257723902772, 'count', '2025-09-03T19:31:15.341316+00:00', '{}'),
    ('d27172f1-3a67-4683-b3d1-a6bdcdff61f4', 'active_connections', 35.4748680824013, 'count', '2025-09-03T18:31:15.341316+00:00', '{}'),
    ('5bc05afb-4df6-43af-b7e5-ff967695f8fd', 'response_time_ms', 149.454864032926, 'milliseconds', '2025-09-04T17:31:15.341316+00:00', '{}'),
    ('eaa40898-f2ae-4863-9cad-fc77c1ffe727', 'response_time_ms', 145.085412903629, 'milliseconds', '2025-09-04T16:31:15.341316+00:00', '{}'),
    ('9639abb7-e25e-4c81-8c11-f75453b9585c', 'response_time_ms', 146.088093267083, 'milliseconds', '2025-09-04T15:31:15.341316+00:00', '{}'),
    ('539330c0-d5ca-43d2-a5dd-5b2c63a9d835', 'response_time_ms', 151.227148920077, 'milliseconds', '2025-09-04T14:31:15.341316+00:00', '{}'),
    ('3fdb195f-79f9-4987-bffa-1c3a213ba0b9', 'response_time_ms', 147.898243135526, 'milliseconds', '2025-09-04T13:31:15.341316+00:00', '{}'),
    ('3e4a7f96-1a62-40f1-9004-5ccbbd381a1b', 'response_time_ms', 143.982927262213, 'milliseconds', '2025-09-04T12:31:15.341316+00:00', '{}'),
    ('997679f0-5601-4a77-bf03-a94579d155f7', 'response_time_ms', 143.215260507233, 'milliseconds', '2025-09-04T11:31:15.341316+00:00', '{}'),
    ('ed52d58a-9b2c-4382-8868-d4109eeaf8e9', 'response_time_ms', 150.429849956719, 'milliseconds', '2025-09-04T10:31:15.341316+00:00', '{}'),
    ('6947a04c-0604-4302-8efd-95f11c8de645', 'response_time_ms', 146.6885144494, 'milliseconds', '2025-09-04T09:31:15.341316+00:00', '{}'),
    ('489d1efb-5337-4016-a502-c76ddfb4a5eb', 'response_time_ms', 143.613495100233, 'milliseconds', '2025-09-04T08:31:15.341316+00:00', '{}'),
    ('d4b4f097-ca78-4bbb-b237-e11cea20c526', 'response_time_ms', 154.539611254467, 'milliseconds', '2025-09-04T07:31:15.341316+00:00', '{}'),
    ('ebeafeb8-686e-4df5-b1ac-111e79432ce5', 'response_time_ms', 157.307861452585, 'milliseconds', '2025-09-04T06:31:15.341316+00:00', '{}'),
    ('1cc49e32-703a-42b5-94d7-302eaa5af874', 'response_time_ms', 145.890610061222, 'milliseconds', '2025-09-04T05:31:15.341316+00:00', '{}'),
    ('302f5599-0fc4-4e65-a479-a4e8351ad446', 'response_time_ms', 144.10189178694, 'milliseconds', '2025-09-04T04:31:15.341316+00:00', '{}'),
    ('465ba5d8-312a-47f1-8e0b-255cd3fe1fe4', 'response_time_ms', 159.618029571042, 'milliseconds', '2025-09-04T03:31:15.341316+00:00', '{}'),
    ('f8598ba9-2708-4cf7-9123-ca577fa895c1', 'response_time_ms', 145.680191108976, 'milliseconds', '2025-09-04T02:31:15.341316+00:00', '{}'),
    ('dcac569f-2776-45a9-82fd-cd6a358b60f5', 'response_time_ms', 147.978127527391, 'milliseconds', '2025-09-04T01:31:15.341316+00:00', '{}'),
    ('15c780f0-fbee-4af8-92fe-65c4baa1cee9', 'response_time_ms', 142.185342802765, 'milliseconds', '2025-09-04T00:31:15.341316+00:00', '{}'),
    ('24f380fa-ff9e-4539-a47c-9bcda52e0eca', 'response_time_ms', 145.930239203131, 'milliseconds', '2025-09-03T23:31:15.341316+00:00', '{}'),
    ('9c39787e-a171-4700-b83d-5866ed4dd13f', 'response_time_ms', 157.533257242271, 'milliseconds', '2025-09-03T22:31:15.341316+00:00', '{}'),
    ('b8290fc3-f36d-4c97-a96d-6df9104502c3', 'response_time_ms', 147.796187627283, 'milliseconds', '2025-09-03T21:31:15.341316+00:00', '{}'),
    ('81fd089e-7a34-47b3-ab80-1dc527c15712', 'response_time_ms', 142.781581609532, 'milliseconds', '2025-09-03T20:31:15.341316+00:00', '{}'),
    ('1ac28695-f8f9-4e31-af26-6ff0c9dde43c', 'response_time_ms', 158.89862043855, 'milliseconds', '2025-09-03T19:31:15.341316+00:00', '{}'),
    ('2ff32a0b-c4c2-4e8a-92f3-33aab8c9a646', 'response_time_ms', 157.743436656151, 'milliseconds', '2025-09-03T18:31:15.341316+00:00', '{}'),
    ('9fddd905-4368-4d1b-ad1e-2a6ea0dc05de', 'error_rate_percent', -6.45467056738323, 'percent', '2025-09-04T17:31:15.341316+00:00', '{}'),
    ('15ab480b-7826-40d7-84ca-098cfffe1236', 'error_rate_percent', 8.95349620696214, 'percent', '2025-09-04T16:31:15.341316+00:00', '{}'),
    ('1b3a1bba-565d-456e-a334-463adba81b69', 'error_rate_percent', -7.44686135597484, 'percent', '2025-09-04T15:31:15.341316+00:00', '{}'),
    ('d825fcbe-6911-4296-b16d-be668a5a3b26', 'error_rate_percent', 9.02104250686933, 'percent', '2025-09-04T14:31:15.341316+00:00', '{}'),
    ('d1976c27-9534-4773-a6d7-7f604116422b', 'error_rate_percent', -1.25253005503464, 'percent', '2025-09-04T13:31:15.341316+00:00', '{}'),
    ('6f94995c-4aff-4207-a39c-5a8be6bee52b', 'error_rate_percent', 2.30566407620216, 'percent', '2025-09-04T12:31:15.341316+00:00', '{}'),
    ('e0b1397c-7eeb-483a-99b8-075ef3e72806', 'error_rate_percent', 0.542627366198754, 'percent', '2025-09-04T11:31:15.341316+00:00', '{}'),
    ('652ea919-e7ab-4d9a-8c85-2e2870071d3f', 'error_rate_percent', 5.93034201098798, 'percent', '2025-09-04T10:31:15.341316+00:00', '{}'),
    ('adbd3c75-a5cf-4cfa-9635-4e9fe0b9f4cd', 'error_rate_percent', 6.86167160299543, 'percent', '2025-09-04T09:31:15.341316+00:00', '{}'),
    ('d418ce96-0e4b-4223-acc9-6f66aa8571ce', 'error_rate_percent', 9.6007688124288, 'percent', '2025-09-04T08:31:15.341316+00:00', '{}'),
    ('6208c612-fe10-4923-bf72-4c8a834cb1d1', 'error_rate_percent', 3.97078695209647, 'percent', '2025-09-04T07:31:15.341316+00:00', '{}'),
    ('4c37f237-69e2-466c-b1c6-0d47bca0d180', 'error_rate_percent', 2.13915145448149, 'percent', '2025-09-04T06:31:15.341316+00:00', '{}'),
    ('8b523cdb-759b-4792-a986-5acfcd33ae91', 'error_rate_percent', 7.28062777343234, 'percent', '2025-09-04T05:31:15.341316+00:00', '{}'),
    ('7ca9d75f-d373-411b-8798-5fa3ce36a310', 'error_rate_percent', -2.23143759865379, 'percent', '2025-09-04T04:31:15.341316+00:00', '{}'),
    ('c29064de-750c-49cf-ad3e-14166fe40f56', 'error_rate_percent', 6.29761348114176, 'percent', '2025-09-04T03:31:15.341316+00:00', '{}'),
    ('62b3ac6e-fe8a-40b8-9ad8-aa0596bdff18', 'error_rate_percent', 1.98418906684644, 'percent', '2025-09-04T02:31:15.341316+00:00', '{}'),
    ('db21366f-d0a8-4379-8c6e-d058250afae9', 'error_rate_percent', -3.49071332040803, 'percent', '2025-09-04T01:31:15.341316+00:00', '{}'),
    ('cdadd364-1321-490f-8e80-00e1edc8c14e', 'error_rate_percent', 4.35041248857338, 'percent', '2025-09-04T00:31:15.341316+00:00', '{}'),
    ('b1bf83ef-a2d8-46fb-adce-233371dfa08f', 'error_rate_percent', -7.35590081578938, 'percent', '2025-09-03T23:31:15.341316+00:00', '{}'),
    ('da32c722-3275-4d7b-815c-d53374df15df', 'error_rate_percent', 6.41208451744633, 'percent', '2025-09-03T22:31:15.341316+00:00', '{}'),
    ('fc07e4e9-9197-4edc-8a41-cb638042df26', 'error_rate_percent', -7.48983649467234, 'percent', '2025-09-03T21:31:15.341316+00:00', '{}'),
    ('ee78017c-ff43-4445-8bad-c9d626ffe91a', 'error_rate_percent', 9.79559370265302, 'percent', '2025-09-03T20:31:15.341316+00:00', '{}'),
    ('2b3be134-e557-466a-9ca9-f15fa6f08cc1', 'error_rate_percent', -0.258804136026615, 'percent', '2025-09-03T19:31:15.341316+00:00', '{}'),
    ('1aa58608-3b30-4f99-b396-80408321cf7c', 'error_rate_percent', -5.82879142670516, 'percent', '2025-09-03T18:31:15.341316+00:00', '{}'),
    ('f41a37d7-f932-4ebd-ac6f-24b57e012391', 'cpu_usage_percent', 38.4691203142573, 'percent', '2025-09-04T17:31:15.341316+00:00', '{}'),
    ('c1408874-24a0-43c0-a0a8-ef21047cbe19', 'cpu_usage_percent', 33.7628472465773, 'percent', '2025-09-04T16:31:15.341316+00:00', '{}'),
    ('77942de1-5cd8-4f0d-9a33-cdd0b5d905e5', 'cpu_usage_percent', 36.0425589783305, 'percent', '2025-09-04T15:31:15.341316+00:00', '{}'),
    ('bfa87bd3-5342-4434-9fc2-1113097bb6e4', 'cpu_usage_percent', 44.9992368302027, 'percent', '2025-09-04T14:31:15.341316+00:00', '{}'),
    ('107de0fb-d554-4294-9066-dccfa6fe0db6', 'cpu_usage_percent', 40.4166854706551, 'percent', '2025-09-04T13:31:15.341316+00:00', '{}'),
    ('d92dd8fa-3d4e-4365-8e29-f0b196817d17', 'cpu_usage_percent', 26.1484718037266, 'percent', '2025-09-04T12:31:15.341316+00:00', '{}'),
    ('8b82c55a-f402-483e-b91f-638a5fb995f5', 'cpu_usage_percent', 43.7433486726155, 'percent', '2025-09-04T11:31:15.341316+00:00', '{}'),
    ('d6a027b5-a583-45df-b587-4e374844bc7c', 'cpu_usage_percent', 34.131721566438, 'percent', '2025-09-04T10:31:15.341316+00:00', '{}'),
    ('dfe24d5a-a674-4a10-958b-e7b6a0e10b5d', 'cpu_usage_percent', 40.0193879122059, 'percent', '2025-09-04T09:31:15.341316+00:00', '{}'),
    ('243ae754-710b-4a34-a587-9b89b939d78e', 'cpu_usage_percent', 41.658383058773, 'percent', '2025-09-04T08:31:15.341316+00:00', '{}'),
    ('58e1f3bf-8096-4b2c-be21-a736e465a7b9', 'cpu_usage_percent', 35.7967595552621, 'percent', '2025-09-04T07:31:15.341316+00:00', '{}'),
    ('8ab8ca03-d1d7-4077-ba8d-a28ccc42c055', 'cpu_usage_percent', 38.7733803095877, 'percent', '2025-09-04T06:31:15.341316+00:00', '{}'),
    ('93d4114a-8e02-4a3b-a791-83e07a062f80', 'cpu_usage_percent', 34.5422705713071, 'percent', '2025-09-04T05:31:15.341316+00:00', '{}'),
    ('4ace2740-adb9-42a4-8432-f9143e224e1e', 'cpu_usage_percent', 41.8689763136754, 'percent', '2025-09-04T04:31:15.341316+00:00', '{}'),
    ('46c91c3c-4b94-4489-9ec5-6d4b4ec6bf21', 'cpu_usage_percent', 41.2354553038112, 'percent', '2025-09-04T03:31:15.341316+00:00', '{}'),
    ('dc3a483d-8522-4429-a231-e3634b420736', 'cpu_usage_percent', 36.8700039913727, 'percent', '2025-09-04T02:31:15.341316+00:00', '{}'),
    ('9b3a35c4-b8e5-4e08-ac09-9155fe174558', 'cpu_usage_percent', 30.2022690877089, 'percent', '2025-09-04T01:31:15.341316+00:00', '{}'),
    ('3f740085-f411-45f3-b604-9e857113f445', 'cpu_usage_percent', 40.9693333791265, 'percent', '2025-09-04T00:31:15.341316+00:00', '{}'),
    ('20902c3b-d0dd-4801-a4e0-c40d3f2ffed9', 'cpu_usage_percent', 26.3068048195953, 'percent', '2025-09-03T23:31:15.341316+00:00', '{}'),
    ('ddeed7d9-5b8b-4e47-8659-cb614b33cbcc', 'cpu_usage_percent', 33.8732830310116, 'percent', '2025-09-03T22:31:15.341316+00:00', '{}'),
    ('ac83a08e-f768-4ab9-907f-3fca3ed5532a', 'cpu_usage_percent', 30.7149159877055, 'percent', '2025-09-03T21:31:15.341316+00:00', '{}'),
    ('98ba4974-19da-44dc-bc2b-dc8c956b3003', 'cpu_usage_percent', 40.7045357896646, 'percent', '2025-09-03T20:31:15.341316+00:00', '{}'),
    ('715c9ca4-673c-4523-a06a-23a2752bd669', 'cpu_usage_percent', 34.8318978440288, 'percent', '2025-09-03T19:31:15.341316+00:00', '{}'),
    ('5f9e091a-869f-4900-9504-528db349b88f', 'cpu_usage_percent', 32.8305838456289, 'percent', '2025-09-03T18:31:15.341316+00:00', '{}'),
    ('3066b1ca-eb11-4eab-922f-756c3d48c85e', 'memory_usage_percent', 56.0809499891376, 'percent', '2025-09-04T17:31:15.341316+00:00', '{}'),
    ('857b973e-c643-4dcf-abf6-661413a7ebb6', 'memory_usage_percent', 69.6790602450276, 'percent', '2025-09-04T16:31:15.341316+00:00', '{}'),
    ('25ec9066-4cf5-4778-b1bd-d3fad679c8ba', 'memory_usage_percent', 64.6126213999065, 'percent', '2025-09-04T15:31:15.341316+00:00', '{}'),
    ('40cb5ce1-d854-4fb4-923a-a0a50c7ecf7f', 'memory_usage_percent', 62.2607918458682, 'percent', '2025-09-04T14:31:15.341316+00:00', '{}'),
    ('9398b4c8-6e5e-4a50-bdd0-b94433a59513', 'memory_usage_percent', 63.1623780388262, 'percent', '2025-09-04T13:31:15.341316+00:00', '{}'),
    ('92a5d3cc-db82-47ac-aac9-680066d8ca21', 'memory_usage_percent', 51.6647044568858, 'percent', '2025-09-04T12:31:15.341316+00:00', '{}'),
    ('04cc77e0-85f0-44c3-ad83-032a3d149aa8', 'memory_usage_percent', 56.5607966740542, 'percent', '2025-09-04T11:31:15.341316+00:00', '{}'),
    ('9a53a7c4-37ad-451b-b122-2d8ec0adf91f', 'memory_usage_percent', 64.0100234700704, 'percent', '2025-09-04T10:31:15.341316+00:00', '{}');

INSERT INTO "system_metrics" ("id", "metric_name", "metric_value", "metric_unit", "recorded_at", "metadata") VALUES
    ('af4c3b5d-be4d-4c30-85a3-3bd9622ec007', 'memory_usage_percent', 60.3087832444249, 'percent', '2025-09-04T09:31:15.341316+00:00', '{}'),
    ('8917fb54-7aeb-4492-bc7c-647705258cfa', 'memory_usage_percent', 59.2469770819546, 'percent', '2025-09-04T08:31:15.341316+00:00', '{}'),
    ('b8621165-8b67-4b74-8f91-8097eded8ee3', 'memory_usage_percent', 69.9821121315038, 'percent', '2025-09-04T07:31:15.341316+00:00', '{}'),
    ('ccea8cdb-507c-4a27-8d93-8f983501455e', 'memory_usage_percent', 60.2472635415966, 'percent', '2025-09-04T06:31:15.341316+00:00', '{}'),
    ('53177a44-96c2-4cfc-9dae-77e6aa9d0b45', 'memory_usage_percent', 69.477037466731, 'percent', '2025-09-04T05:31:15.341316+00:00', '{}'),
    ('06b6a2b0-9dc1-4324-a395-9ad667c4d58f', 'memory_usage_percent', 56.1024596198545, 'percent', '2025-09-04T04:31:15.341316+00:00', '{}'),
    ('c984ba97-922a-4ccf-9953-9e0ca3ea0aef', 'memory_usage_percent', 52.5544218919382, 'percent', '2025-09-04T03:31:15.341316+00:00', '{}'),
    ('08646d05-c02a-489d-a299-76d5971c8dd1', 'memory_usage_percent', 64.9847357972127, 'percent', '2025-09-04T02:31:15.341316+00:00', '{}'),
    ('da5eb963-c0cd-403e-896d-886e3dc99648', 'memory_usage_percent', 58.5849323731185, 'percent', '2025-09-04T01:31:15.341316+00:00', '{}'),
    ('8fc313d2-8847-4ca9-8357-239e6d5a3f6d', 'memory_usage_percent', 52.1241098179528, 'percent', '2025-09-04T00:31:15.341316+00:00', '{}'),
    ('b93c60aa-fc0e-43d9-b563-56cc19f0d550', 'memory_usage_percent', 51.4567552721012, 'percent', '2025-09-03T23:31:15.341316+00:00', '{}'),
    ('ad311a45-2883-431a-a35c-8d5b4d4d2d28', 'memory_usage_percent', 60.1478522684577, 'percent', '2025-09-03T22:31:15.341316+00:00', '{}'),
    ('4b6e278c-7e67-4c2a-bcb5-73356be17597', 'memory_usage_percent', 58.193347828464, 'percent', '2025-09-03T21:31:15.341316+00:00', '{}'),
    ('ab22ef57-0827-4711-ae78-47694747fe92', 'memory_usage_percent', 69.8239326754449, 'percent', '2025-09-03T20:31:15.341316+00:00', '{}'),
    ('4ea84457-48df-4f6e-880f-9692868f75be', 'memory_usage_percent', 55.5502229750819, 'percent', '2025-09-03T19:31:15.341316+00:00', '{}'),
    ('f8627083-ba23-4f24-913a-9ebdea1069e4', 'memory_usage_percent', 64.9453580402359, 'percent', '2025-09-03T18:31:15.341316+00:00', '{}'),
    ('7df27009-460c-4ab3-aeb0-a9f88bb3ac4e', 'active_connections', 43.1790255621113, 'count', '2025-09-04T17:31:15.341316+00:00', '{}'),
    ('5a92909f-3bfe-441f-91f3-ad31094e121a', 'active_connections', 40.289421297358, 'count', '2025-09-04T16:31:15.341316+00:00', '{}'),
    ('a27b8f9f-c429-48b5-9dd0-cd37fd629d58', 'active_connections', 46.7152016959493, 'count', '2025-09-04T15:31:15.341316+00:00', '{}'),
    ('c935b4fb-99ad-4aba-b32c-e7a5ba4d30be', 'active_connections', 51.604429259679, 'count', '2025-09-04T14:31:15.341316+00:00', '{}'),
    ('e58f92dd-5ea0-4086-8728-995552f6fdc5', 'active_connections', 39.4538351315491, 'count', '2025-09-04T13:31:15.341316+00:00', '{}'),
    ('cba41ec9-2c94-4a08-8820-07acc43cc494', 'active_connections', 40.1188811885567, 'count', '2025-09-04T12:31:15.341316+00:00', '{}'),
    ('bc0d15cc-ba23-4003-a536-71330c613ebf', 'active_connections', 37.4603395168699, 'count', '2025-09-04T11:31:15.341316+00:00', '{}'),
    ('542bcdb0-101a-416a-833e-b3551b2e9f1c', 'active_connections', 36.6011863051798, 'count', '2025-09-04T10:31:15.341316+00:00', '{}'),
    ('da520526-cb39-462d-979b-89b742423a51', 'active_connections', 38.5707226884981, 'count', '2025-09-04T09:31:15.341316+00:00', '{}'),
    ('050dd756-ecf8-4c47-a3cf-e0804b0e57c8', 'active_connections', 38.8481331406146, 'count', '2025-09-04T08:31:15.341316+00:00', '{}'),
    ('ca6648fc-5e81-4862-97d8-e28d000d6b78', 'active_connections', 41.9370887593103, 'count', '2025-09-04T07:31:15.341316+00:00', '{}'),
    ('18e6c7a4-7c4a-45ff-8892-71aa3b230516', 'active_connections', 48.3916043411723, 'count', '2025-09-04T06:31:15.341316+00:00', '{}'),
    ('81ac30fc-c9e7-49af-9330-23d4fa46c6ae', 'active_connections', 47.1539868067796, 'count', '2025-09-04T05:31:15.341316+00:00', '{}'),
    ('c7d0b65b-68e6-466d-b78d-93bf07260b41', 'active_connections', 51.9467527990558, 'count', '2025-09-04T04:31:15.341316+00:00', '{}'),
    ('c94509db-7fd7-4ab4-816b-33a88cfcd7d5', 'active_connections', 49.6156489909003, 'count', '2025-09-04T03:31:15.341316+00:00', '{}'),
    ('a413f85f-43c2-480a-82e0-ea41288871ee', 'active_connections', 48.3576751919709, 'count', '2025-09-04T02:31:15.341316+00:00', '{}'),
    ('287f7cba-15ee-4ede-a35b-872b6ab4f664', 'active_connections', 41.8836787591437, 'count', '2025-09-04T01:31:15.341316+00:00', '{}'),
    ('435dc653-17b1-4f58-b12b-393e246b292f', 'active_connections', 48.3849559734264, 'count', '2025-09-04T00:31:15.341316+00:00', '{}'),
    ('27cb0997-53bf-48ce-974a-d5374e15accd', 'active_connections', 41.301546187041, 'count', '2025-09-03T23:31:15.341316+00:00', '{}'),
    ('3cc4b044-cde2-4111-a5d6-dbbcde70874e', 'active_connections', 53.6598547990148, 'count', '2025-09-03T22:31:15.341316+00:00', '{}'),
    ('a2763cf2-db47-4f26-ab2f-f5b043a6449a', 'active_connections', 52.4424514736745, 'count', '2025-09-03T21:31:15.341316+00:00', '{}'),
    ('402902b8-4398-4d31-add4-f5d12c98ea2d', 'active_connections', 49.2252157048224, 'count', '2025-09-03T20:31:15.341316+00:00', '{}'),
    ('a339b1e3-3a04-4193-b8c5-3492f9b19f37', 'active_connections', 43.2652604759435, 'count', '2025-09-03T19:31:15.341316+00:00', '{}'),
    ('b4b45bc4-59df-448b-84ea-0efc487b766f', 'active_connections', 40.4585942299443, 'count', '2025-09-03T18:31:15.341316+00:00', '{}'),
    ('364e2b47-7077-4b3b-9fe3-8add6812064c', 'response_time_ms', 156.915397077529, 'milliseconds', '2025-09-04T17:31:15.341316+00:00', '{}'),
    ('41d1bd4d-f88d-4a26-a434-df4a5b2dff53', 'response_time_ms', 158.937798418274, 'milliseconds', '2025-09-04T16:31:15.341316+00:00', '{}'),
    ('fc31f708-04e7-475a-b556-cb1de82a7605', 'response_time_ms', 149.641315318969, 'milliseconds', '2025-09-04T15:31:15.341316+00:00', '{}'),
    ('5ca04349-9645-409b-a83a-b6cc326e2c41', 'response_time_ms', 157.555206276798, 'milliseconds', '2025-09-04T14:31:15.341316+00:00', '{}'),
    ('7dd99a1f-b434-421c-a014-ea0ebc853dec', 'response_time_ms', 141.00498024657, 'milliseconds', '2025-09-04T13:31:15.341316+00:00', '{}'),
    ('8f5d2836-91d6-4f84-86fa-a765ad135f6d', 'response_time_ms', 147.033462807009, 'milliseconds', '2025-09-04T12:31:15.341316+00:00', '{}'),
    ('d8060359-9b8d-408e-b8aa-fbdd40dea0ee', 'response_time_ms', 149.047068327978, 'milliseconds', '2025-09-04T11:31:15.341316+00:00', '{}'),
    ('2e10c9a9-7805-4f5c-96fb-d00a9d6244a8', 'response_time_ms', 146.421901985409, 'milliseconds', '2025-09-04T10:31:15.341316+00:00', '{}'),
    ('b704aace-ddb7-4adc-bacc-15ea9ad528c1', 'response_time_ms', 150.225611760423, 'milliseconds', '2025-09-04T09:31:15.341316+00:00', '{}'),
    ('cbf69027-14a4-4876-baf7-13f74ee2206a', 'response_time_ms', 152.474439041178, 'milliseconds', '2025-09-04T08:31:15.341316+00:00', '{}'),
    ('e8358a8c-6cdd-462a-a512-43789ac826c6', 'response_time_ms', 144.737009783918, 'milliseconds', '2025-09-04T07:31:15.341316+00:00', '{}'),
    ('e2255bee-51e3-4538-a276-d864c4ad8a2e', 'response_time_ms', 152.458040759512, 'milliseconds', '2025-09-04T06:31:15.341316+00:00', '{}'),
    ('fe66aaa6-a942-4e9e-aca6-1b2ea844e53f', 'response_time_ms', 154.844369508059, 'milliseconds', '2025-09-04T05:31:15.341316+00:00', '{}'),
    ('bbb4ee97-196d-4e5b-ba47-e0edd39b4af4', 'response_time_ms', 150.733765608088, 'milliseconds', '2025-09-04T04:31:15.341316+00:00', '{}'),
    ('0249a389-1559-4890-9f6d-2954f210fa9a', 'response_time_ms', 147.670829067985, 'milliseconds', '2025-09-04T03:31:15.341316+00:00', '{}'),
    ('2d19a9c6-0adb-4afa-b056-53c3d7e224da', 'response_time_ms', 140.597460354197, 'milliseconds', '2025-09-04T02:31:15.341316+00:00', '{}'),
    ('5020920b-10c3-404e-a0c1-c3f049f806e3', 'response_time_ms', 152.857002030697, 'milliseconds', '2025-09-04T01:31:15.341316+00:00', '{}'),
    ('1fc624ec-fffa-4f78-b699-e5ad39a8b570', 'response_time_ms', 147.241987637716, 'milliseconds', '2025-09-04T00:31:15.341316+00:00', '{}'),
    ('57f0763f-e47f-4be9-8e98-072b27465db9', 'response_time_ms', 151.530208649974, 'milliseconds', '2025-09-03T23:31:15.341316+00:00', '{}'),
    ('9810ba2a-8b81-409f-9ab6-ea1d77f3a4e2', 'response_time_ms', 153.220472508483, 'milliseconds', '2025-09-03T22:31:15.341316+00:00', '{}'),
    ('529cbe8c-79a6-484e-8780-71c6144bdec1', 'response_time_ms', 144.223695392744, 'milliseconds', '2025-09-03T21:31:15.341316+00:00', '{}'),
    ('e76c6d3c-68cc-4c71-9485-c8be56a3b103', 'response_time_ms', 154.05687070491, 'milliseconds', '2025-09-03T20:31:15.341316+00:00', '{}'),
    ('de62c45a-73cc-4c7a-a826-cf0c5686665c', 'response_time_ms', 155.443972485303, 'milliseconds', '2025-09-03T19:31:15.341316+00:00', '{}'),
    ('6db0c1bf-b91d-4aef-ab0f-3b029f8c2a9c', 'response_time_ms', 148.337495731631, 'milliseconds', '2025-09-03T18:31:15.341316+00:00', '{}'),
    ('106d9f8f-e691-46b9-bc5d-19663f1873ff', 'error_rate_percent', 7.73061317989448, 'percent', '2025-09-04T17:31:15.341316+00:00', '{}'),
    ('4edec175-7a5a-48f9-bb65-fde932e53c2d', 'error_rate_percent', -2.56108347574061, 'percent', '2025-09-04T16:31:15.341316+00:00', '{}'),
    ('8b8b6fba-2e60-41d2-881c-2224b16a34bd', 'error_rate_percent', -7.7202636657428, 'percent', '2025-09-04T15:31:15.341316+00:00', '{}'),
    ('e7161a7c-4d24-4aba-89a3-370c803ef410', 'error_rate_percent', -8.89085702027247, 'percent', '2025-09-04T14:31:15.341316+00:00', '{}'),
    ('64aac260-294b-4009-ab0b-752e9b7f9b67', 'error_rate_percent', -4.00808197182663, 'percent', '2025-09-04T13:31:15.341316+00:00', '{}'),
    ('5ecdac72-b8dc-441d-b868-1396bd02ece3', 'error_rate_percent', 6.20954007031114, 'percent', '2025-09-04T12:31:15.341316+00:00', '{}'),
    ('16c1ef17-597d-418f-bd49-92343e3daec5', 'error_rate_percent', 5.26263541315321, 'percent', '2025-09-04T11:31:15.341316+00:00', '{}'),
    ('5d77c72e-e603-43f3-8d23-251a15ef6bf6', 'error_rate_percent', -4.9834876891863, 'percent', '2025-09-04T10:31:15.341316+00:00', '{}'),
    ('a452598a-6001-475c-8d20-5808d8351f58', 'error_rate_percent', -0.645397280081584, 'percent', '2025-09-04T09:31:15.341316+00:00', '{}'),
    ('70e9b001-ed39-4fe3-9b26-a381939c9e2f', 'error_rate_percent', -8.50476444571868, 'percent', '2025-09-04T08:31:15.341316+00:00', '{}'),
    ('9009f798-3061-4fc6-bace-25d77537e73e', 'error_rate_percent', -4.3729583891885, 'percent', '2025-09-04T07:31:15.341316+00:00', '{}'),
    ('4d95513f-bf0b-4241-9908-51890904816a', 'error_rate_percent', 1.70607977638803, 'percent', '2025-09-04T06:31:15.341316+00:00', '{}'),
    ('7522e565-638e-4050-b362-e2cdb403892e', 'error_rate_percent', 7.4360300129917, 'percent', '2025-09-04T05:31:15.341316+00:00', '{}'),
    ('e6b34554-5911-477b-ae65-6e57f8f6ffd7', 'error_rate_percent', 4.6125929655007, 'percent', '2025-09-04T04:31:15.341316+00:00', '{}'),
    ('9c0d2bec-435c-4cd0-9ddb-237decbcd70e', 'error_rate_percent', -8.26539625082417, 'percent', '2025-09-04T03:31:15.341316+00:00', '{}'),
    ('fe6224f5-6ee9-4f35-90af-5d25e6f13946', 'error_rate_percent', 10.3724356471996, 'percent', '2025-09-04T02:31:15.341316+00:00', '{}'),
    ('2de66780-c9ea-476f-86fa-c1e4287ef231', 'error_rate_percent', 3.47657533956988, 'percent', '2025-09-04T01:31:15.341316+00:00', '{}'),
    ('a519d8e9-2e2f-4c4e-96c7-d08603a6c098', 'error_rate_percent', 1.47488364404029, 'percent', '2025-09-04T00:31:15.341316+00:00', '{}'),
    ('7ed8bedd-da2b-4864-bc47-8048de3949e6', 'error_rate_percent', -9.45985088723661, 'percent', '2025-09-03T23:31:15.341316+00:00', '{}'),
    ('5999d26c-978e-4364-be3c-807d8b77883e', 'error_rate_percent', 5.3860848049338, 'percent', '2025-09-03T22:31:15.341316+00:00', '{}'),
    ('fb31765a-50a7-4416-9084-7cc3dbd5fbdc', 'error_rate_percent', -5.22918257138514, 'percent', '2025-09-03T21:31:15.341316+00:00', '{}'),
    ('9d1a7881-43bc-4d73-8bec-c3bd7258b421', 'error_rate_percent', -9.28309324129582, 'percent', '2025-09-03T20:31:15.341316+00:00', '{}'),
    ('9db30244-fb6f-4223-8b7a-2874294634b8', 'error_rate_percent', -1.03194852303658, 'percent', '2025-09-03T19:31:15.341316+00:00', '{}'),
    ('8c95513e-57bd-4696-a6f0-3d959a28d1fd', 'error_rate_percent', 5.41049475754502, 'percent', '2025-09-03T18:31:15.341316+00:00', '{}'),
    ('e6412f56-2d4a-41c9-a80b-e8e7ddd4b4e6', 'cpu_usage_percent', 30.5105586306704, 'percent', '2025-09-04T17:31:15.341316+00:00', '{}'),
    ('916d5c2e-e3a4-4244-a272-13bf0beffdae', 'cpu_usage_percent', 33.9923714049516, 'percent', '2025-09-04T16:31:15.341316+00:00', '{}'),
    ('72b80c80-7d58-44cf-9a87-75d74face50b', 'cpu_usage_percent', 41.7310974335088, 'percent', '2025-09-04T15:31:15.341316+00:00', '{}'),
    ('51802348-2626-4972-b0b8-ec377428b2b9', 'cpu_usage_percent', 35.9755434131587, 'percent', '2025-09-04T14:31:15.341316+00:00', '{}'),
    ('a0c5cebd-887c-41ac-9aa9-c9089a5004bb', 'cpu_usage_percent', 41.8239422224546, 'percent', '2025-09-04T13:31:15.341316+00:00', '{}'),
    ('0ae0951e-da62-4545-a1a1-ca194ef74e06', 'cpu_usage_percent', 44.5972698722683, 'percent', '2025-09-04T12:31:15.341316+00:00', '{}'),
    ('b6c71111-231a-4d16-8898-7a73ff73f3fc', 'cpu_usage_percent', 29.3363674024259, 'percent', '2025-09-04T11:31:15.341316+00:00', '{}'),
    ('346ea59f-b27f-48bf-ac36-66468b331c48', 'cpu_usage_percent', 35.4987618305049, 'percent', '2025-09-04T10:31:15.341316+00:00', '{}'),
    ('50c512fe-3f95-4303-bbcb-83774f2ceed2', 'cpu_usage_percent', 42.3249568386705, 'percent', '2025-09-04T09:31:15.341316+00:00', '{}'),
    ('1f4f7dbd-f23a-477b-a353-5549cf246c29', 'cpu_usage_percent', 31.1029967756358, 'percent', '2025-09-04T08:31:15.341316+00:00', '{}'),
    ('e3cebfad-61d3-4474-91dd-126ec6b2c0cf', 'cpu_usage_percent', 42.7405479223431, 'percent', '2025-09-04T07:31:15.341316+00:00', '{}'),
    ('0879ee7f-69cb-497c-9a29-784f6585cb33', 'cpu_usage_percent', 34.2538752328829, 'percent', '2025-09-04T06:31:15.341316+00:00', '{}');

INSERT INTO "system_metrics" ("id", "metric_name", "metric_value", "metric_unit", "recorded_at", "metadata") VALUES
    ('81c702ba-80e6-4101-8919-416026b3206f', 'cpu_usage_percent', 31.2893864185295, 'percent', '2025-09-04T05:31:15.341316+00:00', '{}'),
    ('0f03cf5b-deaf-4989-a4b9-defcdf38a669', 'cpu_usage_percent', 39.9113452559471, 'percent', '2025-09-04T04:31:15.341316+00:00', '{}'),
    ('26972601-fa56-49d3-a2d8-1e1a6d8e18a7', 'cpu_usage_percent', 27.3878264199291, 'percent', '2025-09-04T03:31:15.341316+00:00', '{}'),
    ('21ed3f79-49c4-4136-a597-72d3d743f8d9', 'cpu_usage_percent', 29.3198503316726, 'percent', '2025-09-04T02:31:15.341316+00:00', '{}'),
    ('c2702ac8-b4b9-4eb7-8ebb-e0b2bf9cc862', 'cpu_usage_percent', 28.6356611131874, 'percent', '2025-09-04T01:31:15.341316+00:00', '{}'),
    ('73f31e64-d24e-433d-b188-a53b3a939b66', 'cpu_usage_percent', 31.7421213394634, 'percent', '2025-09-04T00:31:15.341316+00:00', '{}'),
    ('e07c25d3-6281-44ee-8208-887d76f535c8', 'cpu_usage_percent', 38.4036751778335, 'percent', '2025-09-03T23:31:15.341316+00:00', '{}'),
    ('dbdbcbcc-d3a8-4e94-a1b6-9f012af9e292', 'cpu_usage_percent', 33.9291072652192, 'percent', '2025-09-03T22:31:15.341316+00:00', '{}'),
    ('6d44d570-0f30-4146-b09e-7375f701e6e8', 'cpu_usage_percent', 28.4588033030289, 'percent', '2025-09-03T21:31:15.341316+00:00', '{}'),
    ('0b6a8c1a-6e91-42fa-a442-e0d66f26b8fd', 'cpu_usage_percent', 27.9220505111772, 'percent', '2025-09-03T20:31:15.341316+00:00', '{}'),
    ('2876b2d2-45ee-4366-acc3-bef5f679fc7f', 'cpu_usage_percent', 36.5332642749093, 'percent', '2025-09-03T19:31:15.341316+00:00', '{}'),
    ('741b08d1-d129-4f00-97f6-42417e1be776', 'cpu_usage_percent', 37.5760724827848, 'percent', '2025-09-03T18:31:15.341316+00:00', '{}'),
    ('d9bd730e-0942-4496-b25a-3511dcf6e72a', 'memory_usage_percent', 51.8206604651972, 'percent', '2025-09-04T17:31:15.341316+00:00', '{}'),
    ('da10eae4-4aee-411e-915b-0cd625f19654', 'memory_usage_percent', 57.595738949607, 'percent', '2025-09-04T16:31:15.341316+00:00', '{}'),
    ('4e44d50a-a4c5-4d15-bdd3-b9624a1c54c1', 'memory_usage_percent', 51.1599124438554, 'percent', '2025-09-04T15:31:15.341316+00:00', '{}'),
    ('63809bf2-098e-41e1-ab22-affd276cee89', 'memory_usage_percent', 55.8699210448494, 'percent', '2025-09-04T14:31:15.341316+00:00', '{}'),
    ('e0756f9a-1ef7-4301-8060-d14ab2625a8b', 'memory_usage_percent', 68.6283788541317, 'percent', '2025-09-04T13:31:15.341316+00:00', '{}'),
    ('bda3c672-f40d-4a96-b04d-0288bc2e8539', 'memory_usage_percent', 61.9234200436715, 'percent', '2025-09-04T12:31:15.341316+00:00', '{}'),
    ('a31c4298-740d-461b-912b-81edb8009734', 'memory_usage_percent', 63.2544378333997, 'percent', '2025-09-04T11:31:15.341316+00:00', '{}'),
    ('d853cb14-99f6-417b-9628-f420a8528288', 'memory_usage_percent', 65.5600901236163, 'percent', '2025-09-04T10:31:15.341316+00:00', '{}'),
    ('44d98765-a394-4c76-9db0-6e90203fed62', 'memory_usage_percent', 53.2323977441309, 'percent', '2025-09-04T09:31:15.341316+00:00', '{}'),
    ('faf187f0-0f92-4158-8011-bb47dc86208f', 'memory_usage_percent', 63.2277807433236, 'percent', '2025-09-04T08:31:15.341316+00:00', '{}'),
    ('4fa83c02-1f0b-49be-8742-78db0d9ea7ab', 'memory_usage_percent', 69.7191960543952, 'percent', '2025-09-04T07:31:15.341316+00:00', '{}'),
    ('44ad53f0-13be-4045-a44e-69b0d968405d', 'memory_usage_percent', 65.4936077228795, 'percent', '2025-09-04T06:31:15.341316+00:00', '{}'),
    ('940f203a-9340-478c-a125-dbca837464c5', 'memory_usage_percent', 62.7150670529052, 'percent', '2025-09-04T05:31:15.341316+00:00', '{}'),
    ('d4ac9024-db75-4202-be9a-4d22b8f9ef29', 'memory_usage_percent', 62.6417294730106, 'percent', '2025-09-04T04:31:15.341316+00:00', '{}'),
    ('28905716-0a2c-4eb9-ba65-6c39f0696685', 'memory_usage_percent', 69.2696714279111, 'percent', '2025-09-04T03:31:15.341316+00:00', '{}'),
    ('da7a028e-e84f-4abd-9441-19b467c5b6eb', 'memory_usage_percent', 67.4278309940126, 'percent', '2025-09-04T02:31:15.341316+00:00', '{}'),
    ('d388bb40-d614-4727-b294-143a45ebc8d7', 'memory_usage_percent', 59.7474359315075, 'percent', '2025-09-04T01:31:15.341316+00:00', '{}'),
    ('34fc642f-1db4-40be-94e5-1f54b6be296e', 'memory_usage_percent', 57.7553039702061, 'percent', '2025-09-04T00:31:15.341316+00:00', '{}'),
    ('3193c489-13b1-4714-8f33-a5348c3ec721', 'memory_usage_percent', 51.1989135197289, 'percent', '2025-09-03T23:31:15.341316+00:00', '{}'),
    ('fe8d09b3-d58c-4f6d-ab5e-f0153225406b', 'memory_usage_percent', 65.3413487140627, 'percent', '2025-09-03T22:31:15.341316+00:00', '{}'),
    ('8df29917-7f5d-4b19-8e74-4bb92e8118ba', 'memory_usage_percent', 57.5051623315662, 'percent', '2025-09-03T21:31:15.341316+00:00', '{}'),
    ('ae96e6a8-e1d0-45c2-9eeb-2832891a02dd', 'memory_usage_percent', 57.9018453309531, 'percent', '2025-09-03T20:31:15.341316+00:00', '{}'),
    ('bc888c78-d867-4126-9eef-a28b481b6fa6', 'memory_usage_percent', 65.3693885946695, 'percent', '2025-09-03T19:31:15.341316+00:00', '{}'),
    ('1cca2d14-f354-48e6-bb9b-344d9101ae6b', 'memory_usage_percent', 54.2205780281816, 'percent', '2025-09-03T18:31:15.341316+00:00', '{}'),
    ('2d8dae1d-b2a2-4653-a03d-0741317c7d1b', 'active_connections', 47.1202280153698, 'count', '2025-09-04T17:31:15.341316+00:00', '{}'),
    ('16aa364b-a6fc-4234-9f4f-0460c4245142', 'active_connections', 39.6663790506712, 'count', '2025-09-04T16:31:15.341316+00:00', '{}'),
    ('fcfd3930-f0d1-49bf-86c2-094ef384f3b5', 'active_connections', 37.4270244227321, 'count', '2025-09-04T15:31:15.341316+00:00', '{}'),
    ('9d455349-b38e-492e-a78e-ba0af1744930', 'active_connections', 48.1733267691339, 'count', '2025-09-04T14:31:15.341316+00:00', '{}'),
    ('22254a1e-5cbb-454d-9ee5-7861b56b6eff', 'active_connections', 35.1163727621389, 'count', '2025-09-04T13:31:15.341316+00:00', '{}'),
    ('206a90bf-9cfc-4198-9ffc-f9347e9bcb13', 'active_connections', 40.0877296279874, 'count', '2025-09-04T12:31:15.341316+00:00', '{}'),
    ('d6211ee0-c07d-426d-9e09-c11217618ef5', 'active_connections', 50.2627552494171, 'count', '2025-09-04T11:31:15.341316+00:00', '{}'),
    ('e95c4272-3a62-47ab-bd12-b2712a5f67e2', 'active_connections', 48.43522051607, 'count', '2025-09-04T10:31:15.341316+00:00', '{}'),
    ('c98745e1-e097-49fb-a31b-ae0685137d08', 'active_connections', 42.6698001624227, 'count', '2025-09-04T09:31:15.341316+00:00', '{}'),
    ('9ba51d9d-c131-4fd2-b95c-146c50695105', 'active_connections', 37.422303064173, 'count', '2025-09-04T08:31:15.341316+00:00', '{}'),
    ('63e82a00-3b24-456a-a538-03e3322cd4be', 'active_connections', 51.071046184673, 'count', '2025-09-04T07:31:15.341316+00:00', '{}'),
    ('e3d7c4cc-4691-4baa-8ee9-89930a76b345', 'active_connections', 49.192315731487, 'count', '2025-09-04T06:31:15.341316+00:00', '{}'),
    ('7b9b2146-ac4d-4fed-b24e-7970332a3729', 'active_connections', 45.5369662470957, 'count', '2025-09-04T05:31:15.341316+00:00', '{}'),
    ('3dd9dde2-c47f-4e3b-b075-74525a40b817', 'active_connections', 54.304011641204, 'count', '2025-09-04T04:31:15.341316+00:00', '{}'),
    ('857ad232-b686-46ea-b2dc-6b223871b5b9', 'active_connections', 37.0288488591756, 'count', '2025-09-04T03:31:15.341316+00:00', '{}'),
    ('e0491902-7bef-402c-8654-941a6523f99c', 'active_connections', 47.0506166459324, 'count', '2025-09-04T02:31:15.341316+00:00', '{}'),
    ('dc0d11c3-b1c0-4bfe-b5de-5bea5e55da16', 'active_connections', 41.8012838978161, 'count', '2025-09-04T01:31:15.341316+00:00', '{}'),
    ('fc29ad56-6886-4fef-a167-19d2f8d6b426', 'active_connections', 43.3068089999311, 'count', '2025-09-04T00:31:15.341316+00:00', '{}'),
    ('432fbe8a-aecd-432a-a853-34cc1f49809a', 'active_connections', 39.6583020171369, 'count', '2025-09-03T23:31:15.341316+00:00', '{}'),
    ('f53cc597-92d0-4b7e-bb24-440df9d687a1', 'active_connections', 38.7310144417316, 'count', '2025-09-03T22:31:15.341316+00:00', '{}'),
    ('a90fbabf-6aa8-49ed-8598-a0f6097e70bf', 'active_connections', 42.9977798683534, 'count', '2025-09-03T21:31:15.341316+00:00', '{}'),
    ('e7af16a4-9fb3-4c76-a8f2-6b9b1ab432d3', 'active_connections', 44.6102783018955, 'count', '2025-09-03T20:31:15.341316+00:00', '{}'),
    ('ae1d1e8d-e23e-44cb-b013-fdc5202f334f', 'active_connections', 49.3225261888144, 'count', '2025-09-03T19:31:15.341316+00:00', '{}'),
    ('43270444-26e0-4c65-b179-aecca013f1b2', 'active_connections', 46.6986994790642, 'count', '2025-09-03T18:31:15.341316+00:00', '{}'),
    ('811e42fa-7fbb-4b53-9cbb-1a23c0a56cc3', 'response_time_ms', 142.945807314879, 'milliseconds', '2025-09-04T17:31:15.341316+00:00', '{}'),
    ('a919cf27-c975-4512-a93f-20d88913bd7f', 'response_time_ms', 158.031153088828, 'milliseconds', '2025-09-04T16:31:15.341316+00:00', '{}'),
    ('4de43d56-cb71-42e5-a099-6101833caea8', 'response_time_ms', 158.030692664815, 'milliseconds', '2025-09-04T15:31:15.341316+00:00', '{}'),
    ('3925d7b4-9603-40f3-869d-1eff10b579e7', 'response_time_ms', 157.855463927729, 'milliseconds', '2025-09-04T14:31:15.341316+00:00', '{}'),
    ('339fe5ee-bfa6-4476-9332-0c26c8061ebb', 'response_time_ms', 140.505744384636, 'milliseconds', '2025-09-04T13:31:15.341316+00:00', '{}'),
    ('6cca0475-34a6-4d40-8c4a-418b16a6a19b', 'response_time_ms', 159.999142859829, 'milliseconds', '2025-09-04T12:31:15.341316+00:00', '{}'),
    ('de62ddbe-b121-4721-9f76-a196e736d7f6', 'response_time_ms', 146.88320240608, 'milliseconds', '2025-09-04T11:31:15.341316+00:00', '{}'),
    ('9619b456-434a-46ce-8281-3ece82be650f', 'response_time_ms', 146.964341764985, 'milliseconds', '2025-09-04T10:31:15.341316+00:00', '{}'),
    ('0d88da1f-8da3-4bfb-b5ac-cdaeb2c42f9e', 'response_time_ms', 158.800272257439, 'milliseconds', '2025-09-04T09:31:15.341316+00:00', '{}'),
    ('82b2393d-7e97-4e8f-a0e3-31f5398a1722', 'response_time_ms', 158.968075969401, 'milliseconds', '2025-09-04T08:31:15.341316+00:00', '{}'),
    ('45fca929-937d-4db4-822f-1a4321a25c3c', 'response_time_ms', 145.246930416131, 'milliseconds', '2025-09-04T07:31:15.341316+00:00', '{}'),
    ('90da0a99-23ee-4d23-b8c0-3c9853296430', 'response_time_ms', 146.782860230337, 'milliseconds', '2025-09-04T06:31:15.341316+00:00', '{}'),
    ('3d8cd48f-8252-4b25-b10e-deadbf358611', 'response_time_ms', 154.422285191851, 'milliseconds', '2025-09-04T05:31:15.341316+00:00', '{}'),
    ('76d9737e-63cf-434f-8974-63b23b9194ce', 'response_time_ms', 154.39275483011, 'milliseconds', '2025-09-04T04:31:15.341316+00:00', '{}'),
    ('bdf4182b-2aa6-49f3-b14c-944d153c8f2b', 'response_time_ms', 153.415202292718, 'milliseconds', '2025-09-04T03:31:15.341316+00:00', '{}'),
    ('85c88bcb-32f9-4247-a0c8-ce1f876b50a9', 'response_time_ms', 144.860546338775, 'milliseconds', '2025-09-04T02:31:15.341316+00:00', '{}'),
    ('63c1ad59-c73f-4df3-9194-e9ad6063a334', 'response_time_ms', 154.889816232665, 'milliseconds', '2025-09-04T01:31:15.341316+00:00', '{}'),
    ('4b5635b0-288b-43d4-9c39-eb71f9e9729d', 'response_time_ms', 153.399996161196, 'milliseconds', '2025-09-04T00:31:15.341316+00:00', '{}'),
    ('1162329e-2474-4e50-9a3a-10872e1a5a9f', 'response_time_ms', 155.718873213864, 'milliseconds', '2025-09-03T23:31:15.341316+00:00', '{}'),
    ('83cb1ecb-238e-445e-98ec-fef9d2f6c17a', 'response_time_ms', 154.107117049498, 'milliseconds', '2025-09-03T22:31:15.341316+00:00', '{}'),
    ('a8edf9cd-0a98-4f70-83c9-c29417edcc6d', 'response_time_ms', 150.193576442954, 'milliseconds', '2025-09-03T21:31:15.341316+00:00', '{}'),
    ('85b5e9e8-a181-465f-adbc-e4fe96465280', 'response_time_ms', 152.213265219957, 'milliseconds', '2025-09-03T20:31:15.341316+00:00', '{}'),
    ('6f9ddcbb-efda-4577-bdb4-21819f5618aa', 'response_time_ms', 151.776831255346, 'milliseconds', '2025-09-03T19:31:15.341316+00:00', '{}'),
    ('9edf2a65-3fec-466e-a26c-794fade58525', 'response_time_ms', 142.55801235585, 'milliseconds', '2025-09-03T18:31:15.341316+00:00', '{}'),
    ('bfb8839c-4f5c-41d2-88b7-5d73aaeb2a4c', 'error_rate_percent', -7.78438175007085, 'percent', '2025-09-04T17:31:15.341316+00:00', '{}'),
    ('96bc1be9-4a25-4088-b7ad-97e47e032adc', 'error_rate_percent', 8.89517134583933, 'percent', '2025-09-04T16:31:15.341316+00:00', '{}'),
    ('c71b1d55-96eb-40e7-a044-31bd7d4c71e1', 'error_rate_percent', 7.58248443997561, 'percent', '2025-09-04T15:31:15.341316+00:00', '{}'),
    ('8992879c-f944-441b-a3e6-74720f377bcb', 'error_rate_percent', -4.04732609422159, 'percent', '2025-09-04T14:31:15.341316+00:00', '{}'),
    ('e303c7dd-4bcb-4059-9989-7660bcae53c3', 'error_rate_percent', -4.51546649983646, 'percent', '2025-09-04T13:31:15.341316+00:00', '{}'),
    ('c28e2dc9-72e3-4c0e-be84-b42740ce820e', 'error_rate_percent', 5.62342448565041, 'percent', '2025-09-04T12:31:15.341316+00:00', '{}'),
    ('9ef84011-4687-485a-9b2b-5310715cddd1', 'error_rate_percent', 7.83772767333663, 'percent', '2025-09-04T11:31:15.341316+00:00', '{}'),
    ('31843e75-6077-4da2-a5b5-34e47c5788a2', 'error_rate_percent', 0.180775712322681, 'percent', '2025-09-04T10:31:15.341316+00:00', '{}'),
    ('f03cef91-0a02-4dfb-a398-7892d353d8fb', 'error_rate_percent', 1.4948105210624, 'percent', '2025-09-04T09:31:15.341316+00:00', '{}'),
    ('917865fb-045a-44c6-9fc2-6c101433f212', 'error_rate_percent', -4.34133921014847, 'percent', '2025-09-04T08:31:15.341316+00:00', '{}'),
    ('fbf679bd-fc8b-4b33-aa7b-faf723fa697f', 'error_rate_percent', -9.19916260000672, 'percent', '2025-09-04T07:31:15.341316+00:00', '{}'),
    ('6c93b439-c4bb-4099-8182-07ab5fdf3c35', 'error_rate_percent', -7.61982829187528, 'percent', '2025-09-04T06:31:15.341316+00:00', '{}'),
    ('e0191b1a-204b-454e-ba77-befb2ba89437', 'error_rate_percent', -6.71153353504786, 'percent', '2025-09-04T05:31:15.341316+00:00', '{}'),
    ('13b36e6c-569d-4217-91b6-11b2c5090a09', 'error_rate_percent', 0.991820692702953, 'percent', '2025-09-04T04:31:15.341316+00:00', '{}'),
    ('fde0dfc3-fe5a-40b9-ae81-e7f228c7f6dc', 'error_rate_percent', -8.01533307116721, 'percent', '2025-09-04T03:31:15.341316+00:00', '{}'),
    ('3888f425-f82e-4524-9ab3-eafd7837c9ed', 'error_rate_percent', -8.52232051321244, 'percent', '2025-09-04T02:31:15.341316+00:00', '{}');

INSERT INTO "system_metrics" ("id", "metric_name", "metric_value", "metric_unit", "recorded_at", "metadata") VALUES
    ('42a71fa0-185c-4e07-b34d-46884ccd072d', 'error_rate_percent', 6.42526163898268, 'percent', '2025-09-04T01:31:15.341316+00:00', '{}'),
    ('44cbf4cc-2e71-4256-bd74-bef6295a3028', 'error_rate_percent', -3.52107876019776, 'percent', '2025-09-04T00:31:15.341316+00:00', '{}'),
    ('50da5399-ee92-400f-9985-e39fd311182e', 'error_rate_percent', 10.3156400809175, 'percent', '2025-09-03T23:31:15.341316+00:00', '{}'),
    ('b9ccf1a6-018f-42bf-a7e7-9d033523308b', 'error_rate_percent', 2.8331281861353, 'percent', '2025-09-03T22:31:15.341316+00:00', '{}'),
    ('16d04b05-37ad-4229-b5fe-04af242a0ae7', 'error_rate_percent', -4.45654347017147, 'percent', '2025-09-03T21:31:15.341316+00:00', '{}'),
    ('de14b3dd-1b9f-442b-ba43-075e76df606f', 'error_rate_percent', 10.407229034169, 'percent', '2025-09-03T20:31:15.341316+00:00', '{}'),
    ('715003c9-e9fc-448d-b5ec-511b68a60c49', 'error_rate_percent', -1.10261997267968, 'percent', '2025-09-03T19:31:15.341316+00:00', '{}'),
    ('ee3df4e0-ef27-4e69-abbd-0dfc9b037ba4', 'error_rate_percent', -2.62045627747551, 'percent', '2025-09-03T18:31:15.341316+00:00', '{}'),
    ('7d129799-c2b4-450d-8a29-fe6431d71604', 'cpu_usage_percent', 41.6029980076344, 'percent', '2025-09-04T17:31:15.341316+00:00', '{}'),
    ('b63ab735-c33d-4968-b98e-920bb3982311', 'cpu_usage_percent', 28.982465009609, 'percent', '2025-09-04T16:31:15.341316+00:00', '{}'),
    ('7f48de23-2fd6-4a73-82b3-347d2644501f', 'cpu_usage_percent', 38.8791942554395, 'percent', '2025-09-04T15:31:15.341316+00:00', '{}'),
    ('06e61204-41cd-4bab-8db2-df7f51fdb873', 'cpu_usage_percent', 44.1213610645909, 'percent', '2025-09-04T14:31:15.341316+00:00', '{}'),
    ('ca3357e1-85c3-4398-a9c7-9e4ba11bc342', 'cpu_usage_percent', 43.1821486329086, 'percent', '2025-09-04T13:31:15.341316+00:00', '{}'),
    ('1e333809-9faa-49fe-ab63-f9e14ec91e4b', 'cpu_usage_percent', 43.4716378075837, 'percent', '2025-09-04T12:31:15.341316+00:00', '{}'),
    ('474056da-cadc-494d-bba3-85e8b0ab1b10', 'cpu_usage_percent', 27.877897157962, 'percent', '2025-09-04T11:31:15.341316+00:00', '{}'),
    ('1747b5dd-d7ea-4489-9bd5-8e2493041df5', 'cpu_usage_percent', 35.1854097894104, 'percent', '2025-09-04T10:31:15.341316+00:00', '{}'),
    ('a3f1c414-7964-4b4c-9cf0-6c9753248b5f', 'cpu_usage_percent', 30.0315791742741, 'percent', '2025-09-04T09:31:15.341316+00:00', '{}'),
    ('3b06a4e6-651b-4724-9496-fad02c9061bf', 'cpu_usage_percent', 40.7597585303583, 'percent', '2025-09-04T08:31:15.341316+00:00', '{}'),
    ('7d51e4cd-2a6f-4576-982e-2fe2a1abcb73', 'cpu_usage_percent', 39.7176923923292, 'percent', '2025-09-04T07:31:15.341316+00:00', '{}'),
    ('bce2bb94-cb0d-4c79-b473-f9bb92b69fc1', 'cpu_usage_percent', 27.7130729851605, 'percent', '2025-09-04T06:31:15.341316+00:00', '{}'),
    ('bdc55fbd-83be-40ca-89ff-008e8a01b1c0', 'cpu_usage_percent', 36.6544288599323, 'percent', '2025-09-04T05:31:15.341316+00:00', '{}'),
    ('716fcf90-4e12-4646-9648-4780f3b7fc1b', 'cpu_usage_percent', 44.5401816830317, 'percent', '2025-09-04T04:31:15.341316+00:00', '{}'),
    ('c71d143e-b5b7-48bb-a50d-c9482bdfcd6c', 'cpu_usage_percent', 35.317470552862, 'percent', '2025-09-04T03:31:15.341316+00:00', '{}'),
    ('579f28f0-0508-4144-8b79-4370aa1b914c', 'cpu_usage_percent', 36.7313540757687, 'percent', '2025-09-04T02:31:15.341316+00:00', '{}'),
    ('811dfd9c-b21a-42fd-bb65-9a9abbe74bc2', 'cpu_usage_percent', 32.3018801223998, 'percent', '2025-09-04T01:31:15.341316+00:00', '{}'),
    ('7fed8866-e59b-491f-bd0a-ddad58a4e71f', 'cpu_usage_percent', 29.5076892277157, 'percent', '2025-09-04T00:31:15.341316+00:00', '{}'),
    ('dd239aba-359a-4e09-9af7-a643fa49db01', 'cpu_usage_percent', 40.9788576538768, 'percent', '2025-09-03T23:31:15.341316+00:00', '{}'),
    ('aadccd55-663e-4076-9a06-cc571b7d8544', 'cpu_usage_percent', 44.6376218398996, 'percent', '2025-09-03T22:31:15.341316+00:00', '{}'),
    ('3d5046ad-1a5b-40e4-842e-af9131352a2d', 'cpu_usage_percent', 28.0899013182671, 'percent', '2025-09-03T21:31:15.341316+00:00', '{}'),
    ('ff1a0185-cd3c-4c43-8b50-66296c17d695', 'cpu_usage_percent', 28.9017793485234, 'percent', '2025-09-03T20:31:15.341316+00:00', '{}'),
    ('c76bae98-b220-4feb-bb02-e45657e49a36', 'cpu_usage_percent', 32.1457446026515, 'percent', '2025-09-03T19:31:15.341316+00:00', '{}'),
    ('7517c8d4-0104-438d-980e-673fff81a140', 'cpu_usage_percent', 39.6680894428112, 'percent', '2025-09-03T18:31:15.341316+00:00', '{}'),
    ('71829c55-f8a5-43e2-b87c-c42ae08e5adb', 'memory_usage_percent', 63.4905953449978, 'percent', '2025-09-04T17:31:15.341316+00:00', '{}'),
    ('b99c55de-a09b-4b30-ade0-5f395a8c5e57', 'memory_usage_percent', 60.8297819217129, 'percent', '2025-09-04T16:31:15.341316+00:00', '{}'),
    ('402308b6-6bf0-4992-bec9-2aa9ca28ba36', 'memory_usage_percent', 68.218949528289, 'percent', '2025-09-04T15:31:15.341316+00:00', '{}'),
    ('4c6eb88c-7c9b-4b2b-aca9-8fbbecf55103', 'memory_usage_percent', 69.2272627802679, 'percent', '2025-09-04T14:31:15.341316+00:00', '{}'),
    ('fbc4d731-f8df-4080-8fd8-7bad3294257e', 'memory_usage_percent', 63.4841280066194, 'percent', '2025-09-04T13:31:15.341316+00:00', '{}'),
    ('200c8c02-cc4e-4a6f-8a3f-968c3be70ff6', 'memory_usage_percent', 67.2960798582402, 'percent', '2025-09-04T12:31:15.341316+00:00', '{}'),
    ('e575366c-df93-4782-bcfb-dd739bb5be78', 'memory_usage_percent', 68.0246950596146, 'percent', '2025-09-04T11:31:15.341316+00:00', '{}'),
    ('5e7bac0e-b5a8-4daa-b0d6-fca31b43b67f', 'memory_usage_percent', 56.5577022899854, 'percent', '2025-09-04T10:31:15.341316+00:00', '{}'),
    ('207aa274-a472-4257-960e-9301e9683636', 'memory_usage_percent', 55.2207386331344, 'percent', '2025-09-04T09:31:15.341316+00:00', '{}'),
    ('168e4d22-7f8d-441e-8156-713adea14954', 'memory_usage_percent', 64.8078531611959, 'percent', '2025-09-04T08:31:15.341316+00:00', '{}'),
    ('55377188-4587-4c49-b414-3f47bef5b25b', 'memory_usage_percent', 50.5549765724935, 'percent', '2025-09-04T07:31:15.341316+00:00', '{}'),
    ('cdbdd45b-8d19-47f6-9c3e-8736d14d283c', 'memory_usage_percent', 62.7824185220099, 'percent', '2025-09-04T06:31:15.341316+00:00', '{}'),
    ('94b2cb8d-23c0-4927-afca-911c75afdfc9', 'memory_usage_percent', 59.7842890352813, 'percent', '2025-09-04T05:31:15.341316+00:00', '{}'),
    ('aa4331ed-6a93-4805-9ca1-85d7e6981540', 'memory_usage_percent', 52.8078763979164, 'percent', '2025-09-04T04:31:15.341316+00:00', '{}'),
    ('5c3a30bd-4da9-420d-884f-33d7fbac51c3', 'memory_usage_percent', 66.3197295340345, 'percent', '2025-09-04T03:31:15.341316+00:00', '{}'),
    ('252f5d39-eaf9-4168-8318-6c5d076c674c', 'memory_usage_percent', 67.9996629367735, 'percent', '2025-09-04T02:31:15.341316+00:00', '{}'),
    ('fbc8b2fd-51c0-449a-a6f4-3b6af3b5010d', 'memory_usage_percent', 56.3162882339009, 'percent', '2025-09-04T01:31:15.341316+00:00', '{}'),
    ('64f68a34-d2ff-4243-b2b4-c8913be80606', 'memory_usage_percent', 59.4134346138127, 'percent', '2025-09-04T00:31:15.341316+00:00', '{}'),
    ('82dee582-300b-482c-b92a-2742a66544a9', 'memory_usage_percent', 50.6502515121345, 'percent', '2025-09-03T23:31:15.341316+00:00', '{}'),
    ('a330632e-8cec-43ca-b1b5-be3ffa81d73d', 'memory_usage_percent', 51.6774623036146, 'percent', '2025-09-03T22:31:15.341316+00:00', '{}'),
    ('349f8dc7-b911-4025-90f4-f9b88b4747e2', 'memory_usage_percent', 58.7129820148695, 'percent', '2025-09-03T21:31:15.341316+00:00', '{}'),
    ('890d8076-734b-4774-847f-128004a61fe5', 'memory_usage_percent', 64.6867621928714, 'percent', '2025-09-03T20:31:15.341316+00:00', '{}'),
    ('b04993b8-17c3-4c23-9f7a-f4aeb274371f', 'memory_usage_percent', 64.7398747960271, 'percent', '2025-09-03T19:31:15.341316+00:00', '{}'),
    ('6d22a9be-75e0-4a6a-b9ff-cfb52feb7cfd', 'memory_usage_percent', 53.2090217312873, 'percent', '2025-09-03T18:31:15.341316+00:00', '{}'),
    ('108ee0c2-ed4b-4cf5-9352-7f74d4959022', 'active_connections', 48.4377148152551, 'count', '2025-09-04T17:31:15.341316+00:00', '{}'),
    ('d523d4e4-8ade-47d8-9fe2-b798d7c49eab', 'active_connections', 50.8762033662822, 'count', '2025-09-04T16:31:15.341316+00:00', '{}'),
    ('b0dddb8a-40a5-48b4-93a2-d8e792c29c33', 'active_connections', 51.5071272718645, 'count', '2025-09-04T15:31:15.341316+00:00', '{}'),
    ('11b45846-da65-4d7a-88e1-16862dc617bc', 'active_connections', 39.9941150467138, 'count', '2025-09-04T14:31:15.341316+00:00', '{}'),
    ('5aec783a-acbe-4227-a32a-bf364a878697', 'active_connections', 37.8534417343661, 'count', '2025-09-04T13:31:15.341316+00:00', '{}'),
    ('9c7e1099-f59f-484a-8384-47ce06225b60', 'active_connections', 53.177491039387, 'count', '2025-09-04T12:31:15.341316+00:00', '{}'),
    ('8922515d-ec51-4656-bac3-18d60e9c08b5', 'active_connections', 43.6036947870676, 'count', '2025-09-04T11:31:15.341316+00:00', '{}'),
    ('5ffb6da2-36dc-4c4c-8243-030c462d6281', 'active_connections', 53.994513614764, 'count', '2025-09-04T10:31:15.341316+00:00', '{}'),
    ('e30ef9fd-87bc-4ad3-9fa1-e2fd30002eb8', 'active_connections', 45.6650374241919, 'count', '2025-09-04T09:31:15.341316+00:00', '{}'),
    ('f0798b71-4184-4d89-9177-0a47769dc652', 'active_connections', 49.3980907189022, 'count', '2025-09-04T08:31:15.341316+00:00', '{}'),
    ('25f29876-3e7d-47ce-bc2c-919b0e46d533', 'active_connections', 50.7253155192369, 'count', '2025-09-04T07:31:15.341316+00:00', '{}'),
    ('53e6b5c4-c3ad-4ff7-a767-7e3920e16fa9', 'active_connections', 53.6135728646159, 'count', '2025-09-04T06:31:15.341316+00:00', '{}'),
    ('ef0c0a1b-36b0-4fee-b598-7833bd3152bc', 'active_connections', 51.4910085086275, 'count', '2025-09-04T05:31:15.341316+00:00', '{}'),
    ('07da6474-5ae0-41dc-9b84-9fc90b8b279f', 'active_connections', 50.5462750387212, 'count', '2025-09-04T04:31:15.341316+00:00', '{}'),
    ('285c3d5e-a8c0-4a62-9f94-9b095d00ab63', 'active_connections', 45.9800708211763, 'count', '2025-09-04T03:31:15.341316+00:00', '{}'),
    ('d43e25df-64c3-48ce-be93-bb7b9c336df7', 'active_connections', 44.1675114107313, 'count', '2025-09-04T02:31:15.341316+00:00', '{}'),
    ('be21632d-2032-459e-a76e-4ccde3295edd', 'active_connections', 43.0152868643224, 'count', '2025-09-04T01:31:15.341316+00:00', '{}'),
    ('31ca899d-122a-4234-a434-9ecf968c3102', 'active_connections', 50.7258003544892, 'count', '2025-09-04T00:31:15.341316+00:00', '{}'),
    ('fddc6984-6db7-4ed5-b483-9ddd44a1ab48', 'active_connections', 40.9855194187547, 'count', '2025-09-03T23:31:15.341316+00:00', '{}'),
    ('0833182a-6f82-48d6-9386-4f0637216e79', 'active_connections', 40.2854607654304, 'count', '2025-09-03T22:31:15.341316+00:00', '{}'),
    ('69f81a2b-fe86-4d8a-a6c5-4d94508bb1e0', 'active_connections', 42.6311254738701, 'count', '2025-09-03T21:31:15.341316+00:00', '{}'),
    ('36ef95bb-4167-4d10-8033-d3ca8e4371f2', 'active_connections', 38.5489895762738, 'count', '2025-09-03T20:31:15.341316+00:00', '{}'),
    ('1b8cc52a-56f0-4080-852e-592568337994', 'active_connections', 38.1261220818992, 'count', '2025-09-03T19:31:15.341316+00:00', '{}'),
    ('ea5a8ca5-ab7a-4314-98be-2ceb544d5796', 'active_connections', 43.2654020252323, 'count', '2025-09-03T18:31:15.341316+00:00', '{}'),
    ('be4f354c-d181-42a6-ab97-d733695e7a86', 'response_time_ms', 143.907405009384, 'milliseconds', '2025-09-04T17:31:15.341316+00:00', '{}'),
    ('da7d2e0d-9df0-4455-9a48-dbfdfb14cba0', 'response_time_ms', 145.107261458058, 'milliseconds', '2025-09-04T16:31:15.341316+00:00', '{}'),
    ('b12050bb-0685-4510-accf-afaee3d17d26', 'response_time_ms', 146.072064031041, 'milliseconds', '2025-09-04T15:31:15.341316+00:00', '{}'),
    ('a56d9a0a-910c-4eb0-a0b1-e62c807017c5', 'response_time_ms', 156.925810810954, 'milliseconds', '2025-09-04T14:31:15.341316+00:00', '{}'),
    ('14dd78e6-df34-4a5a-99f0-de9811bac2fe', 'response_time_ms', 154.167544157425, 'milliseconds', '2025-09-04T13:31:15.341316+00:00', '{}'),
    ('9842452c-957f-4910-a85b-f09a555e4fc3', 'response_time_ms', 155.66853209453, 'milliseconds', '2025-09-04T12:31:15.341316+00:00', '{}'),
    ('bfb84db4-d136-41cf-8cce-a53baf35cc5b', 'response_time_ms', 151.623004691612, 'milliseconds', '2025-09-04T11:31:15.341316+00:00', '{}'),
    ('9cfc0e55-d8c4-4db9-82ef-729cbc18c77c', 'response_time_ms', 149.674774207796, 'milliseconds', '2025-09-04T10:31:15.341316+00:00', '{}'),
    ('0252e56d-bf14-4883-b2d9-4f342d19f5d0', 'response_time_ms', 146.46823602034, 'milliseconds', '2025-09-04T09:31:15.341316+00:00', '{}'),
    ('cdb01dd5-01e4-42bb-9e64-dc31c92ae6cc', 'response_time_ms', 148.386922852958, 'milliseconds', '2025-09-04T08:31:15.341316+00:00', '{}'),
    ('5d885d2f-ddb2-470b-bb86-e40fef5985ad', 'response_time_ms', 143.043680365905, 'milliseconds', '2025-09-04T07:31:15.341316+00:00', '{}'),
    ('62f8c516-1fe7-4175-91c2-594ab43aa219', 'response_time_ms', 152.309355948623, 'milliseconds', '2025-09-04T06:31:15.341316+00:00', '{}'),
    ('b9314195-4376-4bdb-89c9-cf1c515caf00', 'response_time_ms', 151.961805081495, 'milliseconds', '2025-09-04T05:31:15.341316+00:00', '{}'),
    ('dea7eb12-d4a9-4036-9e3b-17df3cb4958c', 'response_time_ms', 155.262407804831, 'milliseconds', '2025-09-04T04:31:15.341316+00:00', '{}'),
    ('9862fce3-ca1b-45d7-9347-b1039205d444', 'response_time_ms', 142.993947544508, 'milliseconds', '2025-09-04T03:31:15.341316+00:00', '{}'),
    ('b8c2ad73-86cb-4ba0-b362-6742de491d23', 'response_time_ms', 149.932174121986, 'milliseconds', '2025-09-04T02:31:15.341316+00:00', '{}'),
    ('24607864-f861-4ff9-8556-cc7f820cc705', 'response_time_ms', 140.215082705902, 'milliseconds', '2025-09-04T01:31:15.341316+00:00', '{}'),
    ('9e53f761-f7bb-4f05-8aff-529e1b642065', 'response_time_ms', 158.148991826176, 'milliseconds', '2025-09-04T00:31:15.341316+00:00', '{}'),
    ('97a27f46-545d-42f8-85b6-28c94c211c3d', 'response_time_ms', 154.799200773403, 'milliseconds', '2025-09-03T23:31:15.341316+00:00', '{}'),
    ('b9fab88d-e580-4e04-a8c7-6d3206eddfb8', 'response_time_ms', 151.888473418599, 'milliseconds', '2025-09-03T22:31:15.341316+00:00', '{}');

INSERT INTO "system_metrics" ("id", "metric_name", "metric_value", "metric_unit", "recorded_at", "metadata") VALUES
    ('bad52061-4300-4d08-8c04-6923128b5264', 'response_time_ms', 147.985698516245, 'milliseconds', '2025-09-03T21:31:15.341316+00:00', '{}'),
    ('c37d68d5-56f0-47dc-a93b-f4ba2b9e7458', 'response_time_ms', 153.211995279417, 'milliseconds', '2025-09-03T20:31:15.341316+00:00', '{}'),
    ('bd808439-45d5-460e-a194-7a3f862477cb', 'response_time_ms', 141.006653587333, 'milliseconds', '2025-09-03T19:31:15.341316+00:00', '{}'),
    ('6c60e18d-8d10-4f3d-b016-8f2d94dd7c9d', 'response_time_ms', 152.38118704431, 'milliseconds', '2025-09-03T18:31:15.341316+00:00', '{}'),
    ('3b929efd-a82b-48c7-a6ec-b1cdfcde37e0', 'error_rate_percent', -5.38685076254835, 'percent', '2025-09-04T17:31:15.341316+00:00', '{}'),
    ('e2133754-f66f-4bef-af01-c40427e434ef', 'error_rate_percent', -7.18732766889829, 'percent', '2025-09-04T16:31:15.341316+00:00', '{}'),
    ('ad3300a5-9444-4d6c-acfe-ae100df62440', 'error_rate_percent', -7.77908059423835, 'percent', '2025-09-04T15:31:15.341316+00:00', '{}'),
    ('b6abb83a-6e36-4f65-be7f-8cf2ff52a579', 'error_rate_percent', -1.97397927908927, 'percent', '2025-09-04T14:31:15.341316+00:00', '{}'),
    ('fc87301d-faea-45ff-89ea-6f8400b5293f', 'error_rate_percent', -6.171741752317, 'percent', '2025-09-04T13:31:15.341316+00:00', '{}'),
    ('47354f37-a238-49ce-9897-bbfda0938f52', 'error_rate_percent', 5.89965507943249, 'percent', '2025-09-04T12:31:15.341316+00:00', '{}'),
    ('42700fda-2d6f-471a-a485-e1721575f8e1', 'error_rate_percent', 3.27296101915919, 'percent', '2025-09-04T11:31:15.341316+00:00', '{}'),
    ('0e550d1f-5c2b-49be-9a86-919c4ed282ca', 'error_rate_percent', -8.0317752807248, 'percent', '2025-09-04T10:31:15.341316+00:00', '{}'),
    ('06b44745-62a5-4669-8317-8571dbf69459', 'error_rate_percent', 7.92354982201455, 'percent', '2025-09-04T09:31:15.341316+00:00', '{}'),
    ('b83b7243-1e88-4028-97f5-bdac8657674b', 'error_rate_percent', 3.43472305726423, 'percent', '2025-09-04T08:31:15.341316+00:00', '{}'),
    ('bd020260-f7f2-4831-8dc6-8e5d6a3f6c63', 'error_rate_percent', -6.97334617823929, 'percent', '2025-09-04T07:31:15.341316+00:00', '{}'),
    ('43ea6079-178f-4116-8d28-2ee348cfef27', 'error_rate_percent', -0.33355329759852, 'percent', '2025-09-04T06:31:15.341316+00:00', '{}'),
    ('6b720d06-cab1-48ff-b567-9095b429145d', 'error_rate_percent', -2.86107761710996, 'percent', '2025-09-04T05:31:15.341316+00:00', '{}'),
    ('0785ac80-1740-4ce8-9c2b-1100980cfd89', 'error_rate_percent', -6.88147907419072, 'percent', '2025-09-04T04:31:15.341316+00:00', '{}'),
    ('9e2326cc-5478-4301-a0ae-a5340080a963', 'error_rate_percent', 2.97627078477393, 'percent', '2025-09-04T03:31:15.341316+00:00', '{}'),
    ('be156a29-e068-4642-8abf-2ad3e2135bd0', 'error_rate_percent', -3.14686144106419, 'percent', '2025-09-04T02:31:15.341316+00:00', '{}'),
    ('a5a66fce-a5bd-4ad9-af74-3a5552a8f3e5', 'error_rate_percent', 6.82259050061112, 'percent', '2025-09-04T01:31:15.341316+00:00', '{}'),
    ('2a28a803-028c-4f37-a4c7-bbe217f33e7d', 'error_rate_percent', -6.49290293143658, 'percent', '2025-09-04T00:31:15.341316+00:00', '{}'),
    ('4788c9e4-3840-4b8a-a7e2-49f36b193292', 'error_rate_percent', -4.59711459527236, 'percent', '2025-09-03T23:31:15.341316+00:00', '{}'),
    ('b6b37e4e-2c7b-446e-a1d9-af163bd8c782', 'error_rate_percent', 2.99927365441856, 'percent', '2025-09-03T22:31:15.341316+00:00', '{}'),
    ('d00b33df-c494-466b-9508-767f01da3a71', 'error_rate_percent', 7.63417788307999, 'percent', '2025-09-03T21:31:15.341316+00:00', '{}'),
    ('19727b4f-2ccd-4a5e-b4f2-c6368cae80c4', 'error_rate_percent', 4.08110332939903, 'percent', '2025-09-03T20:31:15.341316+00:00', '{}'),
    ('17e07bde-9532-4b73-947f-efdea5aaa6ad', 'error_rate_percent', -2.85995283784626, 'percent', '2025-09-03T19:31:15.341316+00:00', '{}'),
    ('f3c37ebb-21a4-44c5-9c54-9a5886ce7e3c', 'error_rate_percent', 4.048153451116, 'percent', '2025-09-03T18:31:15.341316+00:00', '{}'),
    ('a10b8efa-3908-48de-94e0-8703e09549ed', 'cpu_usage_percent', 29.2689213724487, 'percent', '2025-09-04T17:31:15.341316+00:00', '{}'),
    ('44797b07-a077-4a86-b4ee-243bf001479e', 'cpu_usage_percent', 29.0538630155763, 'percent', '2025-09-04T16:31:15.341316+00:00', '{}'),
    ('0ac2b1bd-5f8f-491c-b894-bda4770e19b4', 'cpu_usage_percent', 39.4503484618351, 'percent', '2025-09-04T15:31:15.341316+00:00', '{}'),
    ('88d38551-2d53-460a-bcc0-02aba27d8c6a', 'cpu_usage_percent', 37.8170247736843, 'percent', '2025-09-04T14:31:15.341316+00:00', '{}'),
    ('1a96db2d-0d33-4d61-b158-eb4d84cda10e', 'cpu_usage_percent', 42.8417844988421, 'percent', '2025-09-04T13:31:15.341316+00:00', '{}'),
    ('d6c3ec95-756f-4540-b67d-d3895d41409e', 'cpu_usage_percent', 28.746968496343, 'percent', '2025-09-04T12:31:15.341316+00:00', '{}'),
    ('cc177536-706d-431d-a063-ed919c1fa7eb', 'cpu_usage_percent', 28.2412789102023, 'percent', '2025-09-04T11:31:15.341316+00:00', '{}'),
    ('0ee7496a-f4bb-473f-a208-f5118b980891', 'cpu_usage_percent', 37.7908497218762, 'percent', '2025-09-04T10:31:15.341316+00:00', '{}'),
    ('3bcf4830-f2d1-4757-9db2-7889c2660dea', 'cpu_usage_percent', 38.2107784583862, 'percent', '2025-09-04T09:31:15.341316+00:00', '{}'),
    ('0f05b76a-c1ac-4df4-9908-8e185ecbbd56', 'cpu_usage_percent', 27.7094104721466, 'percent', '2025-09-04T08:31:15.341316+00:00', '{}'),
    ('0e0322ce-1a6a-4db1-b099-804e10d7f32d', 'cpu_usage_percent', 33.085946512484, 'percent', '2025-09-04T07:31:15.341316+00:00', '{}'),
    ('79113c42-b5bf-40ed-8f2d-0ff4382d1f55', 'cpu_usage_percent', 43.7496754372909, 'percent', '2025-09-04T06:31:15.341316+00:00', '{}'),
    ('d30c8e3f-12d0-4fa6-939b-58a647e96002', 'cpu_usage_percent', 25.6590441428255, 'percent', '2025-09-04T05:31:15.341316+00:00', '{}'),
    ('f2be7dfb-6b6e-44ba-ae70-c470e2fcd604', 'cpu_usage_percent', 43.1292649208097, 'percent', '2025-09-04T04:31:15.341316+00:00', '{}'),
    ('d49118cb-5b70-487c-b01f-a351bfdff5a6', 'cpu_usage_percent', 41.2256269481503, 'percent', '2025-09-04T03:31:15.341316+00:00', '{}'),
    ('3908f4a3-508a-4473-957e-f299b9157acc', 'cpu_usage_percent', 36.0469049719598, 'percent', '2025-09-04T02:31:15.341316+00:00', '{}'),
    ('78035338-55d0-4977-9ba2-5228b0df879e', 'cpu_usage_percent', 38.7855786580396, 'percent', '2025-09-04T01:31:15.341316+00:00', '{}'),
    ('751eebe9-b0f0-4220-a5bc-5fa0e9f0e4fe', 'cpu_usage_percent', 38.9282412723992, 'percent', '2025-09-04T00:31:15.341316+00:00', '{}'),
    ('352bc202-01d7-4076-8347-ebead9ce6689', 'cpu_usage_percent', 35.5384752918835, 'percent', '2025-09-03T23:31:15.341316+00:00', '{}'),
    ('63ffb6b0-d700-4978-8b4b-78386b3b0991', 'cpu_usage_percent', 32.3399633488348, 'percent', '2025-09-03T22:31:15.341316+00:00', '{}'),
    ('e374327b-180a-4dd5-b46c-b78c5ab87e9b', 'cpu_usage_percent', 33.6270532180424, 'percent', '2025-09-03T21:31:15.341316+00:00', '{}'),
    ('8aa903d6-c91d-44be-a0d9-1a4f0af4cd2f', 'cpu_usage_percent', 43.714150748719, 'percent', '2025-09-03T20:31:15.341316+00:00', '{}'),
    ('2df18ea7-0468-4db7-984e-834bfa50a5c1', 'cpu_usage_percent', 31.7793741318526, 'percent', '2025-09-03T19:31:15.341316+00:00', '{}'),
    ('9642f010-6bc1-4e34-8726-df09d3a1d1d4', 'cpu_usage_percent', 36.2307133166766, 'percent', '2025-09-03T18:31:15.341316+00:00', '{}'),
    ('7a111aae-729f-4433-abc3-9e06e4803d60', 'memory_usage_percent', 56.5429263332881, 'percent', '2025-09-04T17:31:15.341316+00:00', '{}'),
    ('3f5fc09c-edec-4655-b587-046aaa4e24e5', 'memory_usage_percent', 65.6417149994907, 'percent', '2025-09-04T16:31:15.341316+00:00', '{}'),
    ('0c89f3b2-74ec-4f8f-93d1-a755063e5cdf', 'memory_usage_percent', 57.1959899332161, 'percent', '2025-09-04T15:31:15.341316+00:00', '{}'),
    ('f498283d-7d17-4d8d-886a-5a49afabf2e0', 'memory_usage_percent', 55.1680516096466, 'percent', '2025-09-04T14:31:15.341316+00:00', '{}'),
    ('05575f69-9186-43bf-994a-41fcf0ba908e', 'memory_usage_percent', 52.5327503910587, 'percent', '2025-09-04T13:31:15.341316+00:00', '{}'),
    ('11f736f6-73e2-4d92-864b-bf07ce5d8797', 'memory_usage_percent', 64.6142469621381, 'percent', '2025-09-04T12:31:15.341316+00:00', '{}'),
    ('67b16097-f724-43a9-a02e-4ec48f719607', 'memory_usage_percent', 66.3351068148766, 'percent', '2025-09-04T11:31:15.341316+00:00', '{}'),
    ('9bc3dba6-7e3f-49f1-8465-daf3c4cbcf7e', 'memory_usage_percent', 54.3430838465521, 'percent', '2025-09-04T10:31:15.341316+00:00', '{}'),
    ('3e802526-a7a7-4306-9e3b-ad82208363a0', 'memory_usage_percent', 59.0271670874198, 'percent', '2025-09-04T09:31:15.341316+00:00', '{}'),
    ('baab4be7-8fe5-4bf1-9f8f-b2ce6c1312bd', 'memory_usage_percent', 58.2701475201433, 'percent', '2025-09-04T08:31:15.341316+00:00', '{}'),
    ('df97959f-9462-477e-af10-c46fa1445bf7', 'memory_usage_percent', 57.9946660560098, 'percent', '2025-09-04T07:31:15.341316+00:00', '{}'),
    ('72bd0380-6259-49f0-ba72-074660ecced9', 'memory_usage_percent', 61.3544446901403, 'percent', '2025-09-04T06:31:15.341316+00:00', '{}'),
    ('2730c7cf-b2e7-47e9-86da-99d12eec1b07', 'memory_usage_percent', 62.1221117677965, 'percent', '2025-09-04T05:31:15.341316+00:00', '{}'),
    ('7e838a91-ea92-4655-ba22-9cf038c30165', 'memory_usage_percent', 67.9438516728872, 'percent', '2025-09-04T04:31:15.341316+00:00', '{}'),
    ('41215939-8de3-467e-bec1-2bdf1206df37', 'memory_usage_percent', 64.0870643388156, 'percent', '2025-09-04T03:31:15.341316+00:00', '{}'),
    ('62d0c158-9b65-4dc3-8465-f90b3a024675', 'memory_usage_percent', 67.689591950887, 'percent', '2025-09-04T02:31:15.341316+00:00', '{}'),
    ('b16dde7e-f593-42fe-b3fa-e2a24e2b24f1', 'memory_usage_percent', 52.2166834023907, 'percent', '2025-09-04T01:31:15.341316+00:00', '{}'),
    ('26a1b9ab-c6b7-46a9-891c-c1839f359a3d', 'memory_usage_percent', 64.8541353487869, 'percent', '2025-09-04T00:31:15.341316+00:00', '{}'),
    ('e86174dc-7338-44bb-bb30-0f730924580c', 'memory_usage_percent', 64.3266698243901, 'percent', '2025-09-03T23:31:15.341316+00:00', '{}'),
    ('c2cbdca1-5c91-4030-8e71-e32c78e689fe', 'memory_usage_percent', 63.8646245637506, 'percent', '2025-09-03T22:31:15.341316+00:00', '{}'),
    ('a59a7611-0ac8-4788-9be5-ef248fba864d', 'memory_usage_percent', 62.2245123835857, 'percent', '2025-09-03T21:31:15.341316+00:00', '{}'),
    ('48a1c013-2c79-4a99-8d52-494e73b556e2', 'memory_usage_percent', 69.0006013990943, 'percent', '2025-09-03T20:31:15.341316+00:00', '{}'),
    ('d8382996-da21-4077-80da-dc7687aaaedc', 'memory_usage_percent', 69.3643342053746, 'percent', '2025-09-03T19:31:15.341316+00:00', '{}'),
    ('788390bd-b3b1-4c05-bb6b-8b43df82ace1', 'memory_usage_percent', 68.1082702560427, 'percent', '2025-09-03T18:31:15.341316+00:00', '{}'),
    ('559efafe-519f-46f8-b17c-0c1f5a4cb939', 'active_connections', 41.9178288796873, 'count', '2025-09-04T17:31:15.341316+00:00', '{}'),
    ('8d9deab5-b367-42b4-8d8f-47f014c43936', 'active_connections', 37.5554367967615, 'count', '2025-09-04T16:31:15.341316+00:00', '{}'),
    ('6ff231dc-2633-4e46-942b-342b025ed077', 'active_connections', 53.1260156361932, 'count', '2025-09-04T15:31:15.341316+00:00', '{}'),
    ('ca16ed9c-ea48-4898-82aa-806f63bbe1bc', 'active_connections', 47.7617590409909, 'count', '2025-09-04T14:31:15.341316+00:00', '{}'),
    ('950d5ad1-7148-4e17-9366-59acfe647c79', 'active_connections', 39.3480809289994, 'count', '2025-09-04T13:31:15.341316+00:00', '{}'),
    ('a00d05c7-8ed8-4fec-96e9-66f191221978', 'active_connections', 54.4825056003136, 'count', '2025-09-04T12:31:15.341316+00:00', '{}'),
    ('c4471d24-f2a7-4ce2-9344-880e7c4cfd08', 'active_connections', 36.514636908041, 'count', '2025-09-04T11:31:15.341316+00:00', '{}'),
    ('c7184b88-a648-40af-8be5-92bc7b93ce34', 'active_connections', 52.8631699792961, 'count', '2025-09-04T10:31:15.341316+00:00', '{}'),
    ('9e527943-cee8-4068-944a-b2eca6d41494', 'active_connections', 54.9444020965234, 'count', '2025-09-04T09:31:15.341316+00:00', '{}'),
    ('c86533e0-6fcb-4ac5-bc7d-580fb93afd37', 'active_connections', 53.230519832712, 'count', '2025-09-04T08:31:15.341316+00:00', '{}'),
    ('28a3ae65-9a8b-4c0c-8878-e57bbca3de2a', 'active_connections', 49.7047488455898, 'count', '2025-09-04T07:31:15.341316+00:00', '{}'),
    ('646e2ea2-eb61-46df-9841-98d2b89ac8c0', 'active_connections', 42.4262620537955, 'count', '2025-09-04T06:31:15.341316+00:00', '{}'),
    ('9e02585c-4162-43f8-89c5-a3d5e3ee292d', 'active_connections', 44.0916917665128, 'count', '2025-09-04T05:31:15.341316+00:00', '{}'),
    ('09d734fa-c2b9-4e0d-81c1-a1d3fcf4213c', 'active_connections', 51.4773057473227, 'count', '2025-09-04T04:31:15.341316+00:00', '{}'),
    ('088a9bcb-0a62-43a8-8f6c-367e1e6406b8', 'active_connections', 51.0622730527439, 'count', '2025-09-04T03:31:15.341316+00:00', '{}'),
    ('ad88a748-8af4-4150-a09b-e47178f5b342', 'active_connections', 43.5586356415156, 'count', '2025-09-04T02:31:15.341316+00:00', '{}'),
    ('b7220f87-53ce-43f1-bdad-d190c695df1f', 'active_connections', 50.5974731460332, 'count', '2025-09-04T01:31:15.341316+00:00', '{}'),
    ('681959cc-d3fe-462e-b4f7-bbeb495189c4', 'active_connections', 43.6617410740718, 'count', '2025-09-04T00:31:15.341316+00:00', '{}'),
    ('37bc2f5a-e5c6-4570-a214-2ded0fec591d', 'active_connections', 54.1342319254734, 'count', '2025-09-03T23:31:15.341316+00:00', '{}'),
    ('0a50d982-a2af-4d87-967a-34fcd855c83f', 'active_connections', 51.6541899246533, 'count', '2025-09-03T22:31:15.341316+00:00', '{}'),
    ('800473bc-6630-4b96-9237-4a74292ec595', 'active_connections', 51.7753298395463, 'count', '2025-09-03T21:31:15.341316+00:00', '{}'),
    ('ce688e75-cde9-4cd5-9da6-84de67382e23', 'active_connections', 35.376791923857, 'count', '2025-09-03T20:31:15.341316+00:00', '{}'),
    ('f0a1db00-081a-42a8-8cba-126ad152c203', 'active_connections', 44.1677422563381, 'count', '2025-09-03T19:31:15.341316+00:00', '{}'),
    ('499d8c96-a554-4ffd-b505-81abd46b5d1e', 'active_connections', 49.9051741995984, 'count', '2025-09-03T18:31:15.341316+00:00', '{}');

INSERT INTO "system_metrics" ("id", "metric_name", "metric_value", "metric_unit", "recorded_at", "metadata") VALUES
    ('4f33716d-8de1-408c-8ca7-c54cc8d188d4', 'response_time_ms', 140.461736984705, 'milliseconds', '2025-09-04T17:31:15.341316+00:00', '{}'),
    ('40dccc03-44ea-4041-9783-9b9e9b512b7f', 'response_time_ms', 157.298091327921, 'milliseconds', '2025-09-04T16:31:15.341316+00:00', '{}'),
    ('acb727c5-f5e5-4306-b89c-c7d0104aae54', 'response_time_ms', 142.578105059212, 'milliseconds', '2025-09-04T15:31:15.341316+00:00', '{}'),
    ('e1da6d6a-c19b-46b6-82e5-6bac5ab0d91c', 'response_time_ms', 153.70985628713, 'milliseconds', '2025-09-04T14:31:15.341316+00:00', '{}'),
    ('a59e099b-9068-46c2-950b-42e1334c3d2a', 'response_time_ms', 141.970713336625, 'milliseconds', '2025-09-04T13:31:15.341316+00:00', '{}'),
    ('21ecafe9-271b-4313-9525-a72207bb830c', 'response_time_ms', 159.443805176742, 'milliseconds', '2025-09-04T12:31:15.341316+00:00', '{}'),
    ('e5408644-c5b0-4db8-8c19-e6809d175c88', 'response_time_ms', 141.228817092896, 'milliseconds', '2025-09-04T11:31:15.341316+00:00', '{}'),
    ('878fa471-a57a-4cca-9e41-49d5da7fd888', 'response_time_ms', 153.678627351623, 'milliseconds', '2025-09-04T10:31:15.341316+00:00', '{}'),
    ('f7ec1c0b-0d11-4f44-920e-5df35868e98e', 'response_time_ms', 150.800437359541, 'milliseconds', '2025-09-04T09:31:15.341316+00:00', '{}'),
    ('ac1b0d80-eb26-432a-afa4-515342395566', 'response_time_ms', 150.578981319211, 'milliseconds', '2025-09-04T08:31:15.341316+00:00', '{}'),
    ('ce660c14-ed34-46e1-8eeb-0283f85c9c9a', 'response_time_ms', 154.96000574546, 'milliseconds', '2025-09-04T07:31:15.341316+00:00', '{}'),
    ('4e36d563-a981-4659-a809-c56e43301943', 'response_time_ms', 152.174814333243, 'milliseconds', '2025-09-04T06:31:15.341316+00:00', '{}'),
    ('86b1eb4a-0f68-4427-9e52-6001e6b1d823', 'response_time_ms', 157.530729540972, 'milliseconds', '2025-09-04T05:31:15.341316+00:00', '{}'),
    ('11b026fc-9cef-4476-9562-1236f4a5cac6', 'response_time_ms', 148.640740039241, 'milliseconds', '2025-09-04T04:31:15.341316+00:00', '{}'),
    ('892ca459-f75f-4592-8354-94731cb5fb84', 'response_time_ms', 146.726382562881, 'milliseconds', '2025-09-04T03:31:15.341316+00:00', '{}'),
    ('bf58f1c7-2127-4a32-90a0-97b9d08ab4a4', 'response_time_ms', 147.21132231013, 'milliseconds', '2025-09-04T02:31:15.341316+00:00', '{}'),
    ('f60a5dc4-4e00-4116-9757-15623ac217b2', 'response_time_ms', 152.674552588321, 'milliseconds', '2025-09-04T01:31:15.341316+00:00', '{}'),
    ('73668d1e-a3df-49df-a02b-cc44c7d09d0c', 'response_time_ms', 146.238315632753, 'milliseconds', '2025-09-04T00:31:15.341316+00:00', '{}'),
    ('69c1038f-1b01-4861-b155-acd1af5dea5f', 'response_time_ms', 156.245984510132, 'milliseconds', '2025-09-03T23:31:15.341316+00:00', '{}'),
    ('e8e51bf9-8477-4262-bcd2-a4eff9afb6e2', 'response_time_ms', 158.115737707426, 'milliseconds', '2025-09-03T22:31:15.341316+00:00', '{}'),
    ('d91d7ffc-7921-4f1d-8279-d2494534d2f7', 'response_time_ms', 146.367849412139, 'milliseconds', '2025-09-03T21:31:15.341316+00:00', '{}'),
    ('c807d847-832e-448f-b603-9d1a35e8548a', 'response_time_ms', 148.044384077088, 'milliseconds', '2025-09-03T20:31:15.341316+00:00', '{}'),
    ('403a7c06-9a42-47ba-a1a5-792d092a5359', 'response_time_ms', 157.049503077264, 'milliseconds', '2025-09-03T19:31:15.341316+00:00', '{}'),
    ('bad281c9-aa19-4c65-bc6e-dbcf5bc44cee', 'response_time_ms', 146.46439190567, 'milliseconds', '2025-09-03T18:31:15.341316+00:00', '{}'),
    ('af76e523-ad6d-4bd1-af16-9baa7e8154b3', 'error_rate_percent', 2.9155115406173, 'percent', '2025-09-04T17:31:15.341316+00:00', '{}'),
    ('986aa70d-d7eb-4704-90ae-2c240ce8bfc5', 'error_rate_percent', 5.94899268571252, 'percent', '2025-09-04T16:31:15.341316+00:00', '{}'),
    ('6cb74f3a-bd81-4d9b-b080-5fa64512345b', 'error_rate_percent', 7.53653640977132, 'percent', '2025-09-04T15:31:15.341316+00:00', '{}'),
    ('dc97b547-b88b-4a4d-b9df-bbfd03ae131c', 'error_rate_percent', 8.15994871703569, 'percent', '2025-09-04T14:31:15.341316+00:00', '{}'),
    ('ae9000ff-4c8b-4a77-a796-f625aaa9c8ae', 'error_rate_percent', -1.76218090435407, 'percent', '2025-09-04T13:31:15.341316+00:00', '{}'),
    ('592081c4-158a-40a8-9fc0-a6db6a8e86c1', 'error_rate_percent', 0.556007547880291, 'percent', '2025-09-04T12:31:15.341316+00:00', '{}'),
    ('3c7b5679-665e-4d7a-9c26-b7cf3b60e3fc', 'error_rate_percent', -2.75619776493093, 'percent', '2025-09-04T11:31:15.341316+00:00', '{}'),
    ('f635aa45-e093-4603-bcb2-a57da2f1bb2a', 'error_rate_percent', 9.87912097821806, 'percent', '2025-09-04T10:31:15.341316+00:00', '{}'),
    ('805d57d0-11a3-4616-9337-342fc2345db8', 'error_rate_percent', 8.63905048404881, 'percent', '2025-09-04T09:31:15.341316+00:00', '{}'),
    ('60f271e6-b1df-448a-a241-6a5511f67a1a', 'error_rate_percent', -4.71158662040329, 'percent', '2025-09-04T08:31:15.341316+00:00', '{}'),
    ('f47a981e-6485-42e7-8f76-a9672b9d4616', 'error_rate_percent', 4.4678289333903, 'percent', '2025-09-04T07:31:15.341316+00:00', '{}'),
    ('5ac3a28b-db29-4c2e-875d-c1699599dce6', 'error_rate_percent', 0.326266242165627, 'percent', '2025-09-04T06:31:15.341316+00:00', '{}'),
    ('bc38fbeb-87b8-47a9-a6d8-d726da25caee', 'error_rate_percent', -1.448945489229, 'percent', '2025-09-04T05:31:15.341316+00:00', '{}'),
    ('f77f1527-4b6f-4c43-8018-4ade22f62203', 'error_rate_percent', -9.06578157851002, 'percent', '2025-09-04T04:31:15.341316+00:00', '{}'),
    ('bfc4527b-1877-4a8c-a6a5-49fddc9a45ee', 'error_rate_percent', -2.2681937023278, 'percent', '2025-09-04T03:31:15.341316+00:00', '{}'),
    ('1e5bcf59-c160-418d-949b-332b0434f263', 'error_rate_percent', -4.01928482425349, 'percent', '2025-09-04T02:31:15.341316+00:00', '{}'),
    ('89b8e2c7-53bf-4972-8d12-a11054067edf', 'error_rate_percent', 0.687135191944927, 'percent', '2025-09-04T01:31:15.341316+00:00', '{}'),
    ('a0c58f1e-64e0-4085-9d4d-bb53ee6e75b1', 'error_rate_percent', 0.331945611021284, 'percent', '2025-09-04T00:31:15.341316+00:00', '{}'),
    ('219fd147-307f-4c04-8d28-cb0ccc4fac0a', 'error_rate_percent', 1.59269263622108, 'percent', '2025-09-03T23:31:15.341316+00:00', '{}'),
    ('e44c8a27-dd20-4d1c-9c0d-2091cf1be754', 'error_rate_percent', -5.52723484364612, 'percent', '2025-09-03T22:31:15.341316+00:00', '{}'),
    ('5fa89bc7-b7fd-40d0-b8ea-a1917ad88cb6', 'error_rate_percent', 3.43350935564249, 'percent', '2025-09-03T21:31:15.341316+00:00', '{}'),
    ('9ff5f225-1f6f-497c-a156-1ee89aa1804b', 'error_rate_percent', 6.81782863581901, 'percent', '2025-09-03T20:31:15.341316+00:00', '{}'),
    ('26762ff1-6b66-4d2e-81f1-1231fb733b9c', 'error_rate_percent', -7.84676779983626, 'percent', '2025-09-03T19:31:15.341316+00:00', '{}'),
    ('bb28b320-2287-41e9-8b4c-a0be373f5083', 'error_rate_percent', -5.07335974104216, 'percent', '2025-09-03T18:31:15.341316+00:00', '{}'),
    ('4acf5254-9a81-426f-b730-515579c99277', 'cpu_usage_percent', 32.7123624816121, 'percent', '2025-09-04T17:31:15.341316+00:00', '{}'),
    ('96a31535-7b6e-4c23-b9c5-e16bcc7356f8', 'cpu_usage_percent', 29.1222186360625, 'percent', '2025-09-04T16:31:15.341316+00:00', '{}'),
    ('6ba11fdd-93f5-4f1c-8e5b-5ed875397160', 'cpu_usage_percent', 36.0123314532969, 'percent', '2025-09-04T15:31:15.341316+00:00', '{}'),
    ('c4f8a72c-d337-426b-871f-6917c1181abc', 'cpu_usage_percent', 37.9560874997282, 'percent', '2025-09-04T14:31:15.341316+00:00', '{}'),
    ('a3c8d39a-ee96-4e91-af2b-2c1bc8a701c3', 'cpu_usage_percent', 32.3019622841088, 'percent', '2025-09-04T13:31:15.341316+00:00', '{}'),
    ('77b2a125-8dd0-43a1-b8dd-02332da1aaa6', 'cpu_usage_percent', 26.4054991270754, 'percent', '2025-09-04T12:31:15.341316+00:00', '{}'),
    ('889af434-5d10-4e57-bc5b-f6db3b27fbea', 'cpu_usage_percent', 40.7156207099003, 'percent', '2025-09-04T11:31:15.341316+00:00', '{}'),
    ('56d97472-a25c-4d80-b08f-0e47750a87eb', 'cpu_usage_percent', 35.6797795849377, 'percent', '2025-09-04T10:31:15.341316+00:00', '{}'),
    ('65062efe-d6f7-459e-869e-deaf0980f9e9', 'cpu_usage_percent', 37.6704310620017, 'percent', '2025-09-04T09:31:15.341316+00:00', '{}'),
    ('e650b94e-9b97-41cc-8e81-49000609bb97', 'cpu_usage_percent', 25.8524136202843, 'percent', '2025-09-04T08:31:15.341316+00:00', '{}'),
    ('5f0aac8e-e778-4a06-8fc8-6b447020d04a', 'cpu_usage_percent', 39.305428465051, 'percent', '2025-09-04T07:31:15.341316+00:00', '{}'),
    ('f416269a-f406-42ab-a910-6b45733d4858', 'cpu_usage_percent', 31.4499876404149, 'percent', '2025-09-04T06:31:15.341316+00:00', '{}'),
    ('92cc212d-0cc9-4af0-9fe2-3e1eadfd7f55', 'cpu_usage_percent', 27.2404987044766, 'percent', '2025-09-04T05:31:15.341316+00:00', '{}'),
    ('82596d86-dcf5-4c41-b75d-c48919932cea', 'cpu_usage_percent', 44.9053932506606, 'percent', '2025-09-04T04:31:15.341316+00:00', '{}'),
    ('231f6728-fd7b-4e55-874a-60485eeb2a63', 'cpu_usage_percent', 25.5789036257948, 'percent', '2025-09-04T03:31:15.341316+00:00', '{}'),
    ('540f45de-d5d0-46e8-acde-0c39cb5816a1', 'cpu_usage_percent', 27.2014302363215, 'percent', '2025-09-04T02:31:15.341316+00:00', '{}'),
    ('9355dba9-c30c-4662-9e78-76f02faed846', 'cpu_usage_percent', 29.4247574760156, 'percent', '2025-09-04T01:31:15.341316+00:00', '{}'),
    ('48761087-0f8c-478d-832f-957035184adb', 'cpu_usage_percent', 43.5106092434031, 'percent', '2025-09-04T00:31:15.341316+00:00', '{}'),
    ('abcd0cc8-3783-4f5c-810c-4f5748e9b967', 'cpu_usage_percent', 42.4997587069165, 'percent', '2025-09-03T23:31:15.341316+00:00', '{}'),
    ('624c0918-a9e1-4198-a692-55136f4e93d3', 'cpu_usage_percent', 40.9245293218931, 'percent', '2025-09-03T22:31:15.341316+00:00', '{}'),
    ('67b70a05-7bb0-4c0d-9f8a-4a345d6ff2a2', 'cpu_usage_percent', 44.3055714852022, 'percent', '2025-09-03T21:31:15.341316+00:00', '{}'),
    ('837a3599-bd0a-4f67-94a9-fc9de80b0790', 'cpu_usage_percent', 31.3334682622569, 'percent', '2025-09-03T20:31:15.341316+00:00', '{}'),
    ('e6096676-50eb-421c-8374-6767ee939a39', 'cpu_usage_percent', 35.2434971581472, 'percent', '2025-09-03T19:31:15.341316+00:00', '{}'),
    ('da682370-eb38-438b-9aba-8020db3a80ee', 'cpu_usage_percent', 44.5225171048568, 'percent', '2025-09-03T18:31:15.341316+00:00', '{}'),
    ('c223ba5d-b9e6-45e9-aa13-94abaf7f4612', 'memory_usage_percent', 56.0217182765388, 'percent', '2025-09-04T17:31:15.341316+00:00', '{}'),
    ('7a61d1d0-a6fd-468b-8cd1-e6b5ff218167', 'memory_usage_percent', 59.1663389733386, 'percent', '2025-09-04T16:31:15.341316+00:00', '{}'),
    ('60feaa83-be41-475b-bc78-f078c22ae81d', 'memory_usage_percent', 61.5765337192334, 'percent', '2025-09-04T15:31:15.341316+00:00', '{}'),
    ('a2aff282-e962-4720-ad8e-17bb532a6163', 'memory_usage_percent', 56.626168125132, 'percent', '2025-09-04T14:31:15.341316+00:00', '{}'),
    ('aba9a959-ea46-4cd0-bd75-227bf6c32e71', 'memory_usage_percent', 62.0590683785008, 'percent', '2025-09-04T13:31:15.341316+00:00', '{}'),
    ('c02b9e56-4bb9-49ea-9941-dea0212354af', 'memory_usage_percent', 67.5403039556595, 'percent', '2025-09-04T12:31:15.341316+00:00', '{}'),
    ('cf47a85e-45c2-475d-b192-12a94ee2bbab', 'memory_usage_percent', 62.1834839978284, 'percent', '2025-09-04T11:31:15.341316+00:00', '{}'),
    ('e438a647-0fae-41d5-8e36-2f0f0184ba20', 'memory_usage_percent', 63.9102192315842, 'percent', '2025-09-04T10:31:15.341316+00:00', '{}'),
    ('e7bc83c0-86fe-4e57-b1a4-d7f0ab7f9a72', 'memory_usage_percent', 66.4739246735512, 'percent', '2025-09-04T09:31:15.341316+00:00', '{}'),
    ('149ad7aa-cc88-4749-a328-babadcc88577', 'memory_usage_percent', 56.422557468552, 'percent', '2025-09-04T08:31:15.341316+00:00', '{}'),
    ('05e07366-3f20-4ff6-9f4c-d62c8f7c2275', 'memory_usage_percent', 57.4737192185676, 'percent', '2025-09-04T07:31:15.341316+00:00', '{}'),
    ('0505a0cf-43f7-4d73-99ae-7cb1c7b49f50', 'memory_usage_percent', 55.5584214745773, 'percent', '2025-09-04T06:31:15.341316+00:00', '{}'),
    ('9c2709ef-0dbd-4652-a417-0f65b58171ec', 'memory_usage_percent', 63.0354009790308, 'percent', '2025-09-04T05:31:15.341316+00:00', '{}'),
    ('0a0e4a9a-4522-43ca-9bbd-711fe82b7a8d', 'memory_usage_percent', 58.2860500452833, 'percent', '2025-09-04T04:31:15.341316+00:00', '{}'),
    ('db956043-d3b8-4bfc-bd24-4c5a5568e0b4', 'memory_usage_percent', 53.8044195821313, 'percent', '2025-09-04T03:31:15.341316+00:00', '{}'),
    ('6cc3504f-7a31-4b42-8b2d-1e030574d578', 'memory_usage_percent', 57.990996487811, 'percent', '2025-09-04T02:31:15.341316+00:00', '{}'),
    ('fe61d466-6056-4a49-9d83-2992989a4859', 'memory_usage_percent', 57.3362987174049, 'percent', '2025-09-04T01:31:15.341316+00:00', '{}'),
    ('3aca051c-bc5c-42f1-9a36-5673265f0228', 'memory_usage_percent', 57.1567820580126, 'percent', '2025-09-04T00:31:15.341316+00:00', '{}'),
    ('adf164e4-eb7a-447e-905f-cda1ef8f1b25', 'memory_usage_percent', 54.6867693457172, 'percent', '2025-09-03T23:31:15.341316+00:00', '{}'),
    ('85cbc8dc-3825-4cc7-990c-ab4b3d915048', 'memory_usage_percent', 54.6127922818684, 'percent', '2025-09-03T22:31:15.341316+00:00', '{}'),
    ('ca53bd3d-ff55-4899-8eb2-0068b95f6127', 'memory_usage_percent', 57.7868197962622, 'percent', '2025-09-03T21:31:15.341316+00:00', '{}'),
    ('b90f41f5-7da2-4d46-b4b9-3d229bae2183', 'memory_usage_percent', 58.0651629696548, 'percent', '2025-09-03T20:31:15.341316+00:00', '{}'),
    ('1f8b7a11-6d3b-45e6-9891-d985e3257372', 'memory_usage_percent', 65.8510270278182, 'percent', '2025-09-03T19:31:15.341316+00:00', '{}'),
    ('548494a1-5798-49a0-9cfc-adbc15794587', 'memory_usage_percent', 68.2318681255851, 'percent', '2025-09-03T18:31:15.341316+00:00', '{}'),
    ('7ed18365-9fc7-4b8b-88ec-a042499de724', 'active_connections', 40.5130141331468, 'count', '2025-09-04T17:31:15.341316+00:00', '{}'),
    ('044ee067-5af5-4ff2-a65a-469805f322be', 'active_connections', 52.1054019265393, 'count', '2025-09-04T16:31:15.341316+00:00', '{}'),
    ('f735c40f-0479-4081-974d-09778c374326', 'active_connections', 52.4425471426425, 'count', '2025-09-04T15:31:15.341316+00:00', '{}'),
    ('d0506d26-1d3e-4b14-b95a-5597f49560ac', 'active_connections', 54.446296469401, 'count', '2025-09-04T14:31:15.341316+00:00', '{}');

INSERT INTO "system_metrics" ("id", "metric_name", "metric_value", "metric_unit", "recorded_at", "metadata") VALUES
    ('e400361e-ef73-4566-9b08-eecc78b62cf3', 'active_connections', 35.5456723267955, 'count', '2025-09-04T13:31:15.341316+00:00', '{}'),
    ('929d64fa-2ae6-4b1a-a21e-f91da52f4b62', 'active_connections', 49.7734937508368, 'count', '2025-09-04T12:31:15.341316+00:00', '{}'),
    ('5061f002-e987-4de7-9b86-43fdc2ad4b07', 'active_connections', 46.8614788574025, 'count', '2025-09-04T11:31:15.341316+00:00', '{}'),
    ('88a82872-3247-4915-9941-786f99a543cd', 'active_connections', 41.1939839821912, 'count', '2025-09-04T10:31:15.341316+00:00', '{}'),
    ('94fb0d06-b3a9-403a-b425-f8ac96867ccd', 'active_connections', 49.9666831383654, 'count', '2025-09-04T09:31:15.341316+00:00', '{}'),
    ('d5b8b41d-df86-4525-9779-af12efbfeb44', 'active_connections', 51.5183826182343, 'count', '2025-09-04T08:31:15.341316+00:00', '{}'),
    ('5a3353eb-a585-4432-be4e-e323608b03c8', 'active_connections', 46.3273826908943, 'count', '2025-09-04T07:31:15.341316+00:00', '{}'),
    ('d0f41d08-e976-4969-b1c6-6357eeeccd24', 'active_connections', 42.2761225570906, 'count', '2025-09-04T06:31:15.341316+00:00', '{}'),
    ('ddfca2b0-f7ec-4b37-bc97-65b9e6f99e4b', 'active_connections', 37.5344491011989, 'count', '2025-09-04T05:31:15.341316+00:00', '{}'),
    ('19fec950-3179-46a9-ad6b-4aa8be51978f', 'active_connections', 41.4153723616592, 'count', '2025-09-04T04:31:15.341316+00:00', '{}'),
    ('1297c3f2-4f28-4996-8127-49b49bfbe51e', 'active_connections', 40.1410989077983, 'count', '2025-09-04T03:31:15.341316+00:00', '{}'),
    ('df3d7012-9fb9-4b11-9ce7-339c70caf5c1', 'active_connections', 38.4526706530185, 'count', '2025-09-04T02:31:15.341316+00:00', '{}'),
    ('3dd7e1bc-7ac6-400f-b267-04312d3dc202', 'active_connections', 35.6406874814466, 'count', '2025-09-04T01:31:15.341316+00:00', '{}'),
    ('a484c2c3-d001-4d8f-8949-18c2cc253ad2', 'active_connections', 41.9152580616046, 'count', '2025-09-04T00:31:15.341316+00:00', '{}'),
    ('0e5f1a6a-eac7-4567-91bb-2ee3ec0ce46e', 'active_connections', 40.7005131288983, 'count', '2025-09-03T23:31:15.341316+00:00', '{}'),
    ('50dfdbfb-6d5b-47c5-8fb1-78da5c11344b', 'active_connections', 36.9353156154216, 'count', '2025-09-03T22:31:15.341316+00:00', '{}'),
    ('8994130a-69f1-441b-b2f7-936fb490d7cb', 'active_connections', 54.6468327692766, 'count', '2025-09-03T21:31:15.341316+00:00', '{}'),
    ('3ac4cc5a-dc31-45ae-b0d9-d52c84e0a806', 'active_connections', 37.2789680878378, 'count', '2025-09-03T20:31:15.341316+00:00', '{}'),
    ('2a89ea7e-6c5f-47e0-b01e-6dc60e598c54', 'active_connections', 50.7755229873357, 'count', '2025-09-03T19:31:15.341316+00:00', '{}'),
    ('f99eedf0-2d3b-4412-8289-65962d8ddb62', 'active_connections', 40.9987521910178, 'count', '2025-09-03T18:31:15.341316+00:00', '{}'),
    ('393741ed-e44f-4d0c-9eb9-42f090f78a82', 'response_time_ms', 140.657782116618, 'milliseconds', '2025-09-04T17:31:15.341316+00:00', '{}'),
    ('c91bad76-d1a6-4cba-add9-8ccad04e3184', 'response_time_ms', 157.488546391728, 'milliseconds', '2025-09-04T16:31:15.341316+00:00', '{}'),
    ('7183bbe5-2b24-4f68-8778-481db17b6463', 'response_time_ms', 142.157527861558, 'milliseconds', '2025-09-04T15:31:15.341316+00:00', '{}'),
    ('c8f8237e-8153-4811-871a-ec421eddc56e', 'response_time_ms', 143.244874525483, 'milliseconds', '2025-09-04T14:31:15.341316+00:00', '{}'),
    ('5bf556a5-2e72-4e8e-9982-9ffcaa0b4d4a', 'response_time_ms', 159.743663890832, 'milliseconds', '2025-09-04T13:31:15.341316+00:00', '{}'),
    ('be4549e4-6b5e-4bed-9ba5-f9bcb557c441', 'response_time_ms', 151.635217190207, 'milliseconds', '2025-09-04T12:31:15.341316+00:00', '{}'),
    ('efc85f33-575b-454a-9325-de78ee50dff6', 'response_time_ms', 143.3341646768, 'milliseconds', '2025-09-04T11:31:15.341316+00:00', '{}'),
    ('6580ec78-f84c-4f3b-b76a-75076c8daced', 'response_time_ms', 143.08699021392, 'milliseconds', '2025-09-04T10:31:15.341316+00:00', '{}'),
    ('f7a75212-2572-4dea-96f4-0b1ad9e78d48', 'response_time_ms', 147.200722423176, 'milliseconds', '2025-09-04T09:31:15.341316+00:00', '{}'),
    ('01f17fde-cf04-45de-a373-91021808797d', 'response_time_ms', 156.861287043704, 'milliseconds', '2025-09-04T08:31:15.341316+00:00', '{}'),
    ('827a9a8e-36a0-42a9-bca5-c1eff5bd2211', 'response_time_ms', 143.147356261208, 'milliseconds', '2025-09-04T07:31:15.341316+00:00', '{}'),
    ('130859b2-6bcf-408e-8af7-3176ca4f9250', 'response_time_ms', 151.680864166238, 'milliseconds', '2025-09-04T06:31:15.341316+00:00', '{}'),
    ('9d64fc0b-6ae8-4d06-b7e3-93179fcfc9e8', 'response_time_ms', 147.310130284112, 'milliseconds', '2025-09-04T05:31:15.341316+00:00', '{}'),
    ('84b3c8d5-a938-46ff-86b8-7fd43877e082', 'response_time_ms', 149.094789643974, 'milliseconds', '2025-09-04T04:31:15.341316+00:00', '{}'),
    ('872a2fc0-23bf-489e-9a77-d8b42ad849fa', 'response_time_ms', 151.138770910652, 'milliseconds', '2025-09-04T03:31:15.341316+00:00', '{}'),
    ('d766f48d-e91f-49ac-a557-447041d3cb5e', 'response_time_ms', 151.234533066191, 'milliseconds', '2025-09-04T02:31:15.341316+00:00', '{}'),
    ('a7ec51a5-dbbc-4ed2-acd5-0744a1e9ae33', 'response_time_ms', 149.095515838786, 'milliseconds', '2025-09-04T01:31:15.341316+00:00', '{}'),
    ('ec7030cf-4bf7-402e-add5-fb9ccfee5099', 'response_time_ms', 140.845257030794, 'milliseconds', '2025-09-04T00:31:15.341316+00:00', '{}'),
    ('f4b47f05-b779-4958-a275-569dafdb6fda', 'response_time_ms', 141.791979802424, 'milliseconds', '2025-09-03T23:31:15.341316+00:00', '{}'),
    ('851377da-7c3a-4de0-acf1-3335eb752660', 'response_time_ms', 152.672990081766, 'milliseconds', '2025-09-03T22:31:15.341316+00:00', '{}'),
    ('4e10fb0e-94ca-4c73-9a2c-e37acd3e674f', 'response_time_ms', 145.848957623458, 'milliseconds', '2025-09-03T21:31:15.341316+00:00', '{}'),
    ('b3aa63a7-6e5c-4ca6-9433-5bee49754ad2', 'response_time_ms', 157.725162264494, 'milliseconds', '2025-09-03T20:31:15.341316+00:00', '{}'),
    ('fe772b8c-2db0-4668-9f8e-67eca49f5fc0', 'response_time_ms', 141.721097726901, 'milliseconds', '2025-09-03T19:31:15.341316+00:00', '{}'),
    ('d881880f-ae8f-407d-abe4-7480fb997e13', 'response_time_ms', 140.23205403968, 'milliseconds', '2025-09-03T18:31:15.341316+00:00', '{}'),
    ('4425fc47-62d4-45cc-affc-b5912585d494', 'error_rate_percent', -6.30769332479109, 'percent', '2025-09-04T17:31:15.341316+00:00', '{}'),
    ('b04fa81c-fbac-43d0-8f30-a3b937a950bd', 'error_rate_percent', -1.251421317782, 'percent', '2025-09-04T16:31:15.341316+00:00', '{}'),
    ('e7c55859-1c68-4345-8ada-9c6f09e88b19', 'error_rate_percent', -9.38181823543715, 'percent', '2025-09-04T15:31:15.341316+00:00', '{}'),
    ('53b137e9-36d0-4bf0-9b50-dce21fcb97b1', 'error_rate_percent', 7.38623038739455, 'percent', '2025-09-04T14:31:15.341316+00:00', '{}'),
    ('f29dcd1b-d6a0-4be8-a9fd-b48d0dbee9d9', 'error_rate_percent', 1.17427051998274, 'percent', '2025-09-04T13:31:15.341316+00:00', '{}'),
    ('8030c445-2c16-4a30-b68b-2775d60bb980', 'error_rate_percent', 4.04194654878289, 'percent', '2025-09-04T12:31:15.341316+00:00', '{}'),
    ('ae913631-525f-4345-818e-53a479669b11', 'error_rate_percent', 5.8952803914952, 'percent', '2025-09-04T11:31:15.341316+00:00', '{}'),
    ('69d665fe-b3a5-4d1b-9bd4-a69177e27856', 'error_rate_percent', -4.58046771115197, 'percent', '2025-09-04T10:31:15.341316+00:00', '{}'),
    ('e8a11b71-9cc0-4585-b17e-7888427869b4', 'error_rate_percent', 7.75206887836157, 'percent', '2025-09-04T09:31:15.341316+00:00', '{}'),
    ('19d3dd18-0074-410f-9db2-6dcc6acf7922', 'error_rate_percent', 10.154481459014, 'percent', '2025-09-04T08:31:15.341316+00:00', '{}'),
    ('7622d40a-b4c7-4d48-94ac-ebd0b8dc1775', 'error_rate_percent', -1.6264524637205, 'percent', '2025-09-04T07:31:15.341316+00:00', '{}'),
    ('60662f32-5971-4221-89b8-adfc395d83ee', 'error_rate_percent', 0.0274562104932379, 'percent', '2025-09-04T06:31:15.341316+00:00', '{}'),
    ('0817c4a0-6f78-4af1-b88c-b567d83e87be', 'error_rate_percent', -2.23075023711237, 'percent', '2025-09-04T05:31:15.341316+00:00', '{}'),
    ('f322e216-c79c-4ca9-b486-9b31aff530ee', 'error_rate_percent', 3.26023769720135, 'percent', '2025-09-04T04:31:15.341316+00:00', '{}'),
    ('876b722e-547a-466f-85f7-188bfd2bbe0d', 'error_rate_percent', 6.7082876715486, 'percent', '2025-09-04T03:31:15.341316+00:00', '{}'),
    ('f0b55da4-e29e-48b8-a5d6-0e098be4dc9e', 'error_rate_percent', -5.92117787365733, 'percent', '2025-09-04T02:31:15.341316+00:00', '{}'),
    ('edcf0361-3416-49af-a2f9-5b06bd7f5ec5', 'error_rate_percent', 9.87575305028298, 'percent', '2025-09-04T01:31:15.341316+00:00', '{}'),
    ('4c6346a0-cb5a-4221-b3ec-2b1e5f1746cb', 'error_rate_percent', 4.83397708306325, 'percent', '2025-09-04T00:31:15.341316+00:00', '{}'),
    ('daaa3892-33fd-46ab-b829-ab57d1b0510a', 'error_rate_percent', 5.05466751879133, 'percent', '2025-09-03T23:31:15.341316+00:00', '{}'),
    ('1f8341e1-ba76-432a-a7d7-ab48d83bd453', 'error_rate_percent', 3.90233206663875, 'percent', '2025-09-03T22:31:15.341316+00:00', '{}'),
    ('b59b4126-f101-4e26-a344-35b5d83fd0c9', 'error_rate_percent', -6.49558158902923, 'percent', '2025-09-03T21:31:15.341316+00:00', '{}'),
    ('a5f9ec61-cbc8-4c83-9cea-de67c4eba4d2', 'error_rate_percent', 8.4162282387958, 'percent', '2025-09-03T20:31:15.341316+00:00', '{}'),
    ('641c2942-7349-4cf6-9a8a-11d2d1a73a47', 'error_rate_percent', -8.79524810027753, 'percent', '2025-09-03T19:31:15.341316+00:00', '{}'),
    ('09a49926-af53-444e-a7de-f61939625618', 'error_rate_percent', 1.8415237974993, 'percent', '2025-09-03T18:31:15.341316+00:00', '{}'),
    ('322c822f-a568-4ce2-8244-a77a403f2f10', 'cpu_usage_percent', 33.6840254251763, 'percent', '2025-09-04T17:31:15.341316+00:00', '{}'),
    ('92748aa4-f8fc-4642-979c-362f553273cb', 'cpu_usage_percent', 42.5315572716524, 'percent', '2025-09-04T16:31:15.341316+00:00', '{}'),
    ('69f71178-7873-4a9b-ac18-f66b66084faa', 'cpu_usage_percent', 25.3702471319187, 'percent', '2025-09-04T15:31:15.341316+00:00', '{}'),
    ('51e7d816-8067-4ee0-b5bd-268b64d69c1d', 'cpu_usage_percent', 32.6511007143902, 'percent', '2025-09-04T14:31:15.341316+00:00', '{}'),
    ('653415b9-4565-49f0-a58e-47b243318df1', 'cpu_usage_percent', 32.4731761295789, 'percent', '2025-09-04T13:31:15.341316+00:00', '{}'),
    ('df41177a-9cda-4427-b425-0f868ca1ed7d', 'cpu_usage_percent', 42.1243611151903, 'percent', '2025-09-04T12:31:15.341316+00:00', '{}'),
    ('c66db7f9-c986-4eae-93fd-87dbd1832b63', 'cpu_usage_percent', 30.8589806257225, 'percent', '2025-09-04T11:31:15.341316+00:00', '{}'),
    ('1b765151-ad3a-449c-8d12-f3ecf535d978', 'cpu_usage_percent', 38.9921579345882, 'percent', '2025-09-04T10:31:15.341316+00:00', '{}'),
    ('28aa77de-b431-41b2-9810-6bc0441f8ef0', 'cpu_usage_percent', 30.2922581584364, 'percent', '2025-09-04T09:31:15.341316+00:00', '{}'),
    ('9ce73cfa-5d9b-4c60-8e75-2b799a7b27fc', 'cpu_usage_percent', 32.0189734610933, 'percent', '2025-09-04T08:31:15.341316+00:00', '{}'),
    ('119bdd62-0dbd-421b-8fce-bd20bd35b013', 'cpu_usage_percent', 35.1598718702562, 'percent', '2025-09-04T07:31:15.341316+00:00', '{}'),
    ('7f95d7ae-17ac-4d66-981b-314e5a451e92', 'cpu_usage_percent', 30.4680501029278, 'percent', '2025-09-04T06:31:15.341316+00:00', '{}'),
    ('5a5a7457-1d7a-4723-947f-5b2de91c3a4f', 'cpu_usage_percent', 38.4094368760307, 'percent', '2025-09-04T05:31:15.341316+00:00', '{}'),
    ('9390f662-f1a1-4336-be4e-24773aa99d37', 'cpu_usage_percent', 29.4722924089993, 'percent', '2025-09-04T04:31:15.341316+00:00', '{}'),
    ('8cb968a4-867f-4581-9dd1-38e5881dd495', 'cpu_usage_percent', 39.5170736870606, 'percent', '2025-09-04T03:31:15.341316+00:00', '{}'),
    ('f8e155a1-dae7-42f2-bf93-817790f8fb61', 'cpu_usage_percent', 28.1069895627876, 'percent', '2025-09-04T02:31:15.341316+00:00', '{}'),
    ('93da253d-f421-4c74-a4e3-af18a607bf94', 'cpu_usage_percent', 35.8807178701044, 'percent', '2025-09-04T01:31:15.341316+00:00', '{}'),
    ('6e71d3c2-8415-444c-9744-a437c7c3a5c8', 'cpu_usage_percent', 25.626548799059, 'percent', '2025-09-04T00:31:15.341316+00:00', '{}'),
    ('f80993e0-fde7-4f0e-b8e8-6057584b411d', 'cpu_usage_percent', 39.195031413497, 'percent', '2025-09-03T23:31:15.341316+00:00', '{}'),
    ('20ed2dd1-cad6-42b2-a093-c950737db4e4', 'cpu_usage_percent', 43.9207690674976, 'percent', '2025-09-03T22:31:15.341316+00:00', '{}'),
    ('6b932692-6c0a-4fe1-8ac6-b30194edf402', 'cpu_usage_percent', 42.2499701799454, 'percent', '2025-09-03T21:31:15.341316+00:00', '{}'),
    ('7e7161ca-0524-49a2-ac5a-fbf16dc115b2', 'cpu_usage_percent', 28.0671106478665, 'percent', '2025-09-03T20:31:15.341316+00:00', '{}'),
    ('b59c6923-0336-4ce1-b4dc-956c45c3187a', 'cpu_usage_percent', 44.4010269749843, 'percent', '2025-09-03T19:31:15.341316+00:00', '{}'),
    ('403b782d-bbd3-4e7b-8ea8-c10ef7cbdccd', 'cpu_usage_percent', 43.1558760442642, 'percent', '2025-09-03T18:31:15.341316+00:00', '{}'),
    ('59f3c887-effb-47fb-9c72-d65d76f34506', 'memory_usage_percent', 52.7460197766313, 'percent', '2025-09-04T17:31:15.341316+00:00', '{}'),
    ('4b8a244f-5ff0-400b-af2b-954947ac028e', 'memory_usage_percent', 69.3461633563915, 'percent', '2025-09-04T16:31:15.341316+00:00', '{}'),
    ('16550724-f340-4dc7-a29d-9c4a45aabd91', 'memory_usage_percent', 54.3065436865894, 'percent', '2025-09-04T15:31:15.341316+00:00', '{}'),
    ('70a5da32-9277-48d1-89b5-3aca6c9567bf', 'memory_usage_percent', 61.9236180655459, 'percent', '2025-09-04T14:31:15.341316+00:00', '{}'),
    ('49aa540a-556d-4f51-8998-aff60d400cae', 'memory_usage_percent', 59.8237860298195, 'percent', '2025-09-04T13:31:15.341316+00:00', '{}'),
    ('ba7ab660-7938-4f04-8853-1d18e8a8b024', 'memory_usage_percent', 57.0809007725068, 'percent', '2025-09-04T12:31:15.341316+00:00', '{}'),
    ('9825c496-82d6-4a31-9e29-721d9f91ba61', 'memory_usage_percent', 64.7573699961326, 'percent', '2025-09-04T11:31:15.341316+00:00', '{}'),
    ('49053dd9-d988-4e6e-923b-cca4e9326c01', 'memory_usage_percent', 60.7102002182683, 'percent', '2025-09-04T10:31:15.341316+00:00', '{}');

INSERT INTO "system_metrics" ("id", "metric_name", "metric_value", "metric_unit", "recorded_at", "metadata") VALUES
    ('2002392b-ee7c-4532-ae2c-985cff120777', 'memory_usage_percent', 55.3457417186383, 'percent', '2025-09-04T09:31:15.341316+00:00', '{}'),
    ('a1e11c3e-d544-4036-bfd2-8da2de2857aa', 'memory_usage_percent', 65.6406216807439, 'percent', '2025-09-04T08:31:15.341316+00:00', '{}'),
    ('d4ba922e-9c80-4324-bc31-4ca5ee05ab37', 'memory_usage_percent', 51.9234475562138, 'percent', '2025-09-04T07:31:15.341316+00:00', '{}'),
    ('86ec2e0e-50aa-403f-872b-8b7720ea859e', 'memory_usage_percent', 58.9764879932287, 'percent', '2025-09-04T06:31:15.341316+00:00', '{}'),
    ('8a50da55-f3ba-4fc7-a21c-51c8d8756b00', 'memory_usage_percent', 69.4315540062704, 'percent', '2025-09-04T05:31:15.341316+00:00', '{}'),
    ('bdb425ed-d924-4141-b312-31ae07025fcc', 'memory_usage_percent', 56.9527277611895, 'percent', '2025-09-04T04:31:15.341316+00:00', '{}'),
    ('c24bb0d9-3e6f-419b-9660-ee3695febd2a', 'memory_usage_percent', 51.7313890853981, 'percent', '2025-09-04T03:31:15.341316+00:00', '{}'),
    ('6e5219b9-9067-4955-a731-f1fe88b29cc1', 'memory_usage_percent', 55.5781089524433, 'percent', '2025-09-04T02:31:15.341316+00:00', '{}'),
    ('066ef808-9c75-4ee0-8e31-008d2e2386ba', 'memory_usage_percent', 50.8928054280558, 'percent', '2025-09-04T01:31:15.341316+00:00', '{}'),
    ('d0cdc9dd-997b-4e52-885d-db6a81da65c0', 'memory_usage_percent', 59.105335395446, 'percent', '2025-09-04T00:31:15.341316+00:00', '{}'),
    ('6c06d73b-70a9-4aae-b2d5-6b43c9e549b2', 'memory_usage_percent', 65.5742990648663, 'percent', '2025-09-03T23:31:15.341316+00:00', '{}'),
    ('8e3bb063-22fc-4986-ba86-e4093a0df8e1', 'memory_usage_percent', 56.8060910462276, 'percent', '2025-09-03T22:31:15.341316+00:00', '{}'),
    ('ad150b57-f316-4193-8ca9-2001d9d256b5', 'memory_usage_percent', 61.1216036374465, 'percent', '2025-09-03T21:31:15.341316+00:00', '{}'),
    ('10e743c8-8946-4168-bee4-1f2adb0c1c46', 'memory_usage_percent', 64.9393516066911, 'percent', '2025-09-03T20:31:15.341316+00:00', '{}'),
    ('805ba2f7-c8ba-4b2a-98d3-36fac5a3f289', 'memory_usage_percent', 64.4672794321708, 'percent', '2025-09-03T19:31:15.341316+00:00', '{}'),
    ('2ef57fd6-381e-41df-a014-554b89d584d8', 'memory_usage_percent', 65.7062120929807, 'percent', '2025-09-03T18:31:15.341316+00:00', '{}'),
    ('4f7a85d2-414b-4a34-914a-e5db2b0c4c89', 'active_connections', 43.301935424542, 'count', '2025-09-04T17:31:15.341316+00:00', '{}'),
    ('8d2f12fd-5467-440f-847e-9365a9bc149e', 'active_connections', 50.2495341822609, 'count', '2025-09-04T16:31:15.341316+00:00', '{}'),
    ('8827379b-cc17-4529-93e6-ae4151ddae02', 'active_connections', 43.4849723734102, 'count', '2025-09-04T15:31:15.341316+00:00', '{}'),
    ('de1fdd90-d99a-4fcc-b171-4dd6215ffc04', 'active_connections', 37.6164122838636, 'count', '2025-09-04T14:31:15.341316+00:00', '{}'),
    ('af71adbc-2f18-42ed-9df1-c3d4db114347', 'active_connections', 42.8204890932238, 'count', '2025-09-04T13:31:15.341316+00:00', '{}'),
    ('ff4c907f-9813-4cf2-b0b5-ade1b78018c7', 'active_connections', 45.9677903865809, 'count', '2025-09-04T12:31:15.341316+00:00', '{}'),
    ('5d630308-98f4-490f-aedf-e4d2d09c69c1', 'active_connections', 49.9620159631942, 'count', '2025-09-04T11:31:15.341316+00:00', '{}'),
    ('e933dde5-8b17-4f97-b9c6-83101dc36f77', 'active_connections', 38.0889920912346, 'count', '2025-09-04T10:31:15.341316+00:00', '{}'),
    ('627346a5-235a-4e5a-8f4f-496f665e2cf7', 'active_connections', 35.3514869184128, 'count', '2025-09-04T09:31:15.341316+00:00', '{}'),
    ('8181fc5e-842b-4ab3-ac2b-019b4f70d4ab', 'active_connections', 54.6020892380953, 'count', '2025-09-04T08:31:15.341316+00:00', '{}'),
    ('8a67dc41-77af-4bdc-b93f-b30d3fc212da', 'active_connections', 48.677907247479, 'count', '2025-09-04T07:31:15.341316+00:00', '{}'),
    ('6689512d-1027-46d6-a919-e46e9d490ed0', 'active_connections', 53.4212081837061, 'count', '2025-09-04T06:31:15.341316+00:00', '{}'),
    ('efc87f2b-bf12-4665-b570-13db15e10825', 'active_connections', 52.3177267172532, 'count', '2025-09-04T05:31:15.341316+00:00', '{}'),
    ('fe35d403-c8d0-413e-b630-e7912b1d482d', 'active_connections', 54.1843242911372, 'count', '2025-09-04T04:31:15.341316+00:00', '{}'),
    ('ec9a94fc-089c-4b0c-8c72-964a0411b584', 'active_connections', 47.4674941882664, 'count', '2025-09-04T03:31:15.341316+00:00', '{}'),
    ('5882954b-178d-4071-9071-db0c699df6a3', 'active_connections', 50.2057714600163, 'count', '2025-09-04T02:31:15.341316+00:00', '{}'),
    ('674f56cb-0ddb-4a8c-aba2-8564c86f5592', 'active_connections', 37.3288846902623, 'count', '2025-09-04T01:31:15.341316+00:00', '{}'),
    ('5e7d21c8-66a2-40e7-8246-182d12546d49', 'active_connections', 41.0525072810353, 'count', '2025-09-04T00:31:15.341316+00:00', '{}'),
    ('88df42c5-c614-46b0-b1f2-631c4d455479', 'active_connections', 51.8698092638258, 'count', '2025-09-03T23:31:15.341316+00:00', '{}'),
    ('8da55460-bb54-4943-9db0-24c05561a4e5', 'active_connections', 50.0323485245356, 'count', '2025-09-03T22:31:15.341316+00:00', '{}'),
    ('70e1aeab-bb84-458a-a7b3-9a50b05aaa8e', 'active_connections', 46.1107179513519, 'count', '2025-09-03T21:31:15.341316+00:00', '{}'),
    ('6ddc0d99-7132-4b8c-a1b5-d44a5ab7d5ba', 'active_connections', 44.0637668443312, 'count', '2025-09-03T20:31:15.341316+00:00', '{}'),
    ('5476a1ef-76d8-43a6-b459-1962eb97dd2d', 'active_connections', 40.4305134956983, 'count', '2025-09-03T19:31:15.341316+00:00', '{}'),
    ('02dd960b-72a8-4aa4-b136-5ccc65248a22', 'active_connections', 38.9403805962462, 'count', '2025-09-03T18:31:15.341316+00:00', '{}'),
    ('3941568e-937d-4c05-8898-d0d56edcde12', 'response_time_ms', 143.663910036577, 'milliseconds', '2025-09-04T17:31:15.341316+00:00', '{}'),
    ('b7a7727f-4da4-4b45-bb8b-ad77388dbcf8', 'response_time_ms', 159.572685707659, 'milliseconds', '2025-09-04T16:31:15.341316+00:00', '{}'),
    ('121310d2-2246-4afa-8ae9-251bd277216c', 'response_time_ms', 156.641772924702, 'milliseconds', '2025-09-04T15:31:15.341316+00:00', '{}'),
    ('83ff6e37-bcc0-4bfe-92a2-cbc418b735da', 'response_time_ms', 142.118934563374, 'milliseconds', '2025-09-04T14:31:15.341316+00:00', '{}'),
    ('5b4a8533-3099-460f-9985-d800f5de1455', 'response_time_ms', 149.897490407872, 'milliseconds', '2025-09-04T13:31:15.341316+00:00', '{}'),
    ('2471dd24-f973-4db3-a17a-a917134c5777', 'response_time_ms', 154.096050933925, 'milliseconds', '2025-09-04T12:31:15.341316+00:00', '{}'),
    ('e15ef78f-f0e1-432f-9874-821daf686591', 'response_time_ms', 140.277154279086, 'milliseconds', '2025-09-04T11:31:15.341316+00:00', '{}'),
    ('744dea23-d702-4b70-b58c-9ea4f78847be', 'response_time_ms', 146.232852220856, 'milliseconds', '2025-09-04T10:31:15.341316+00:00', '{}'),
    ('574af528-e0b9-4cff-b4fa-cd1868b5562b', 'response_time_ms', 144.205247199686, 'milliseconds', '2025-09-04T09:31:15.341316+00:00', '{}'),
    ('078d4630-2788-4ad5-a5ff-697ba41d9b3a', 'response_time_ms', 145.69594263708, 'milliseconds', '2025-09-04T08:31:15.341316+00:00', '{}'),
    ('e46dedbc-d483-40aa-a891-33e4feb20aeb', 'response_time_ms', 149.470840823877, 'milliseconds', '2025-09-04T07:31:15.341316+00:00', '{}'),
    ('737f91b6-5bbf-490c-91aa-776c6696995c', 'response_time_ms', 142.366762774003, 'milliseconds', '2025-09-04T06:31:15.341316+00:00', '{}'),
    ('a9ffe924-d45b-47c3-9386-623a3ca3e7ee', 'response_time_ms', 151.63391675318, 'milliseconds', '2025-09-04T05:31:15.341316+00:00', '{}'),
    ('1f2aaa57-6a6d-4daf-aa6c-16fe417896dd', 'response_time_ms', 147.179478626535, 'milliseconds', '2025-09-04T04:31:15.341316+00:00', '{}'),
    ('8cf22f64-44d4-487c-814e-71aa85d302af', 'response_time_ms', 152.134547080499, 'milliseconds', '2025-09-04T03:31:15.341316+00:00', '{}'),
    ('d0098085-8c4c-46ff-9fee-af3a0ebd57ff', 'response_time_ms', 154.986723244075, 'milliseconds', '2025-09-04T02:31:15.341316+00:00', '{}'),
    ('b6eeff9d-0012-4070-82aa-8b851148d689', 'response_time_ms', 157.532429090439, 'milliseconds', '2025-09-04T01:31:15.341316+00:00', '{}'),
    ('9085c571-e5a9-41ab-ab7a-7927c3fdbc08', 'response_time_ms', 145.435062489626, 'milliseconds', '2025-09-04T00:31:15.341316+00:00', '{}'),
    ('1eceafa8-6225-4db6-bf13-4a9529dce41f', 'response_time_ms', 143.873626692778, 'milliseconds', '2025-09-03T23:31:15.341316+00:00', '{}'),
    ('ff188673-5b4d-43fe-a802-d524eec67ab2', 'response_time_ms', 155.204963694365, 'milliseconds', '2025-09-03T22:31:15.341316+00:00', '{}'),
    ('099eaef7-e3fc-4fda-ac7b-d01129e7c769', 'response_time_ms', 147.816620081395, 'milliseconds', '2025-09-03T21:31:15.341316+00:00', '{}'),
    ('f73e1ce1-4c13-4ced-a86a-72f0e599c691', 'response_time_ms', 156.894578422311, 'milliseconds', '2025-09-03T20:31:15.341316+00:00', '{}'),
    ('5334b521-3575-48a2-a777-5e790cf2a99f', 'response_time_ms', 143.920697609306, 'milliseconds', '2025-09-03T19:31:15.341316+00:00', '{}'),
    ('4dd6ff4c-dee3-4ca7-b423-c9e677679450', 'response_time_ms', 147.146148181455, 'milliseconds', '2025-09-03T18:31:15.341316+00:00', '{}'),
    ('afeb35ce-2c71-467e-bfd1-e5ba00596df1', 'error_rate_percent', 2.83461088254264, 'percent', '2025-09-04T17:31:15.341316+00:00', '{}'),
    ('bd86b695-2a18-4cd6-8b53-c8af212f6960', 'error_rate_percent', 5.01046686131419, 'percent', '2025-09-04T16:31:15.341316+00:00', '{}'),
    ('2b81c83f-d38c-4577-8293-56735fb72365', 'error_rate_percent', 8.88416067262072, 'percent', '2025-09-04T15:31:15.341316+00:00', '{}'),
    ('ea34d29e-efcd-4ce5-9b2e-df5f5d7ec142', 'error_rate_percent', -7.85697429655541, 'percent', '2025-09-04T14:31:15.341316+00:00', '{}'),
    ('da10aa43-a570-4aaa-951f-525510b8347c', 'error_rate_percent', -5.40907496277737, 'percent', '2025-09-04T13:31:15.341316+00:00', '{}'),
    ('ba1fbbfe-8bce-4cce-99a1-2d8b21cd545d', 'error_rate_percent', -0.649034083091657, 'percent', '2025-09-04T12:31:15.341316+00:00', '{}'),
    ('29cb1662-ecea-48bc-85f7-25f6e7978b24', 'error_rate_percent', 7.25174121680615, 'percent', '2025-09-04T11:31:15.341316+00:00', '{}'),
    ('7b1fc1a6-3728-4150-afd1-a006ce1367e8', 'error_rate_percent', 2.81731312766978, 'percent', '2025-09-04T10:31:15.341316+00:00', '{}'),
    ('8e6585d2-30c1-43ab-b502-fcbe6fbe6091', 'error_rate_percent', -2.8147306354804, 'percent', '2025-09-04T09:31:15.341316+00:00', '{}'),
    ('a66c66ed-3abd-4915-8e23-0c9648b91302', 'error_rate_percent', -2.63854332567212, 'percent', '2025-09-04T08:31:15.341316+00:00', '{}'),
    ('846fb870-7df6-4c04-b254-29867f9ae2e6', 'error_rate_percent', 1.20749689916335, 'percent', '2025-09-04T07:31:15.341316+00:00', '{}'),
    ('c4a81904-fd34-4ee6-93a1-43e4ceed9a7e', 'error_rate_percent', -3.02559524279505, 'percent', '2025-09-04T06:31:15.341316+00:00', '{}'),
    ('1db4ea29-0b6e-4f6f-855e-6f39d8bb2c9c', 'error_rate_percent', 6.56587061002826, 'percent', '2025-09-04T05:31:15.341316+00:00', '{}'),
    ('062bd050-fd45-4f62-8d98-55a9ce5dee8f', 'error_rate_percent', -6.42235511016983, 'percent', '2025-09-04T04:31:15.341316+00:00', '{}'),
    ('993d496c-708e-47fe-8f59-b8569d4105ab', 'error_rate_percent', -3.31898237461521, 'percent', '2025-09-04T03:31:15.341316+00:00', '{}'),
    ('b6ffbc76-f20e-4e21-9778-e4e4632c7b63', 'error_rate_percent', -3.35427771371626, 'percent', '2025-09-04T02:31:15.341316+00:00', '{}'),
    ('89b9dacb-439f-4b67-90e0-cc483fbab054', 'error_rate_percent', 4.79697690840752, 'percent', '2025-09-04T01:31:15.341316+00:00', '{}'),
    ('edcb4733-a4f6-413a-9c3a-1cc37b1d7961', 'error_rate_percent', 2.65644502628652, 'percent', '2025-09-04T00:31:15.341316+00:00', '{}'),
    ('3fd3559c-bb07-4194-9b80-34b0483e7eb8', 'error_rate_percent', 5.64284785566854, 'percent', '2025-09-03T23:31:15.341316+00:00', '{}'),
    ('5fd4d1a7-3317-4e6e-a444-a82226773d7d', 'error_rate_percent', -7.00957057216163, 'percent', '2025-09-03T22:31:15.341316+00:00', '{}'),
    ('7495b455-53cb-47bd-a8c4-7282a5d1a4b5', 'error_rate_percent', 0.947675643937835, 'percent', '2025-09-03T21:31:15.341316+00:00', '{}'),
    ('246f6565-ab89-4a78-a3d8-36f092fe28f0', 'error_rate_percent', -0.590525747056379, 'percent', '2025-09-03T20:31:15.341316+00:00', '{}'),
    ('66c4b845-e002-4692-a932-ba96e569e6a3', 'error_rate_percent', 5.83711392841667, 'percent', '2025-09-03T19:31:15.341316+00:00', '{}'),
    ('7f8cc9bd-3276-43c0-bfaf-4aebb47529d0', 'error_rate_percent', 4.63968122113541, 'percent', '2025-09-03T18:31:15.341316+00:00', '{}'),
    ('f76a0678-e243-40d7-a0c9-ef9a40ca7293', 'cpu_usage_percent', 44.608671504912, 'percent', '2025-09-04T17:31:15.341316+00:00', '{}'),
    ('780c95ac-e939-4ff9-8136-8a8cff94fc6d', 'cpu_usage_percent', 39.3512966644862, 'percent', '2025-09-04T16:31:15.341316+00:00', '{}'),
    ('f995dfe0-34f0-46c8-9924-d9ea6deac33f', 'cpu_usage_percent', 28.5020248198862, 'percent', '2025-09-04T15:31:15.341316+00:00', '{}'),
    ('448bf16a-27db-47fb-b5b6-9eedae4b1db9', 'cpu_usage_percent', 32.465402890263, 'percent', '2025-09-04T14:31:15.341316+00:00', '{}'),
    ('6e2e862a-8661-4818-a815-04902219933c', 'cpu_usage_percent', 25.5704868469361, 'percent', '2025-09-04T13:31:15.341316+00:00', '{}'),
    ('db8b215a-f7a0-412d-b275-2d1d7d2436f6', 'cpu_usage_percent', 27.2123121900992, 'percent', '2025-09-04T12:31:15.341316+00:00', '{}'),
    ('8d824325-24e5-4cdf-84d7-06113a68ace9', 'cpu_usage_percent', 25.0430327592011, 'percent', '2025-09-04T11:31:15.341316+00:00', '{}'),
    ('84c846ed-32d2-4ee0-ad95-877de2d760fc', 'cpu_usage_percent', 36.3705366100121, 'percent', '2025-09-04T10:31:15.341316+00:00', '{}'),
    ('ee821189-81d3-4901-ac9e-8fc1ed5de08f', 'cpu_usage_percent', 44.6515733801481, 'percent', '2025-09-04T09:31:15.341316+00:00', '{}'),
    ('92f95492-6383-4e41-b520-dd2d87f03e91', 'cpu_usage_percent', 27.055582323646, 'percent', '2025-09-04T08:31:15.341316+00:00', '{}'),
    ('7cb26c3c-683f-4a12-aa91-f1521aad2c88', 'cpu_usage_percent', 42.4127675610337, 'percent', '2025-09-04T07:31:15.341316+00:00', '{}'),
    ('56a72246-bbd5-4343-a3bc-a62f0148855e', 'cpu_usage_percent', 40.0861030119628, 'percent', '2025-09-04T06:31:15.341316+00:00', '{}');

INSERT INTO "system_metrics" ("id", "metric_name", "metric_value", "metric_unit", "recorded_at", "metadata") VALUES
    ('b5314f62-a010-4223-8a11-ebf8dc75dcfb', 'cpu_usage_percent', 43.3827988328627, 'percent', '2025-09-04T05:31:15.341316+00:00', '{}'),
    ('43b77208-1274-4aff-bd72-1d4deb3c9a56', 'cpu_usage_percent', 27.6336540567595, 'percent', '2025-09-04T04:31:15.341316+00:00', '{}'),
    ('f8386496-bb85-4f96-adac-d7a5421b7a7a', 'cpu_usage_percent', 36.6560412010457, 'percent', '2025-09-04T03:31:15.341316+00:00', '{}'),
    ('39c805f0-af3c-44da-be61-f253c2500743', 'cpu_usage_percent', 43.858696317383, 'percent', '2025-09-04T02:31:15.341316+00:00', '{}'),
    ('56ae2098-6258-496c-a0b8-bde090d6d874', 'cpu_usage_percent', 42.2753528474242, 'percent', '2025-09-04T01:31:15.341316+00:00', '{}'),
    ('3af55ddb-196e-4a24-b4f4-cda26446e9ab', 'cpu_usage_percent', 31.6567658587181, 'percent', '2025-09-04T00:31:15.341316+00:00', '{}'),
    ('1dc210fc-fa6e-44dd-928e-1e263a260ce3', 'cpu_usage_percent', 35.933763950164, 'percent', '2025-09-03T23:31:15.341316+00:00', '{}'),
    ('d7fc4c15-d283-4a99-99b0-fd6ae7c9ab07', 'cpu_usage_percent', 33.4243214787077, 'percent', '2025-09-03T22:31:15.341316+00:00', '{}'),
    ('cef70e19-db3a-435d-bffc-87403ef8ff30', 'cpu_usage_percent', 31.7564840822973, 'percent', '2025-09-03T21:31:15.341316+00:00', '{}'),
    ('6f04f7ac-09df-4666-ae3f-17b97ed36e1c', 'cpu_usage_percent', 40.0139877480259, 'percent', '2025-09-03T20:31:15.341316+00:00', '{}'),
    ('685464e9-6b74-4e01-9258-1e29d2b53f21', 'cpu_usage_percent', 36.6204702899874, 'percent', '2025-09-03T19:31:15.341316+00:00', '{}'),
    ('2a3f5af3-15ac-4856-b50a-4b83a334451d', 'cpu_usage_percent', 31.9062760682633, 'percent', '2025-09-03T18:31:15.341316+00:00', '{}'),
    ('fb14870a-fa4c-4a7d-886a-b82e3761ec77', 'memory_usage_percent', 51.4680369814217, 'percent', '2025-09-04T17:31:15.341316+00:00', '{}'),
    ('5c32e772-88c1-472a-abd1-d1b9a8c61ef7', 'memory_usage_percent', 69.7948632526403, 'percent', '2025-09-04T16:31:15.341316+00:00', '{}'),
    ('9dae19c0-0ecd-47dc-9242-9fc4acadcf5d', 'memory_usage_percent', 63.8562890475454, 'percent', '2025-09-04T15:31:15.341316+00:00', '{}'),
    ('1416a890-df82-411a-a6cd-98ca4badc7a4', 'memory_usage_percent', 66.1564871816279, 'percent', '2025-09-04T14:31:15.341316+00:00', '{}'),
    ('a843eaa5-e3ee-4e74-b53b-80617255cf86', 'memory_usage_percent', 59.0724947581206, 'percent', '2025-09-04T13:31:15.341316+00:00', '{}'),
    ('e786d212-ab4a-4405-9c3e-c1adb1db807e', 'memory_usage_percent', 58.4681226615965, 'percent', '2025-09-04T12:31:15.341316+00:00', '{}'),
    ('92055114-6237-4b23-b95f-d25bdcc84288', 'memory_usage_percent', 52.7152536151118, 'percent', '2025-09-04T11:31:15.341316+00:00', '{}'),
    ('338fd932-6cdb-435b-ae99-a338b59803fa', 'memory_usage_percent', 55.927006411092, 'percent', '2025-09-04T10:31:15.341316+00:00', '{}'),
    ('a969b867-d546-46a5-a5d7-fe3f47e01bca', 'memory_usage_percent', 50.6115859318381, 'percent', '2025-09-04T09:31:15.341316+00:00', '{}'),
    ('a417f6d5-6f5b-492e-b5f4-bc4d8cf1c916', 'memory_usage_percent', 69.3676665492813, 'percent', '2025-09-04T08:31:15.341316+00:00', '{}'),
    ('c77277b4-74a2-4717-8ff6-51fd139171c9', 'memory_usage_percent', 60.7545476156663, 'percent', '2025-09-04T07:31:15.341316+00:00', '{}'),
    ('3870fb28-bf7d-447e-8867-ee579ed8ed40', 'memory_usage_percent', 60.1273921158331, 'percent', '2025-09-04T06:31:15.341316+00:00', '{}'),
    ('ef9590c7-cd10-4ca0-9a3f-8b7d02e0b1c7', 'memory_usage_percent', 68.6115616140286, 'percent', '2025-09-04T05:31:15.341316+00:00', '{}'),
    ('02af4996-363b-4f76-8c7f-1069ffe371a5', 'memory_usage_percent', 53.6435710261033, 'percent', '2025-09-04T04:31:15.341316+00:00', '{}'),
    ('4eae3bc3-63f1-487d-a1fe-d7c31d7a5a8e', 'memory_usage_percent', 52.9574987258264, 'percent', '2025-09-04T03:31:15.341316+00:00', '{}'),
    ('25d26074-69e7-47b9-a810-968b2d5dfaf4', 'memory_usage_percent', 67.8182961537573, 'percent', '2025-09-04T02:31:15.341316+00:00', '{}'),
    ('89496bc7-97b1-4af8-aedb-c6748dbfe70d', 'memory_usage_percent', 55.2525249540622, 'percent', '2025-09-04T01:31:15.341316+00:00', '{}'),
    ('f152a547-023e-4dc9-b6e1-dff6700dc79b', 'memory_usage_percent', 60.7186047062949, 'percent', '2025-09-04T00:31:15.341316+00:00', '{}'),
    ('7cbb34d1-a6bf-4a51-9cc5-61d9c3ee747d', 'memory_usage_percent', 54.354542179725, 'percent', '2025-09-03T23:31:15.341316+00:00', '{}'),
    ('82f6e954-e951-4748-a707-1b3f9add4183', 'memory_usage_percent', 58.6816258782407, 'percent', '2025-09-03T22:31:15.341316+00:00', '{}'),
    ('f41e7d34-7470-40d6-b7d8-a2028896eb4d', 'memory_usage_percent', 58.0511405372414, 'percent', '2025-09-03T21:31:15.341316+00:00', '{}'),
    ('1c2e5bab-ef7c-49fb-9ba4-72a9ba5a34b9', 'memory_usage_percent', 50.649523704956, 'percent', '2025-09-03T20:31:15.341316+00:00', '{}'),
    ('e0667f16-1629-4431-9f4a-742884835ea5', 'memory_usage_percent', 58.3212830907769, 'percent', '2025-09-03T19:31:15.341316+00:00', '{}'),
    ('56dd08ba-b38f-4c34-8b33-7a6f97a61247', 'memory_usage_percent', 66.9730967523829, 'percent', '2025-09-03T18:31:15.341316+00:00', '{}'),
    ('dd9deaaa-45de-4a1c-837d-7ab48c3b3170', 'active_connections', 48.8058362267612, 'count', '2025-09-04T17:31:15.341316+00:00', '{}'),
    ('b10909d3-428a-4057-815d-de975fe2f48d', 'active_connections', 50.0208037133227, 'count', '2025-09-04T16:31:15.341316+00:00', '{}'),
    ('6b018dec-5c99-48b3-975a-1d90b91e31dc', 'active_connections', 47.2259909422918, 'count', '2025-09-04T15:31:15.341316+00:00', '{}'),
    ('ebbdbd9b-2079-40d4-8d65-0237a0917e3c', 'active_connections', 54.8103533298061, 'count', '2025-09-04T14:31:15.341316+00:00', '{}'),
    ('7bad0585-3355-4f24-8316-f6298672f1a2', 'active_connections', 53.4587333303432, 'count', '2025-09-04T13:31:15.341316+00:00', '{}'),
    ('1a784946-f958-4bf5-8c6e-3011f1d7ba6e', 'active_connections', 47.6310608527151, 'count', '2025-09-04T12:31:15.341316+00:00', '{}'),
    ('b64c0ab9-b617-4228-a68f-eeff07cbb7e1', 'active_connections', 35.1193101565652, 'count', '2025-09-04T11:31:15.341316+00:00', '{}'),
    ('6b944507-6088-454b-a103-8af19f1685e7', 'active_connections', 42.0666561550252, 'count', '2025-09-04T10:31:15.341316+00:00', '{}'),
    ('492dfca1-fc8c-43c3-a42a-b28489ffe28c', 'active_connections', 46.390532773809, 'count', '2025-09-04T09:31:15.341316+00:00', '{}'),
    ('8a42f37b-4b73-47f9-9337-44d76864d833', 'active_connections', 41.2080030873637, 'count', '2025-09-04T08:31:15.341316+00:00', '{}'),
    ('21c791a5-2807-4bdc-af1d-b5c23772af3d', 'active_connections', 53.1329177472918, 'count', '2025-09-04T07:31:15.341316+00:00', '{}'),
    ('e40cb182-b230-4242-8772-dd082126cb28', 'active_connections', 37.8184592526004, 'count', '2025-09-04T06:31:15.341316+00:00', '{}'),
    ('ec9d2859-da64-4c1c-85dd-63670e90a4dd', 'active_connections', 46.0103414205658, 'count', '2025-09-04T05:31:15.341316+00:00', '{}'),
    ('a96fdc86-786c-40c8-87d6-e4eb6d79db75', 'active_connections', 54.4132892662914, 'count', '2025-09-04T04:31:15.341316+00:00', '{}'),
    ('98fc1bc9-1092-4277-91bf-bb3ba8d223a9', 'active_connections', 47.9627698669459, 'count', '2025-09-04T03:31:15.341316+00:00', '{}'),
    ('65fc4b2f-93dd-454d-bdc3-47b549c8e85c', 'active_connections', 47.4991508784189, 'count', '2025-09-04T02:31:15.341316+00:00', '{}'),
    ('bddf72d6-0664-47a4-901d-b1067db54792', 'active_connections', 42.4854686373212, 'count', '2025-09-04T01:31:15.341316+00:00', '{}'),
    ('df41b0de-f6f4-4973-a282-17aa0a798c3d', 'active_connections', 45.7127029108375, 'count', '2025-09-04T00:31:15.341316+00:00', '{}'),
    ('8dfb69a9-b0b0-40bd-9a73-625c249d47df', 'active_connections', 35.0311231724097, 'count', '2025-09-03T23:31:15.341316+00:00', '{}'),
    ('fd4dc6f7-ccbd-4463-835e-e4d7d5015152', 'active_connections', 49.4484660527936, 'count', '2025-09-03T22:31:15.341316+00:00', '{}'),
    ('6b7b8200-4829-4478-907c-8e7a4d43b6b8', 'active_connections', 39.8447241894331, 'count', '2025-09-03T21:31:15.341316+00:00', '{}'),
    ('226a59ac-52e2-4de4-8371-bad74e89c52e', 'active_connections', 42.2564652772552, 'count', '2025-09-03T20:31:15.341316+00:00', '{}'),
    ('ff16acd7-8c30-497b-aa6e-2b4f5bc27b41', 'active_connections', 48.7497978290279, 'count', '2025-09-03T19:31:15.341316+00:00', '{}'),
    ('740d57eb-ce6c-4cd7-835a-762a815f4c1e', 'active_connections', 44.4212286010569, 'count', '2025-09-03T18:31:15.341316+00:00', '{}'),
    ('4395bd49-b917-4857-9863-34fb6fe6bdb0', 'response_time_ms', 146.099929276267, 'milliseconds', '2025-09-04T17:31:15.341316+00:00', '{}'),
    ('a909c6c3-a08e-4a85-baed-ba8066dea7a1', 'response_time_ms', 153.849834383424, 'milliseconds', '2025-09-04T16:31:15.341316+00:00', '{}'),
    ('b1b99e2c-cd86-43b5-b353-dfd168ede3e9', 'response_time_ms', 144.842142624614, 'milliseconds', '2025-09-04T15:31:15.341316+00:00', '{}'),
    ('6517a2f3-470e-47cd-965f-d0573ffc9e16', 'response_time_ms', 149.095786077503, 'milliseconds', '2025-09-04T14:31:15.341316+00:00', '{}'),
    ('3b6dea33-0800-4c1a-b147-a34f3adab48c', 'response_time_ms', 142.206559407253, 'milliseconds', '2025-09-04T13:31:15.341316+00:00', '{}'),
    ('4d3500ae-bf74-4f50-b47f-98fa35157e45', 'response_time_ms', 146.655619025788, 'milliseconds', '2025-09-04T12:31:15.341316+00:00', '{}'),
    ('77866dfa-1001-4964-ba5d-47e5dfb9f859', 'response_time_ms', 151.384110720049, 'milliseconds', '2025-09-04T11:31:15.341316+00:00', '{}'),
    ('9d2d18fa-0df6-4173-86d0-99a56a5cb0a6', 'response_time_ms', 144.857708718671, 'milliseconds', '2025-09-04T10:31:15.341316+00:00', '{}'),
    ('3772e5df-a54b-4edc-99f3-ca1ad82a3fe8', 'response_time_ms', 149.90365808343, 'milliseconds', '2025-09-04T09:31:15.341316+00:00', '{}'),
    ('173f385b-fd28-4b9c-8d25-f9e41036c29b', 'response_time_ms', 149.766901338563, 'milliseconds', '2025-09-04T08:31:15.341316+00:00', '{}'),
    ('3fcecb35-aeb7-4460-93e5-c31facb6d968', 'response_time_ms', 145.280764896033, 'milliseconds', '2025-09-04T07:31:15.341316+00:00', '{}'),
    ('71befdb5-8185-4a92-a1ab-80bae325b0cf', 'response_time_ms', 140.119116059464, 'milliseconds', '2025-09-04T06:31:15.341316+00:00', '{}'),
    ('44071566-71db-4162-a428-1650223ac385', 'response_time_ms', 144.389374543294, 'milliseconds', '2025-09-04T05:31:15.341316+00:00', '{}'),
    ('e418b3c4-3f89-4598-be3e-2e06fc204294', 'response_time_ms', 153.249524011614, 'milliseconds', '2025-09-04T04:31:15.341316+00:00', '{}'),
    ('5ab3cf3d-c264-4507-aa9c-0fba4eb42bbe', 'response_time_ms', 143.537374015564, 'milliseconds', '2025-09-04T03:31:15.341316+00:00', '{}'),
    ('4a563abb-c926-48d7-98ef-898bd64047b1', 'response_time_ms', 149.990507667487, 'milliseconds', '2025-09-04T02:31:15.341316+00:00', '{}'),
    ('b6b1d1fe-1d31-48ea-bb8b-efa88d88cb75', 'response_time_ms', 144.613889228276, 'milliseconds', '2025-09-04T01:31:15.341316+00:00', '{}'),
    ('642a0a51-fde4-4f89-a812-74c1996bc62a', 'response_time_ms', 157.148303709866, 'milliseconds', '2025-09-04T00:31:15.341316+00:00', '{}'),
    ('e1221eeb-9a98-41a3-883a-c7fa6ed3db48', 'response_time_ms', 148.043892949201, 'milliseconds', '2025-09-03T23:31:15.341316+00:00', '{}'),
    ('da61b12e-8288-434c-ad3f-e4dcc5e8ec22', 'response_time_ms', 154.389120302115, 'milliseconds', '2025-09-03T22:31:15.341316+00:00', '{}'),
    ('adba270e-33b5-40b5-8042-a28fd3ca74c4', 'response_time_ms', 155.436972757334, 'milliseconds', '2025-09-03T21:31:15.341316+00:00', '{}'),
    ('c83d0a9d-8fd9-43cd-a46f-623ca465e4e4', 'response_time_ms', 155.35173044776, 'milliseconds', '2025-09-03T20:31:15.341316+00:00', '{}'),
    ('08e58db8-7031-4c6a-9fd9-37574ba32729', 'response_time_ms', 140.43396001405, 'milliseconds', '2025-09-03T19:31:15.341316+00:00', '{}'),
    ('73145be2-f33d-4840-a334-5fc335280063', 'response_time_ms', 142.859581096592, 'milliseconds', '2025-09-03T18:31:15.341316+00:00', '{}'),
    ('bb9e9937-362a-4442-a5ff-c40bd153b5dd', 'error_rate_percent', 3.40526714026342, 'percent', '2025-09-04T17:31:15.341316+00:00', '{}'),
    ('7f922b23-4a9c-492b-a30b-7f09f1973131', 'error_rate_percent', 5.0638433425341, 'percent', '2025-09-04T16:31:15.341316+00:00', '{}'),
    ('61f3829e-dd79-4a0c-b516-e96de0ecf973', 'error_rate_percent', -0.56756053380909, 'percent', '2025-09-04T15:31:15.341316+00:00', '{}'),
    ('d2bf60f7-b3ba-4e6f-b65e-a6b72746a9fc', 'error_rate_percent', -6.96053616813789, 'percent', '2025-09-04T14:31:15.341316+00:00', '{}'),
    ('6b5ffc3e-cf83-44e8-8f39-dfc162eb2583', 'error_rate_percent', 9.57785578141324, 'percent', '2025-09-04T13:31:15.341316+00:00', '{}'),
    ('db80bfc4-44a4-4f0a-9982-5d4ec909c862', 'error_rate_percent', 5.05058063060145, 'percent', '2025-09-04T12:31:15.341316+00:00', '{}'),
    ('ec745620-9252-4e87-99ab-e656bf296d72', 'error_rate_percent', 2.29975233083158, 'percent', '2025-09-04T11:31:15.341316+00:00', '{}'),
    ('3cf9e293-cd63-4e63-a9d0-781e190970ea', 'error_rate_percent', 3.57631143639396, 'percent', '2025-09-04T10:31:15.341316+00:00', '{}'),
    ('74e600e2-f74e-48e7-9b3e-c7a218cbbe99', 'error_rate_percent', 8.3733647755476, 'percent', '2025-09-04T09:31:15.341316+00:00', '{}'),
    ('9e1cd4d7-17aa-4396-a78c-be58b9da3ed9', 'error_rate_percent', 0.0180598600143274, 'percent', '2025-09-04T08:31:15.341316+00:00', '{}'),
    ('11dbba32-1155-42c9-b37f-cfe6a0d1d026', 'error_rate_percent', 6.23650787505242, 'percent', '2025-09-04T07:31:15.341316+00:00', '{}'),
    ('aab16e00-534d-49f9-9885-e33d009f6205', 'error_rate_percent', -5.79262108370615, 'percent', '2025-09-04T06:31:15.341316+00:00', '{}'),
    ('0747e34d-b44a-439c-aad2-0de220f54627', 'error_rate_percent', 4.53947218852167, 'percent', '2025-09-04T05:31:15.341316+00:00', '{}'),
    ('ed4bbb82-eb03-4984-bb5f-34d29d40a65d', 'error_rate_percent', -6.77906168365135, 'percent', '2025-09-04T04:31:15.341316+00:00', '{}'),
    ('37e3a369-8a63-45c8-8d67-38dcadf3fb81', 'error_rate_percent', 8.05511289619435, 'percent', '2025-09-04T03:31:15.341316+00:00', '{}'),
    ('7da1eb81-cde6-47f9-815a-f6dcfd341d26', 'error_rate_percent', -2.66106819801473, 'percent', '2025-09-04T02:31:15.341316+00:00', '{}');

INSERT INTO "system_metrics" ("id", "metric_name", "metric_value", "metric_unit", "recorded_at", "metadata") VALUES
    ('f1cb09f8-e4de-4e78-b842-fea9c23e044f', 'error_rate_percent', 7.02041471717328, 'percent', '2025-09-04T01:31:15.341316+00:00', '{}'),
    ('4aa23100-cf8a-4ec6-be43-e39716e87bbb', 'error_rate_percent', 4.75690038264893, 'percent', '2025-09-04T00:31:15.341316+00:00', '{}'),
    ('dede21f5-c1c2-42d2-a8d9-c0cb8729f0bc', 'error_rate_percent', -9.45098972020409, 'percent', '2025-09-03T23:31:15.341316+00:00', '{}'),
    ('8cc89e75-8093-4db7-a9bc-7eb9c78cc613', 'error_rate_percent', 9.04143705502646, 'percent', '2025-09-03T22:31:15.341316+00:00', '{}'),
    ('e84322f6-4d43-419f-8f2f-4bef1994e7b4', 'error_rate_percent', 6.91212659933471, 'percent', '2025-09-03T21:31:15.341316+00:00', '{}'),
    ('fc7d88e1-9192-4e31-b671-6ea912997bd6', 'error_rate_percent', -3.98678531113736, 'percent', '2025-09-03T20:31:15.341316+00:00', '{}'),
    ('953bd296-7f83-4fa8-9ff5-9e1fa963d63e', 'error_rate_percent', -0.046979685369946, 'percent', '2025-09-03T19:31:15.341316+00:00', '{}'),
    ('d333dc1a-0c29-445a-b264-d73e2aad5736', 'error_rate_percent', -4.26129175609719, 'percent', '2025-09-03T18:31:15.341316+00:00', '{}'),
    ('2507ea6d-5d66-46b6-8a99-fcafa84e6ef9', 'cpu_usage_percent', 35.2218785023909, 'percent', '2025-09-04T17:31:15.341316+00:00', '{}'),
    ('45412fb5-6aa1-494b-9dec-306120b88b4e', 'cpu_usage_percent', 41.1146630655438, 'percent', '2025-09-04T16:31:15.341316+00:00', '{}'),
    ('2bc92a92-0067-43f2-ae64-3b23f95b2607', 'cpu_usage_percent', 30.4517393449342, 'percent', '2025-09-04T15:31:15.341316+00:00', '{}'),
    ('08bcbc6e-9a80-440f-a945-51c6b668bfdd', 'cpu_usage_percent', 27.2737193026429, 'percent', '2025-09-04T14:31:15.341316+00:00', '{}'),
    ('4420fb2e-a647-4e10-b638-9ec86aa410f8', 'cpu_usage_percent', 44.6862611028183, 'percent', '2025-09-04T13:31:15.341316+00:00', '{}'),
    ('33c55f32-fae5-4ebe-bdb2-b6ef6efe65ac', 'cpu_usage_percent', 38.0323276375635, 'percent', '2025-09-04T12:31:15.341316+00:00', '{}'),
    ('5f3893ac-7b9e-4082-be45-3f8caeb41d24', 'cpu_usage_percent', 41.012197928306, 'percent', '2025-09-04T11:31:15.341316+00:00', '{}'),
    ('5be0177e-65b6-48e5-8bcc-b904416c299a', 'cpu_usage_percent', 32.102616473366, 'percent', '2025-09-04T10:31:15.341316+00:00', '{}'),
    ('45bb1d4d-5fc0-45e2-8ce4-dc7087defb3c', 'cpu_usage_percent', 40.6325946797434, 'percent', '2025-09-04T09:31:15.341316+00:00', '{}'),
    ('3915516d-f0db-4f31-a09d-f48f4a324568', 'cpu_usage_percent', 32.6070356598875, 'percent', '2025-09-04T08:31:15.341316+00:00', '{}'),
    ('07ca54c4-7d1b-45b5-ae47-abc1156fb346', 'cpu_usage_percent', 38.90089350232, 'percent', '2025-09-04T07:31:15.341316+00:00', '{}'),
    ('f36ed417-76e4-4a39-8ec5-3d2b75e16c6b', 'cpu_usage_percent', 44.0465707319061, 'percent', '2025-09-04T06:31:15.341316+00:00', '{}'),
    ('6880272b-9519-460e-9079-1c62b42981cb', 'cpu_usage_percent', 27.9525868874375, 'percent', '2025-09-04T05:31:15.341316+00:00', '{}'),
    ('558b7c16-95a7-45ae-ba74-dc63cb34f53a', 'cpu_usage_percent', 39.1531667581836, 'percent', '2025-09-04T04:31:15.341316+00:00', '{}'),
    ('acb74bb5-4ee4-44bf-bed4-1feff404049e', 'cpu_usage_percent', 44.4424214934563, 'percent', '2025-09-04T03:31:15.341316+00:00', '{}'),
    ('52ab4370-6936-4476-b5f5-c8778383d1e3', 'cpu_usage_percent', 25.4007700517577, 'percent', '2025-09-04T02:31:15.341316+00:00', '{}'),
    ('1bec225d-ae0e-43e9-aceb-087c5b22965b', 'cpu_usage_percent', 44.4048669928971, 'percent', '2025-09-04T01:31:15.341316+00:00', '{}'),
    ('eda77f0c-7ba1-46d9-847e-5972f4a7be33', 'cpu_usage_percent', 39.3193942482713, 'percent', '2025-09-04T00:31:15.341316+00:00', '{}'),
    ('4cd8f2f1-ce6d-41fa-91a7-47a4f0026522', 'cpu_usage_percent', 37.5184568325782, 'percent', '2025-09-03T23:31:15.341316+00:00', '{}'),
    ('e38c7a60-34cf-4b64-a94a-d6b35116f6b6', 'cpu_usage_percent', 43.8515456204379, 'percent', '2025-09-03T22:31:15.341316+00:00', '{}'),
    ('9285269e-b1d8-42e7-b8ef-c6f9f0615554', 'cpu_usage_percent', 30.943286789767, 'percent', '2025-09-03T21:31:15.341316+00:00', '{}'),
    ('6b9bda7b-cd67-4023-993b-479bd90d6eb6', 'cpu_usage_percent', 38.2184293958177, 'percent', '2025-09-03T20:31:15.341316+00:00', '{}'),
    ('3849741b-4b04-45e3-8c5e-2a3deb66e322', 'cpu_usage_percent', 27.2977093345175, 'percent', '2025-09-03T19:31:15.341316+00:00', '{}'),
    ('4c5662f6-ed6e-4d71-9a08-ba22e808cde7', 'cpu_usage_percent', 37.637405395383, 'percent', '2025-09-03T18:31:15.341316+00:00', '{}'),
    ('cef96f7b-88b9-4d65-aff3-25db2c2d0dda', 'memory_usage_percent', 52.3595308039871, 'percent', '2025-09-04T17:31:15.341316+00:00', '{}'),
    ('1e6564f8-d283-4a9b-b5be-4a0fc1cbda0a', 'memory_usage_percent', 54.1481954671758, 'percent', '2025-09-04T16:31:15.341316+00:00', '{}'),
    ('1b79152f-856a-4866-93b4-84a548095866', 'memory_usage_percent', 69.9771621267814, 'percent', '2025-09-04T15:31:15.341316+00:00', '{}'),
    ('30732c77-f5b3-48cf-9767-f0c3e209239d', 'memory_usage_percent', 64.3943943983524, 'percent', '2025-09-04T14:31:15.341316+00:00', '{}'),
    ('9e4e30af-e464-478e-af90-7ae44fb0a392', 'memory_usage_percent', 53.4423717430646, 'percent', '2025-09-04T13:31:15.341316+00:00', '{}'),
    ('197e3d16-87fd-4791-9c2e-047f360bfd09', 'memory_usage_percent', 56.7115040782963, 'percent', '2025-09-04T12:31:15.341316+00:00', '{}'),
    ('54c1e9c1-93e9-4ef4-ace7-adcd21870719', 'memory_usage_percent', 52.8519681593163, 'percent', '2025-09-04T11:31:15.341316+00:00', '{}'),
    ('5e89f45b-392e-4315-a410-9cadb55d3463', 'memory_usage_percent', 67.7646261481839, 'percent', '2025-09-04T10:31:15.341316+00:00', '{}'),
    ('b683f8c2-ba25-44f9-b86f-2812ad9f861e', 'memory_usage_percent', 55.9008887956446, 'percent', '2025-09-04T09:31:15.341316+00:00', '{}'),
    ('9ae5f005-7dcc-47e6-92c5-c8ce50231c8e', 'memory_usage_percent', 60.0935183605988, 'percent', '2025-09-04T08:31:15.341316+00:00', '{}'),
    ('17f4ec03-ec8e-40fd-8766-9ff4660664aa', 'memory_usage_percent', 57.7551239237617, 'percent', '2025-09-04T07:31:15.341316+00:00', '{}'),
    ('abaae790-050e-4714-87f5-1b9297ee55ef', 'memory_usage_percent', 55.8646040060674, 'percent', '2025-09-04T06:31:15.341316+00:00', '{}'),
    ('b458ab6c-6ce3-4a22-b958-e50041610219', 'memory_usage_percent', 62.1042594728947, 'percent', '2025-09-04T05:31:15.341316+00:00', '{}'),
    ('d2e62ab2-b256-42dd-bb67-9746d288d12a', 'memory_usage_percent', 62.3965095362476, 'percent', '2025-09-04T04:31:15.341316+00:00', '{}'),
    ('eb48dbec-845b-449b-8c39-e0f9ac613d34', 'memory_usage_percent', 52.3982289137769, 'percent', '2025-09-04T03:31:15.341316+00:00', '{}'),
    ('46309344-3cf3-43ff-88c7-23864efa1215', 'memory_usage_percent', 69.889259397751, 'percent', '2025-09-04T02:31:15.341316+00:00', '{}'),
    ('3cf31bd7-0009-47ec-aaec-7a931eccc367', 'memory_usage_percent', 66.6497507132499, 'percent', '2025-09-04T01:31:15.341316+00:00', '{}'),
    ('707849d3-40c7-4ffe-904a-8d625f1d28e2', 'memory_usage_percent', 51.7658164926581, 'percent', '2025-09-04T00:31:15.341316+00:00', '{}'),
    ('8fd7ad0e-4581-4738-b60a-22ba6b8a9e65', 'memory_usage_percent', 68.5063877870937, 'percent', '2025-09-03T23:31:15.341316+00:00', '{}'),
    ('72500664-3894-4191-b5cd-e9fe1057c7a1', 'memory_usage_percent', 69.1946849633299, 'percent', '2025-09-03T22:31:15.341316+00:00', '{}'),
    ('96046f56-4874-423e-9b88-36a0d723eede', 'memory_usage_percent', 65.2054107039483, 'percent', '2025-09-03T21:31:15.341316+00:00', '{}'),
    ('d1950f5e-2822-4e6b-8b78-36255c9c064d', 'memory_usage_percent', 67.6602503822405, 'percent', '2025-09-03T20:31:15.341316+00:00', '{}'),
    ('ea348ccd-3e3a-4e1f-bf2b-b7fed0949d90', 'memory_usage_percent', 53.7833040892163, 'percent', '2025-09-03T19:31:15.341316+00:00', '{}'),
    ('5e084c3b-c9c2-4cb1-b9dc-7c7d80d73a55', 'memory_usage_percent', 53.3138597610246, 'percent', '2025-09-03T18:31:15.341316+00:00', '{}'),
    ('10b9298e-acce-4ea7-9d83-77e9732695d4', 'active_connections', 47.2747704358495, 'count', '2025-09-04T17:31:15.341316+00:00', '{}'),
    ('291b678a-b34a-40bf-bd0f-da5adb705dd6', 'active_connections', 53.2468800624651, 'count', '2025-09-04T16:31:15.341316+00:00', '{}'),
    ('f9a16f27-4e72-47e5-817c-91038a732131', 'active_connections', 53.906049208932, 'count', '2025-09-04T15:31:15.341316+00:00', '{}'),
    ('d70e4ff6-2e71-45eb-9bed-25e21773588e', 'active_connections', 36.6675418618594, 'count', '2025-09-04T14:31:15.341316+00:00', '{}'),
    ('0ed0c309-eb4b-403a-8bec-05837a2b5b1b', 'active_connections', 39.9812101933602, 'count', '2025-09-04T13:31:15.341316+00:00', '{}'),
    ('7a7da9e8-91e7-4681-869a-f5b449696429', 'active_connections', 44.1573633326821, 'count', '2025-09-04T12:31:15.341316+00:00', '{}'),
    ('41319299-a9a1-497e-a036-67e19a0292f8', 'active_connections', 40.6453464595119, 'count', '2025-09-04T11:31:15.341316+00:00', '{}'),
    ('a26db836-8ba9-410b-bb46-b97109ac2b23', 'active_connections', 40.6485442347745, 'count', '2025-09-04T10:31:15.341316+00:00', '{}'),
    ('2fa20b89-2327-47b4-8e76-de8308c810cd', 'active_connections', 35.4535762593979, 'count', '2025-09-04T09:31:15.341316+00:00', '{}'),
    ('d8ae7a23-8303-49c8-82aa-1c5b81b1055b', 'active_connections', 47.6317372080853, 'count', '2025-09-04T08:31:15.341316+00:00', '{}'),
    ('80e11aff-7078-4089-8c36-15d3e983571d', 'active_connections', 48.425787233744, 'count', '2025-09-04T07:31:15.341316+00:00', '{}'),
    ('34aeddc9-623a-4cdd-92cd-6271fb92ffcb', 'active_connections', 42.1790070853895, 'count', '2025-09-04T06:31:15.341316+00:00', '{}'),
    ('5235c793-780e-4372-9512-2e9b090e385e', 'active_connections', 43.0434354786361, 'count', '2025-09-04T05:31:15.341316+00:00', '{}'),
    ('3712ed4a-01e7-4547-974b-77fe2891ac82', 'active_connections', 46.8644630729972, 'count', '2025-09-04T04:31:15.341316+00:00', '{}'),
    ('9c06032e-a7f0-4f25-a681-e4693657e6e9', 'active_connections', 39.9581755048616, 'count', '2025-09-04T03:31:15.341316+00:00', '{}'),
    ('b96373b0-ae68-412f-ae69-8fb25ddbb16f', 'active_connections', 41.9375038911062, 'count', '2025-09-04T02:31:15.341316+00:00', '{}'),
    ('e82657e6-571a-46a5-9bef-6a0292589fa0', 'active_connections', 44.2210780972904, 'count', '2025-09-04T01:31:15.341316+00:00', '{}'),
    ('7d136a00-b055-47c8-98b4-418d8d7b04d9', 'active_connections', 40.1188546722838, 'count', '2025-09-04T00:31:15.341316+00:00', '{}'),
    ('0ad29b98-e177-4523-a280-d5c0595b94be', 'active_connections', 47.1632190035965, 'count', '2025-09-03T23:31:15.341316+00:00', '{}'),
    ('f950942c-9cf6-422d-a00b-32798ceac391', 'active_connections', 38.5935824668931, 'count', '2025-09-03T22:31:15.341316+00:00', '{}'),
    ('ede16416-44c2-4dbe-9a82-799b0adc9293', 'active_connections', 38.6674361306617, 'count', '2025-09-03T21:31:15.341316+00:00', '{}'),
    ('6560e65c-6022-436a-aa78-1fd30c64d4d2', 'active_connections', 54.1795332590706, 'count', '2025-09-03T20:31:15.341316+00:00', '{}'),
    ('1519b253-6695-4cc0-b2d6-af4536a82b17', 'active_connections', 43.7557318404642, 'count', '2025-09-03T19:31:15.341316+00:00', '{}'),
    ('3c7b315c-4138-4fa8-90e3-27a7074965e6', 'active_connections', 40.4541223364313, 'count', '2025-09-03T18:31:15.341316+00:00', '{}'),
    ('680a1065-6abf-4c4f-80a5-32f1762b87f1', 'response_time_ms', 156.572734042069, 'milliseconds', '2025-09-04T17:31:15.341316+00:00', '{}'),
    ('c021acd7-ab4a-4e48-8791-5bd30faec9a1', 'response_time_ms', 155.009081848043, 'milliseconds', '2025-09-04T16:31:15.341316+00:00', '{}'),
    ('391ae8c6-b18c-464b-891a-2a5fc3780f9b', 'response_time_ms', 155.846082639356, 'milliseconds', '2025-09-04T15:31:15.341316+00:00', '{}'),
    ('81cbcb14-9cfb-4b42-98f3-66cf3c7e6274', 'response_time_ms', 156.830774299913, 'milliseconds', '2025-09-04T14:31:15.341316+00:00', '{}'),
    ('39e23903-ee5d-4404-9ecd-67dadcbb2e48', 'response_time_ms', 143.482045609256, 'milliseconds', '2025-09-04T13:31:15.341316+00:00', '{}'),
    ('1364a83e-6037-4746-98a1-c1998194b4de', 'response_time_ms', 149.351864930161, 'milliseconds', '2025-09-04T12:31:15.341316+00:00', '{}'),
    ('efb7c944-cabd-4a59-846c-79dbd970313f', 'response_time_ms', 150.243521113625, 'milliseconds', '2025-09-04T11:31:15.341316+00:00', '{}'),
    ('f67bf954-f22b-499c-bca0-9b1e3671a21d', 'response_time_ms', 141.384169234554, 'milliseconds', '2025-09-04T10:31:15.341316+00:00', '{}'),
    ('642cd3e3-a71c-449e-ad57-83e0487b810e', 'response_time_ms', 150.799062851632, 'milliseconds', '2025-09-04T09:31:15.341316+00:00', '{}'),
    ('5d39c8cc-75e0-450c-904d-a81fdc52332a', 'response_time_ms', 153.694531171081, 'milliseconds', '2025-09-04T08:31:15.341316+00:00', '{}'),
    ('4b331cf1-75f5-4480-8fce-3d7ec5abc0ff', 'response_time_ms', 156.18909626729, 'milliseconds', '2025-09-04T07:31:15.341316+00:00', '{}'),
    ('913d6869-41c1-407f-abed-c1aeec83d70b', 'response_time_ms', 158.30648028084, 'milliseconds', '2025-09-04T06:31:15.341316+00:00', '{}'),
    ('b0fe9b77-f457-4396-aec1-531d5c13a03a', 'response_time_ms', 142.913145278081, 'milliseconds', '2025-09-04T05:31:15.341316+00:00', '{}'),
    ('5322a79a-a66e-49e9-8a5d-42dcde93119a', 'response_time_ms', 159.53373322647, 'milliseconds', '2025-09-04T04:31:15.341316+00:00', '{}'),
    ('e4ba3394-e550-4f71-b46c-39b4cddb07fd', 'response_time_ms', 148.204241851554, 'milliseconds', '2025-09-04T03:31:15.341316+00:00', '{}'),
    ('8d96ffd5-f1f8-41e7-87ac-040ccb332de8', 'response_time_ms', 146.255278775705, 'milliseconds', '2025-09-04T02:31:15.341316+00:00', '{}'),
    ('eb5dd33d-577a-4ea6-bb0a-2ad51410dc7a', 'response_time_ms', 140.347376607824, 'milliseconds', '2025-09-04T01:31:15.341316+00:00', '{}'),
    ('29184dcb-a4d6-47ec-89a8-7f1796f13eb2', 'response_time_ms', 152.470096855192, 'milliseconds', '2025-09-04T00:31:15.341316+00:00', '{}'),
    ('5156f52c-96db-4c9f-849b-6a502dff3d6a', 'response_time_ms', 142.584490041008, 'milliseconds', '2025-09-03T23:31:15.341316+00:00', '{}'),
    ('23539939-b83b-45b7-8445-914e80cc6caf', 'response_time_ms', 151.293104222384, 'milliseconds', '2025-09-03T22:31:15.341316+00:00', '{}');

INSERT INTO "system_metrics" ("id", "metric_name", "metric_value", "metric_unit", "recorded_at", "metadata") VALUES
    ('f8615b45-5946-48a9-8965-bb831de255f5', 'response_time_ms', 141.067891005571, 'milliseconds', '2025-09-03T21:31:15.341316+00:00', '{}'),
    ('33c54783-df9c-443d-83bc-ebd06fad83a5', 'response_time_ms', 157.055603558611, 'milliseconds', '2025-09-03T20:31:15.341316+00:00', '{}'),
    ('1d7e7483-26f3-44c3-a9f5-48994d04d8d6', 'response_time_ms', 150.354831486921, 'milliseconds', '2025-09-03T19:31:15.341316+00:00', '{}'),
    ('7efb1e49-7fc3-4b6e-a811-bdd65c02a687', 'response_time_ms', 141.149219517926, 'milliseconds', '2025-09-03T18:31:15.341316+00:00', '{}'),
    ('832cb3d7-b2ff-4ee0-9b52-950ad56a669d', 'error_rate_percent', 8.29332244849705, 'percent', '2025-09-04T17:31:15.341316+00:00', '{}'),
    ('ea439f83-6bae-4b32-9738-40dfd54a6ec9', 'error_rate_percent', -3.87979114270685, 'percent', '2025-09-04T16:31:15.341316+00:00', '{}'),
    ('d0d08443-049c-4df6-b607-58a376ba1348', 'error_rate_percent', -5.49592249042137, 'percent', '2025-09-04T15:31:15.341316+00:00', '{}'),
    ('7e6f3151-3703-4049-82c6-9f1e500d7cd0', 'error_rate_percent', 3.64190860681159, 'percent', '2025-09-04T14:31:15.341316+00:00', '{}'),
    ('54578efc-7ebe-4013-a88e-9d16ccbbf8c3', 'error_rate_percent', -7.69847215818249, 'percent', '2025-09-04T13:31:15.341316+00:00', '{}'),
    ('7b609478-b17e-49fd-9142-1b0874c14465', 'error_rate_percent', -1.32278633536296, 'percent', '2025-09-04T12:31:15.341316+00:00', '{}'),
    ('0e0bf782-b171-451a-a7e9-46f073087d5a', 'error_rate_percent', 3.19484785280474, 'percent', '2025-09-04T11:31:15.341316+00:00', '{}'),
    ('344b2b54-a6d0-4b72-a7b0-04725bbbbc52', 'error_rate_percent', 0.977758043237454, 'percent', '2025-09-04T10:31:15.341316+00:00', '{}'),
    ('86f2ff6e-3c4b-4025-96f1-beb06f8b162e', 'error_rate_percent', 1.24545965733195, 'percent', '2025-09-04T09:31:15.341316+00:00', '{}'),
    ('86b46f79-0127-4831-81a5-e0217f427569', 'error_rate_percent', -0.878930850320943, 'percent', '2025-09-04T08:31:15.341316+00:00', '{}'),
    ('7004f937-e72b-4f52-9193-dc38fdac6af8', 'error_rate_percent', -1.56162268147223, 'percent', '2025-09-04T07:31:15.341316+00:00', '{}'),
    ('576c804c-3d88-418e-86c9-f1d2062c0964', 'error_rate_percent', -5.2075751908989, 'percent', '2025-09-04T06:31:15.341316+00:00', '{}'),
    ('d8f4fc5f-85f3-4b04-802a-f37cd3459522', 'error_rate_percent', 1.67005741001464, 'percent', '2025-09-04T05:31:15.341316+00:00', '{}'),
    ('d40439f1-fe83-499f-98be-b3398c4ac4b2', 'error_rate_percent', 2.7656214350665, 'percent', '2025-09-04T04:31:15.341316+00:00', '{}'),
    ('77df2096-83b3-440d-940c-a6ed476c279e', 'error_rate_percent', -5.62846851257258, 'percent', '2025-09-04T03:31:15.341316+00:00', '{}'),
    ('427695cd-ba0e-441f-8179-027f1a65baec', 'error_rate_percent', 7.65541592144881, 'percent', '2025-09-04T02:31:15.341316+00:00', '{}'),
    ('602a01c0-bcb0-4953-9af3-4ef7194c8868', 'error_rate_percent', -4.46016552590589, 'percent', '2025-09-04T01:31:15.341316+00:00', '{}'),
    ('91ca8aa8-fe73-4edb-8b37-a3665d903d53', 'error_rate_percent', 1.04752988020257, 'percent', '2025-09-04T00:31:15.341316+00:00', '{}'),
    ('155cd759-98b5-468b-a03b-e984fab6aae9', 'error_rate_percent', 8.6131239885538, 'percent', '2025-09-03T23:31:15.341316+00:00', '{}'),
    ('cd1a16b3-b081-4395-8a3c-bf2b01e55502', 'error_rate_percent', 7.81112069764933, 'percent', '2025-09-03T22:31:15.341316+00:00', '{}'),
    ('480baf98-b376-43da-a383-b65cb2a6b046', 'error_rate_percent', -6.78849570946387, 'percent', '2025-09-03T21:31:15.341316+00:00', '{}'),
    ('70335452-4664-427f-bd57-523738946a6f', 'error_rate_percent', -1.97636202166563, 'percent', '2025-09-03T20:31:15.341316+00:00', '{}'),
    ('370eb819-59df-45f0-9239-48a48802e244', 'error_rate_percent', -8.62987374903079, 'percent', '2025-09-03T19:31:15.341316+00:00', '{}'),
    ('060f4871-ca8d-43f0-b9a0-6095de54a18d', 'error_rate_percent', -9.48591179958163, 'percent', '2025-09-03T18:31:15.341316+00:00', '{}'),
    ('7fac32bf-b4f7-4829-b44d-0eadd4c794fb', 'cpu_usage_percent', 41.4686620740819, 'percent', '2025-09-04T17:31:15.341316+00:00', '{}'),
    ('ffbf3ee1-14de-4085-864c-c776f02a19ab', 'cpu_usage_percent', 39.1684461156893, 'percent', '2025-09-04T16:31:15.341316+00:00', '{}'),
    ('0627e632-8c1a-45b6-b469-f77690c78686', 'cpu_usage_percent', 29.4789916369968, 'percent', '2025-09-04T15:31:15.341316+00:00', '{}'),
    ('49b21d25-291b-4a03-b557-5c05e8b05574', 'cpu_usage_percent', 27.3393419666977, 'percent', '2025-09-04T14:31:15.341316+00:00', '{}'),
    ('1c021621-8974-4795-8636-427c252cd708', 'cpu_usage_percent', 32.3697657159217, 'percent', '2025-09-04T13:31:15.341316+00:00', '{}'),
    ('b12fe189-1bec-408c-b715-ae91cf5c2066', 'cpu_usage_percent', 33.8712571008246, 'percent', '2025-09-04T12:31:15.341316+00:00', '{}'),
    ('34de43f9-ff16-4b57-8076-aaa6c976ffc5', 'cpu_usage_percent', 38.7541493613999, 'percent', '2025-09-04T11:31:15.341316+00:00', '{}'),
    ('18ea7970-b49f-4936-9c72-f45f4e704a9f', 'cpu_usage_percent', 44.1663604981076, 'percent', '2025-09-04T10:31:15.341316+00:00', '{}'),
    ('df354d38-9b64-43d1-a7c2-c86894d4a3c6', 'cpu_usage_percent', 39.9393383355241, 'percent', '2025-09-04T09:31:15.341316+00:00', '{}'),
    ('40d63aee-ab9c-4d1b-9750-191a84132f1c', 'cpu_usage_percent', 28.0639539336592, 'percent', '2025-09-04T08:31:15.341316+00:00', '{}'),
    ('aa40c6e7-38dc-49cf-b7a4-1418d2604711', 'cpu_usage_percent', 43.2659761996046, 'percent', '2025-09-04T07:31:15.341316+00:00', '{}'),
    ('03fbed2e-3d89-474a-afd7-4dc70b295af5', 'cpu_usage_percent', 44.5863085658982, 'percent', '2025-09-04T06:31:15.341316+00:00', '{}'),
    ('0d556b06-43d6-4d50-8d9c-b27da51e286e', 'cpu_usage_percent', 32.7045555956781, 'percent', '2025-09-04T05:31:15.341316+00:00', '{}'),
    ('2b99ca22-405b-4026-8118-21f72e1e4db2', 'cpu_usage_percent', 28.3989416699315, 'percent', '2025-09-04T04:31:15.341316+00:00', '{}'),
    ('cc9d2f42-d77e-4ac9-af62-77f8a51e8fd5', 'cpu_usage_percent', 44.4772739098206, 'percent', '2025-09-04T03:31:15.341316+00:00', '{}'),
    ('26c65e67-17b9-45c2-b9a8-bc7b63384714', 'cpu_usage_percent', 39.0957767820871, 'percent', '2025-09-04T02:31:15.341316+00:00', '{}'),
    ('abb7b720-edc3-4bc5-967b-c58726e1ec43', 'cpu_usage_percent', 36.1441874359859, 'percent', '2025-09-04T01:31:15.341316+00:00', '{}'),
    ('dc6863fe-75d9-4281-9e66-0364602df319', 'cpu_usage_percent', 36.6916304861004, 'percent', '2025-09-04T00:31:15.341316+00:00', '{}'),
    ('cc3e09ca-16ce-415d-b5c7-f22744ad9d40', 'cpu_usage_percent', 35.2696424897834, 'percent', '2025-09-03T23:31:15.341316+00:00', '{}'),
    ('435fb020-c06f-4cbb-be60-9dd1ae9dcc66', 'cpu_usage_percent', 41.7320651453565, 'percent', '2025-09-03T22:31:15.341316+00:00', '{}'),
    ('8731e846-d8ae-407c-ba63-f8c46107a6bc', 'cpu_usage_percent', 41.8992736586974, 'percent', '2025-09-03T21:31:15.341316+00:00', '{}'),
    ('6a521079-d33c-49a9-a5ad-6799c1d0fb8c', 'cpu_usage_percent', 41.5477286358634, 'percent', '2025-09-03T20:31:15.341316+00:00', '{}'),
    ('7b38513a-99f3-4efc-b7b3-2b4a083b521c', 'cpu_usage_percent', 27.0738422343947, 'percent', '2025-09-03T19:31:15.341316+00:00', '{}'),
    ('656c1a16-e849-4a72-b5e4-a0006cac626b', 'cpu_usage_percent', 32.7138214543273, 'percent', '2025-09-03T18:31:15.341316+00:00', '{}'),
    ('431cfa3d-cbfc-4840-a8c2-1799aaaed859', 'memory_usage_percent', 57.4259336428687, 'percent', '2025-09-04T17:31:15.341316+00:00', '{}'),
    ('e3342b8c-8225-4b24-906c-56da121a9e18', 'memory_usage_percent', 69.4067630883398, 'percent', '2025-09-04T16:31:15.341316+00:00', '{}'),
    ('4432f818-328a-4192-9e97-2e1360f4f612', 'memory_usage_percent', 61.0722909816118, 'percent', '2025-09-04T15:31:15.341316+00:00', '{}'),
    ('898e8719-0992-41ca-8613-51b5daa6776a', 'memory_usage_percent', 63.2307777401065, 'percent', '2025-09-04T14:31:15.341316+00:00', '{}'),
    ('d989c6fc-7c43-4733-a63b-da2cf230d796', 'memory_usage_percent', 59.7537941120294, 'percent', '2025-09-04T13:31:15.341316+00:00', '{}'),
    ('2c9a35c5-888b-434e-b872-102a6dfcc430', 'memory_usage_percent', 63.1479230020788, 'percent', '2025-09-04T12:31:15.341316+00:00', '{}'),
    ('03e0f757-9a60-4352-b8c7-c5215db7c324', 'memory_usage_percent', 50.8270164981091, 'percent', '2025-09-04T11:31:15.341316+00:00', '{}'),
    ('f6966f74-b970-4985-b5f6-994a73bed278', 'memory_usage_percent', 67.2177421158954, 'percent', '2025-09-04T10:31:15.341316+00:00', '{}'),
    ('500c0df9-ded4-4b8f-9eef-17faa76ace6c', 'memory_usage_percent', 56.0275775770666, 'percent', '2025-09-04T09:31:15.341316+00:00', '{}'),
    ('f3b5abda-0f74-4148-9dd6-5383c6bb9e73', 'memory_usage_percent', 55.6419305032082, 'percent', '2025-09-04T08:31:15.341316+00:00', '{}'),
    ('c7012200-70f7-4b1b-b266-3710fdda2d58', 'memory_usage_percent', 62.5217017349853, 'percent', '2025-09-04T07:31:15.341316+00:00', '{}'),
    ('302fd643-a090-4058-a4d7-ec3a306a630a', 'memory_usage_percent', 51.6805825842232, 'percent', '2025-09-04T06:31:15.341316+00:00', '{}'),
    ('643284a3-f2e9-4157-9081-ae5686933067', 'memory_usage_percent', 56.7373398996993, 'percent', '2025-09-04T05:31:15.341316+00:00', '{}'),
    ('4d5735c9-bac9-4b21-b85b-9d30799a5204', 'memory_usage_percent', 61.1854375307409, 'percent', '2025-09-04T04:31:15.341316+00:00', '{}'),
    ('732d58cc-3b09-48ef-b20d-6efae5a3a7e9', 'memory_usage_percent', 68.8378942386742, 'percent', '2025-09-04T03:31:15.341316+00:00', '{}'),
    ('4f0dd239-b893-4e18-b7dc-052901cc2530', 'memory_usage_percent', 57.3616787957448, 'percent', '2025-09-04T02:31:15.341316+00:00', '{}'),
    ('872ef65b-e2a6-4e91-90dd-0146124308a3', 'memory_usage_percent', 66.0376832252903, 'percent', '2025-09-04T01:31:15.341316+00:00', '{}'),
    ('437e5c46-72e3-41de-bc16-2f2734e4ff8e', 'memory_usage_percent', 66.4997963589381, 'percent', '2025-09-04T00:31:15.341316+00:00', '{}'),
    ('0cbdad47-579a-45fd-bcd5-ba3bead29437', 'memory_usage_percent', 60.4226095134786, 'percent', '2025-09-03T23:31:15.341316+00:00', '{}'),
    ('01b06101-aebc-4d4e-9a24-da390adb927b', 'memory_usage_percent', 52.9901797379426, 'percent', '2025-09-03T22:31:15.341316+00:00', '{}'),
    ('3054b7e3-9544-4eab-b3cf-74f7b6f4ffc5', 'memory_usage_percent', 67.2807077353623, 'percent', '2025-09-03T21:31:15.341316+00:00', '{}'),
    ('9bb34b5e-d99d-44d7-bde9-21f7942d065d', 'memory_usage_percent', 63.4979666916479, 'percent', '2025-09-03T20:31:15.341316+00:00', '{}'),
    ('e1d38063-1aa5-46a6-a9fd-2785ba1fba25', 'memory_usage_percent', 61.5644070557245, 'percent', '2025-09-03T19:31:15.341316+00:00', '{}'),
    ('575a6111-fe57-4d7d-a4af-7ee1d749ab5e', 'memory_usage_percent', 61.6274471962514, 'percent', '2025-09-03T18:31:15.341316+00:00', '{}'),
    ('0b99475b-1fb5-49e8-93eb-ca923ef60dcc', 'active_connections', 39.1929321440645, 'count', '2025-09-04T17:31:15.341316+00:00', '{}'),
    ('883b5d89-bcfa-4054-87d0-f8293f480d85', 'active_connections', 45.0841590299591, 'count', '2025-09-04T16:31:15.341316+00:00', '{}'),
    ('3e63f93a-5109-4db5-ac37-c9d5d82de767', 'active_connections', 43.4572784105825, 'count', '2025-09-04T15:31:15.341316+00:00', '{}'),
    ('ab940fb2-a321-407d-8ec1-2c47466e9c66', 'active_connections', 37.7967162332552, 'count', '2025-09-04T14:31:15.341316+00:00', '{}'),
    ('6af30d00-9610-4f47-8d90-0a9ac4adac7f', 'active_connections', 35.6171200431067, 'count', '2025-09-04T13:31:15.341316+00:00', '{}'),
    ('97b820ae-049c-4260-a943-5132e8655442', 'active_connections', 49.4551427485126, 'count', '2025-09-04T12:31:15.341316+00:00', '{}'),
    ('37f88cb1-d41c-4a74-a5c8-0a5d50e262a8', 'active_connections', 45.475573807727, 'count', '2025-09-04T11:31:15.341316+00:00', '{}'),
    ('51d4c738-0f50-4390-82df-1bd5d9a9f1fd', 'active_connections', 42.1218009612833, 'count', '2025-09-04T10:31:15.341316+00:00', '{}'),
    ('7109c43e-f02c-4c84-89da-2342dd8732c4', 'active_connections', 47.010933771789, 'count', '2025-09-04T09:31:15.341316+00:00', '{}'),
    ('d2e9028a-6792-40f0-99a2-f75929c13b32', 'active_connections', 41.7391678501776, 'count', '2025-09-04T08:31:15.341316+00:00', '{}'),
    ('1ba53e62-e945-4661-9ec3-1413be0029b7', 'active_connections', 51.438148455235, 'count', '2025-09-04T07:31:15.341316+00:00', '{}'),
    ('0d8d4e71-58a5-43f9-b01e-2105d22c35f0', 'active_connections', 35.8581857213843, 'count', '2025-09-04T06:31:15.341316+00:00', '{}'),
    ('b5c47981-9c32-4d89-a84c-4beacdc3b506', 'active_connections', 47.9755403342164, 'count', '2025-09-04T05:31:15.341316+00:00', '{}'),
    ('dc8416ac-811b-4526-a639-fe3f7ee3a950', 'active_connections', 49.5194511665664, 'count', '2025-09-04T04:31:15.341316+00:00', '{}'),
    ('3fb16374-770a-497a-bc83-c5351d58a729', 'active_connections', 45.599370410419, 'count', '2025-09-04T03:31:15.341316+00:00', '{}'),
    ('8868114c-86bd-4b24-ac81-a84632f6991c', 'active_connections', 51.6332812422161, 'count', '2025-09-04T02:31:15.341316+00:00', '{}'),
    ('4ff662b7-e7f9-40a2-a24e-e18774e07243', 'active_connections', 52.9729083175881, 'count', '2025-09-04T01:31:15.341316+00:00', '{}'),
    ('d06a3367-3b88-4eb6-bcff-e850470bb6e5', 'active_connections', 53.53801450081, 'count', '2025-09-04T00:31:15.341316+00:00', '{}'),
    ('b732f412-35ac-4c95-a87d-55526fa63475', 'active_connections', 50.936408478056, 'count', '2025-09-03T23:31:15.341316+00:00', '{}'),
    ('cbe3b121-e82f-49be-9a39-f788f8c2bbe4', 'active_connections', 36.8611614675683, 'count', '2025-09-03T22:31:15.341316+00:00', '{}'),
    ('fd1cbd8a-f77e-4d4e-b46d-b53d272d142b', 'active_connections', 36.4232386211169, 'count', '2025-09-03T21:31:15.341316+00:00', '{}'),
    ('a22dee52-7228-4b9f-be17-72beb2d151d9', 'active_connections', 35.8340247108607, 'count', '2025-09-03T20:31:15.341316+00:00', '{}'),
    ('bb71664d-a075-43bd-a47a-b76f19b10951', 'active_connections', 50.9764849381384, 'count', '2025-09-03T19:31:15.341316+00:00', '{}'),
    ('9cb8e3a7-7ee0-437c-9b5e-5759acf2d810', 'active_connections', 40.75532888917, 'count', '2025-09-03T18:31:15.341316+00:00', '{}');

INSERT INTO "system_metrics" ("id", "metric_name", "metric_value", "metric_unit", "recorded_at", "metadata") VALUES
    ('b9942c7b-30a9-43f7-9d55-963f14528d8d', 'response_time_ms', 151.927905549024, 'milliseconds', '2025-09-04T17:31:15.341316+00:00', '{}'),
    ('0d158264-5121-4848-a453-3fc61c6e73bb', 'response_time_ms', 152.557962804998, 'milliseconds', '2025-09-04T16:31:15.341316+00:00', '{}'),
    ('ca0b781f-325f-466f-aa26-0df6c26b9031', 'response_time_ms', 156.346126316835, 'milliseconds', '2025-09-04T15:31:15.341316+00:00', '{}'),
    ('88dc935f-cc56-4d23-a768-0376768b61e5', 'response_time_ms', 149.45881352103, 'milliseconds', '2025-09-04T14:31:15.341316+00:00', '{}'),
    ('e7acf579-2ccb-45a2-a514-14b63e115074', 'response_time_ms', 148.647129324349, 'milliseconds', '2025-09-04T13:31:15.341316+00:00', '{}'),
    ('d5b02694-a571-49ef-a4dc-db92ba6a009b', 'response_time_ms', 155.718166156267, 'milliseconds', '2025-09-04T12:31:15.341316+00:00', '{}'),
    ('56b86201-76b2-4ad5-89ce-c16380cb2ca1', 'response_time_ms', 155.083039108232, 'milliseconds', '2025-09-04T11:31:15.341316+00:00', '{}'),
    ('86e1f889-d697-4239-8745-9de6f3db358a', 'response_time_ms', 145.682147496314, 'milliseconds', '2025-09-04T10:31:15.341316+00:00', '{}'),
    ('e9266f0e-2a96-44b7-8813-0d14f4059976', 'response_time_ms', 141.648114865329, 'milliseconds', '2025-09-04T09:31:15.341316+00:00', '{}'),
    ('32e1a801-f271-4517-a4e6-77fdfef9d73b', 'response_time_ms', 159.1428952224, 'milliseconds', '2025-09-04T08:31:15.341316+00:00', '{}'),
    ('dbb8676d-69a1-499a-977f-6a3b614c5d57', 'response_time_ms', 153.677070609774, 'milliseconds', '2025-09-04T07:31:15.341316+00:00', '{}'),
    ('f3eaa54c-e72e-4433-9dd2-92f2ea63009f', 'response_time_ms', 156.469074429384, 'milliseconds', '2025-09-04T06:31:15.341316+00:00', '{}'),
    ('b8eb0796-b2a8-4c9f-a8db-b4f8c96e40c7', 'response_time_ms', 141.416516610455, 'milliseconds', '2025-09-04T05:31:15.341316+00:00', '{}'),
    ('956f6602-71f2-4e3a-b1fd-ae80d22f5caf', 'response_time_ms', 158.472949255324, 'milliseconds', '2025-09-04T04:31:15.341316+00:00', '{}'),
    ('22838232-e5c7-4be5-9bf9-58596b9d254b', 'response_time_ms', 146.73088457503, 'milliseconds', '2025-09-04T03:31:15.341316+00:00', '{}'),
    ('1e5623d4-677c-4d59-ac90-729b4585315f', 'response_time_ms', 140.576284904454, 'milliseconds', '2025-09-04T02:31:15.341316+00:00', '{}'),
    ('00c6e1fe-7e06-4269-90cf-f61d46e8c3f2', 'response_time_ms', 147.913888020495, 'milliseconds', '2025-09-04T01:31:15.341316+00:00', '{}'),
    ('2cc369ee-c9de-46d0-8ee2-fab94cf42b45', 'response_time_ms', 153.353626009183, 'milliseconds', '2025-09-04T00:31:15.341316+00:00', '{}'),
    ('140f1984-2485-4fc6-a517-d2afe3c3500d', 'response_time_ms', 147.092057378088, 'milliseconds', '2025-09-03T23:31:15.341316+00:00', '{}'),
    ('39e02e90-aab7-40f1-947b-82b9fb0d51bd', 'response_time_ms', 150.680727696671, 'milliseconds', '2025-09-03T22:31:15.341316+00:00', '{}'),
    ('35462784-d7ad-438f-bdeb-a50d82b7269d', 'response_time_ms', 149.922395399383, 'milliseconds', '2025-09-03T21:31:15.341316+00:00', '{}'),
    ('7829c8b9-198d-48d2-8343-c9aa63b0900b', 'response_time_ms', 144.238278875986, 'milliseconds', '2025-09-03T20:31:15.341316+00:00', '{}'),
    ('db3dbc07-5428-45ce-b926-7db83ba89de8', 'response_time_ms', 155.620860679298, 'milliseconds', '2025-09-03T19:31:15.341316+00:00', '{}'),
    ('07b9db32-edd3-4985-b714-247c4c129243', 'response_time_ms', 153.709420930651, 'milliseconds', '2025-09-03T18:31:15.341316+00:00', '{}'),
    ('01ba9aae-e75a-4f71-96bc-2765b7a79ec9', 'error_rate_percent', -7.68198020516477, 'percent', '2025-09-04T17:31:15.341316+00:00', '{}'),
    ('c9955302-1685-4630-9178-010f7e0d9f95', 'error_rate_percent', 3.51403738820387, 'percent', '2025-09-04T16:31:15.341316+00:00', '{}'),
    ('0dfb93b1-d204-43ee-b301-83329b53f6dd', 'error_rate_percent', 5.69448983526793, 'percent', '2025-09-04T15:31:15.341316+00:00', '{}'),
    ('10012d0d-6215-4701-a260-9947810a49b7', 'error_rate_percent', 2.46205802007016, 'percent', '2025-09-04T14:31:15.341316+00:00', '{}'),
    ('e601a7f4-b557-496f-bce7-6020016e7abd', 'error_rate_percent', 10.449705070958, 'percent', '2025-09-04T13:31:15.341316+00:00', '{}'),
    ('98ca8e3f-1771-4605-8120-8fde931a431d', 'error_rate_percent', 1.75591067268951, 'percent', '2025-09-04T12:31:15.341316+00:00', '{}'),
    ('b78bc8c5-6e1e-4b39-ac62-4570dc8aeda6', 'error_rate_percent', -0.359892013712344, 'percent', '2025-09-04T11:31:15.341316+00:00', '{}'),
    ('f7f22813-e5c9-4f7b-be49-6c48b77330d2', 'error_rate_percent', 9.79960512538854, 'percent', '2025-09-04T10:31:15.341316+00:00', '{}'),
    ('5006c692-9e20-4e98-a502-fd92340f916e', 'error_rate_percent', 3.45317919073957, 'percent', '2025-09-04T09:31:15.341316+00:00', '{}'),
    ('febe1822-17e0-4df9-bfd5-a39d530e2461', 'error_rate_percent', 9.36834316789519, 'percent', '2025-09-04T08:31:15.341316+00:00', '{}'),
    ('ea9b6c7d-fec6-4579-86b1-dcd3a220cc59', 'error_rate_percent', -6.98749882928033, 'percent', '2025-09-04T07:31:15.341316+00:00', '{}'),
    ('17621889-7c16-4e82-b113-1cdfdd4be1ff', 'error_rate_percent', 4.98107731132856, 'percent', '2025-09-04T06:31:15.341316+00:00', '{}'),
    ('40e091ea-4713-4d9f-b1b1-6a677a4b0332', 'error_rate_percent', -8.36056808195395, 'percent', '2025-09-04T05:31:15.341316+00:00', '{}'),
    ('dd0acd7e-4732-427d-97b2-e811d3159223', 'error_rate_percent', -7.76777344918892, 'percent', '2025-09-04T04:31:15.341316+00:00', '{}'),
    ('bc013142-aff6-465a-a28b-e6b00c9b2438', 'error_rate_percent', 9.14650251596112, 'percent', '2025-09-04T03:31:15.341316+00:00', '{}'),
    ('3091233b-b970-4adb-9e8b-0dc97cbf6050', 'error_rate_percent', 0.2711793595067, 'percent', '2025-09-04T02:31:15.341316+00:00', '{}'),
    ('df2d51c9-48a4-4f79-8ae8-e309e5e7c4d2', 'error_rate_percent', 8.35686009558402, 'percent', '2025-09-04T01:31:15.341316+00:00', '{}'),
    ('2860dc98-6522-4c74-b523-47b4f881d29b', 'error_rate_percent', 0.713527878444317, 'percent', '2025-09-04T00:31:15.341316+00:00', '{}'),
    ('9bca0d0e-7feb-4d64-b6e6-22511acd333d', 'error_rate_percent', 0.252276251516978, 'percent', '2025-09-03T23:31:15.341316+00:00', '{}'),
    ('7e79b1ca-0360-4112-81f4-b278b8ad238e', 'error_rate_percent', -3.30489928427474, 'percent', '2025-09-03T22:31:15.341316+00:00', '{}'),
    ('6e2a6f10-27e4-4804-a595-c9780d0b66fc', 'error_rate_percent', -6.22913060645319, 'percent', '2025-09-03T21:31:15.341316+00:00', '{}'),
    ('591313d6-f928-432a-83ed-71cb68b54946', 'error_rate_percent', -7.48954872294834, 'percent', '2025-09-03T20:31:15.341316+00:00', '{}'),
    ('26689091-aec3-4f07-ba0e-ed45cd97ea12', 'error_rate_percent', -3.33197681974847, 'percent', '2025-09-03T19:31:15.341316+00:00', '{}'),
    ('8392b5b9-2c7a-4bb3-9db8-432f64c84ee4', 'error_rate_percent', -4.7485506652025, 'percent', '2025-09-03T18:31:15.341316+00:00', '{}'),
    ('4defff08-f461-4440-8fd0-a7c427824f80', 'cpu_usage_percent', 41.3412668230346, 'percent', '2025-09-04T17:31:15.341316+00:00', '{}'),
    ('39cfd829-b377-46e4-9fbe-7a2708f92482', 'cpu_usage_percent', 33.1965426154555, 'percent', '2025-09-04T16:31:15.341316+00:00', '{}'),
    ('3262e5fc-6e2a-451a-8d03-8bddb6dc0bfc', 'cpu_usage_percent', 31.0313477271699, 'percent', '2025-09-04T15:31:15.341316+00:00', '{}'),
    ('aaaecefe-7367-467d-8f64-e748c20f3ac9', 'cpu_usage_percent', 27.2374230016748, 'percent', '2025-09-04T14:31:15.341316+00:00', '{}'),
    ('1d60c29a-ccbb-450d-bfba-07f5985db105', 'cpu_usage_percent', 35.2882044085743, 'percent', '2025-09-04T13:31:15.341316+00:00', '{}'),
    ('d7734194-0ea3-4b16-b3ec-86a3693150a3', 'cpu_usage_percent', 42.6908064731461, 'percent', '2025-09-04T12:31:15.341316+00:00', '{}'),
    ('ceabc4e5-6e5a-49bc-96d4-8ab7c9b043cf', 'cpu_usage_percent', 26.1875064515698, 'percent', '2025-09-04T11:31:15.341316+00:00', '{}'),
    ('075c1ded-dc4a-481c-96d1-585a1b969a94', 'cpu_usage_percent', 36.3086376423277, 'percent', '2025-09-04T10:31:15.341316+00:00', '{}'),
    ('2bf85e7a-7a61-4359-b35b-b2bfac7fdb81', 'cpu_usage_percent', 35.5607307252193, 'percent', '2025-09-04T09:31:15.341316+00:00', '{}'),
    ('da5e0ca4-c554-447f-be6f-d47031c873b4', 'cpu_usage_percent', 39.7492249945659, 'percent', '2025-09-04T08:31:15.341316+00:00', '{}'),
    ('d239b05e-49b3-4d69-9cbb-f7d5e4bfe9ae', 'cpu_usage_percent', 42.2143170997441, 'percent', '2025-09-04T07:31:15.341316+00:00', '{}'),
    ('cba8e4e0-a0f5-43ab-9f7c-5f8d7533b8c5', 'cpu_usage_percent', 38.2348745517993, 'percent', '2025-09-04T06:31:15.341316+00:00', '{}'),
    ('14e2b3d0-4092-499e-81cf-a2804863fdb9', 'cpu_usage_percent', 38.7173316216893, 'percent', '2025-09-04T05:31:15.341316+00:00', '{}'),
    ('1f139c5b-4e2a-4305-9eb4-8ea68c06d0b1', 'cpu_usage_percent', 36.594017841831, 'percent', '2025-09-04T04:31:15.341316+00:00', '{}'),
    ('55f34e9a-6985-43ae-a753-f3d4772cc233', 'cpu_usage_percent', 41.453129800181, 'percent', '2025-09-04T03:31:15.341316+00:00', '{}'),
    ('4f055258-72b6-4b41-91b3-f8b06959b029', 'cpu_usage_percent', 25.2215877038, 'percent', '2025-09-04T02:31:15.341316+00:00', '{}'),
    ('05c1e09d-9023-45b8-9874-bea35df7bba1', 'cpu_usage_percent', 32.6514160827168, 'percent', '2025-09-04T01:31:15.341316+00:00', '{}'),
    ('ace67e4e-6e64-4c24-ad12-31a92de931a2', 'cpu_usage_percent', 29.9405724371083, 'percent', '2025-09-04T00:31:15.341316+00:00', '{}'),
    ('58931bf1-3211-4ac4-8d25-b4aa54927cf4', 'cpu_usage_percent', 35.8796872459289, 'percent', '2025-09-03T23:31:15.341316+00:00', '{}'),
    ('0024b0c4-2fed-4f17-8546-57c9b1253034', 'cpu_usage_percent', 34.6487814184829, 'percent', '2025-09-03T22:31:15.341316+00:00', '{}'),
    ('c9a207f8-9ec8-4365-8632-afb3155669fd', 'cpu_usage_percent', 25.2029633310382, 'percent', '2025-09-03T21:31:15.341316+00:00', '{}'),
    ('4b3776b0-04de-4dfc-a254-b4be4e998479', 'cpu_usage_percent', 25.3833105064367, 'percent', '2025-09-03T20:31:15.341316+00:00', '{}'),
    ('e4787c3a-c187-43f3-a0c8-7f87db1ab09d', 'cpu_usage_percent', 44.0439416577777, 'percent', '2025-09-03T19:31:15.341316+00:00', '{}'),
    ('47050f39-3826-43bc-9492-3727a76c1275', 'cpu_usage_percent', 36.6005056196509, 'percent', '2025-09-03T18:31:15.341316+00:00', '{}'),
    ('d17a19fe-92aa-4285-be11-ac23b8728788', 'memory_usage_percent', 51.3427279187888, 'percent', '2025-09-04T17:31:15.341316+00:00', '{}'),
    ('18106217-9b0a-4c0f-aeea-e0b55588ae81', 'memory_usage_percent', 66.6809397280789, 'percent', '2025-09-04T16:31:15.341316+00:00', '{}'),
    ('d918ece8-d992-47a4-a03a-875270945f6b', 'memory_usage_percent', 69.1370993672983, 'percent', '2025-09-04T15:31:15.341316+00:00', '{}'),
    ('638ca03f-04a3-4524-ab0a-6b1dfe961900', 'memory_usage_percent', 57.3081130304984, 'percent', '2025-09-04T14:31:15.341316+00:00', '{}'),
    ('8950b168-80f8-4d3a-9abc-a95420e847cf', 'memory_usage_percent', 65.3208925177201, 'percent', '2025-09-04T13:31:15.341316+00:00', '{}'),
    ('60998f38-5c48-445c-873d-3f81b53e2421', 'memory_usage_percent', 57.0996851388947, 'percent', '2025-09-04T12:31:15.341316+00:00', '{}'),
    ('80e0b113-aaec-402c-9075-591a58374ddb', 'memory_usage_percent', 58.5106270910628, 'percent', '2025-09-04T11:31:15.341316+00:00', '{}'),
    ('9b06e475-0e18-4f2c-aaaf-b90c62891f85', 'memory_usage_percent', 62.7951058935341, 'percent', '2025-09-04T10:31:15.341316+00:00', '{}'),
    ('97cc995e-8c7b-4098-9328-43230e8062fd', 'memory_usage_percent', 66.1975495377684, 'percent', '2025-09-04T09:31:15.341316+00:00', '{}'),
    ('630cbdd8-2898-4b6d-8c26-62ab52781ca4', 'memory_usage_percent', 64.3488394187496, 'percent', '2025-09-04T08:31:15.341316+00:00', '{}'),
    ('9016d490-76f2-46f0-b50a-18fdc2f62569', 'memory_usage_percent', 69.2343868720627, 'percent', '2025-09-04T07:31:15.341316+00:00', '{}'),
    ('581cd1b5-81c7-42be-9754-7cdb799a6746', 'memory_usage_percent', 60.004164163839, 'percent', '2025-09-04T06:31:15.341316+00:00', '{}'),
    ('46125187-1eb3-42f9-9333-9c9befa18073', 'memory_usage_percent', 69.4728880804005, 'percent', '2025-09-04T05:31:15.341316+00:00', '{}'),
    ('ecf8197c-1548-4b53-9579-0f8bb9a9c816', 'memory_usage_percent', 67.4620727132642, 'percent', '2025-09-04T04:31:15.341316+00:00', '{}'),
    ('ecd1125b-18c1-4127-9c85-229892a96950', 'memory_usage_percent', 51.3471137362325, 'percent', '2025-09-04T03:31:15.341316+00:00', '{}'),
    ('fd97e219-7a24-44d4-be95-55f24f9035f5', 'memory_usage_percent', 65.0790313457439, 'percent', '2025-09-04T02:31:15.341316+00:00', '{}'),
    ('20732d69-9cb6-4c93-9d00-e9aa51bcb02f', 'memory_usage_percent', 52.5828463973435, 'percent', '2025-09-04T01:31:15.341316+00:00', '{}'),
    ('6c74dbcf-07f4-429f-b91a-6edeca698fb9', 'memory_usage_percent', 67.2400080549003, 'percent', '2025-09-04T00:31:15.341316+00:00', '{}'),
    ('e617b54f-b2cf-4336-8e2e-aa3d9e1ca480', 'memory_usage_percent', 53.961680657411, 'percent', '2025-09-03T23:31:15.341316+00:00', '{}'),
    ('3330020e-0a70-4451-b9e4-a5530e3e8e02', 'memory_usage_percent', 68.0194930934234, 'percent', '2025-09-03T22:31:15.341316+00:00', '{}'),
    ('ad1bee2d-51d2-47ec-ad50-eff4247e7fa9', 'memory_usage_percent', 69.977429686897, 'percent', '2025-09-03T21:31:15.341316+00:00', '{}'),
    ('0b5eafd4-35ed-4a47-b8f3-ed272152f827', 'memory_usage_percent', 51.0230857633166, 'percent', '2025-09-03T20:31:15.341316+00:00', '{}'),
    ('47e35a9e-2a23-4bee-82e1-3a2ac88d505a', 'memory_usage_percent', 58.3826687986251, 'percent', '2025-09-03T19:31:15.341316+00:00', '{}'),
    ('ab310e9e-027d-4d8d-836c-6b263c6753ca', 'memory_usage_percent', 58.9902536710115, 'percent', '2025-09-03T18:31:15.341316+00:00', '{}'),
    ('22e76ce3-aa4c-4d47-834e-524e64953b02', 'active_connections', 36.4543860742174, 'count', '2025-09-04T17:31:15.341316+00:00', '{}'),
    ('ffb021f2-48b7-48bf-ab8b-59188bb185e8', 'active_connections', 40.857480979192, 'count', '2025-09-04T16:31:15.341316+00:00', '{}'),
    ('aad4e9b1-6c39-4578-96c7-190632642064', 'active_connections', 54.7908111977896, 'count', '2025-09-04T15:31:15.341316+00:00', '{}'),
    ('81b7b77a-9f76-4382-b07a-c1b56255e625', 'active_connections', 43.6305073198191, 'count', '2025-09-04T14:31:15.341316+00:00', '{}');

INSERT INTO "system_metrics" ("id", "metric_name", "metric_value", "metric_unit", "recorded_at", "metadata") VALUES
    ('4d22f1e4-4142-4c4c-a9f9-013fb757bc90', 'active_connections', 47.9961016578136, 'count', '2025-09-04T13:31:15.341316+00:00', '{}'),
    ('8ad11451-5827-4f81-987e-80846dfe2ca2', 'active_connections', 49.7589183483257, 'count', '2025-09-04T12:31:15.341316+00:00', '{}'),
    ('2970d392-a6c1-4aca-8328-065d61e1570c', 'active_connections', 46.4467222636623, 'count', '2025-09-04T11:31:15.341316+00:00', '{}'),
    ('f88dafc4-1612-44f6-8693-18425e111f45', 'active_connections', 41.7683244509652, 'count', '2025-09-04T10:31:15.341316+00:00', '{}'),
    ('59c830a9-7df3-4b27-b7fe-f3fd52b9ec57', 'active_connections', 43.041392419641, 'count', '2025-09-04T09:31:15.341316+00:00', '{}'),
    ('c26bc747-885a-4bb5-bb3d-6c15776fa783', 'active_connections', 52.8865567181415, 'count', '2025-09-04T08:31:15.341316+00:00', '{}'),
    ('4debae9c-f542-4493-8908-cf86aae3b93a', 'active_connections', 48.9245746842431, 'count', '2025-09-04T07:31:15.341316+00:00', '{}'),
    ('92f4e5c6-3bfb-44f9-aca4-4e70e5a27f77', 'active_connections', 43.8105701845921, 'count', '2025-09-04T06:31:15.341316+00:00', '{}'),
    ('dc689d22-e7a6-4585-b472-a75664f7bcf0', 'active_connections', 50.0950084659853, 'count', '2025-09-04T05:31:15.341316+00:00', '{}'),
    ('4537050a-bd6a-43a9-8709-e4090356d358', 'active_connections', 54.5702789259084, 'count', '2025-09-04T04:31:15.341316+00:00', '{}'),
    ('efde2cf0-97bf-4d1f-96e6-160e014a2515', 'active_connections', 42.6689649172637, 'count', '2025-09-04T03:31:15.341316+00:00', '{}'),
    ('779cdd45-07d9-4a17-9abd-1b729ba3269c', 'active_connections', 37.8946566373158, 'count', '2025-09-04T02:31:15.341316+00:00', '{}'),
    ('a8b8c457-e913-4022-8139-61c04ef94d44', 'active_connections', 52.2880442942242, 'count', '2025-09-04T01:31:15.341316+00:00', '{}'),
    ('cc9e8d4b-87ef-4505-87c2-7952cebec510', 'active_connections', 35.6510145100585, 'count', '2025-09-04T00:31:15.341316+00:00', '{}'),
    ('8e3595c1-6a8a-4db0-ac6d-686360b907c2', 'active_connections', 38.9111482595505, 'count', '2025-09-03T23:31:15.341316+00:00', '{}'),
    ('728ff603-4209-41ec-8848-139be85b06cc', 'active_connections', 35.702551079167, 'count', '2025-09-03T22:31:15.341316+00:00', '{}'),
    ('f7aa278e-2475-46bd-852d-6b029daffd50', 'active_connections', 49.286841566697, 'count', '2025-09-03T21:31:15.341316+00:00', '{}'),
    ('d7925eb5-e703-4237-9154-3e5126fd4a5c', 'active_connections', 48.0068475449232, 'count', '2025-09-03T20:31:15.341316+00:00', '{}'),
    ('820105c6-d292-4429-9423-a92765e1b460', 'active_connections', 51.186209148147, 'count', '2025-09-03T19:31:15.341316+00:00', '{}'),
    ('9a09820e-7641-4aca-b110-8f72e20c4b11', 'active_connections', 51.2554163886063, 'count', '2025-09-03T18:31:15.341316+00:00', '{}'),
    ('e6cb759c-2b4a-4b83-9a3b-517ea5606f59', 'response_time_ms', 142.378047605534, 'milliseconds', '2025-09-04T17:31:15.341316+00:00', '{}'),
    ('3a258317-3898-4055-a6e4-b70108b4d73a', 'response_time_ms', 144.501074617855, 'milliseconds', '2025-09-04T16:31:15.341316+00:00', '{}'),
    ('5a4299bb-37c9-4bfb-b103-1e78105aadde', 'response_time_ms', 153.719989418771, 'milliseconds', '2025-09-04T15:31:15.341316+00:00', '{}'),
    ('d623243b-f4b3-4854-98cb-7dd1faa985be', 'response_time_ms', 144.012176140967, 'milliseconds', '2025-09-04T14:31:15.341316+00:00', '{}'),
    ('68d70cfe-a494-4be2-8440-8fb13794a909', 'response_time_ms', 142.86173628068, 'milliseconds', '2025-09-04T13:31:15.341316+00:00', '{}'),
    ('a15222b3-9685-4c26-aa54-a469e5b59712', 'response_time_ms', 149.444863547953, 'milliseconds', '2025-09-04T12:31:15.341316+00:00', '{}'),
    ('94109206-980b-4cb8-aa16-29773ffe006c', 'response_time_ms', 149.269389508534, 'milliseconds', '2025-09-04T11:31:15.341316+00:00', '{}'),
    ('c816796e-34c3-4fcc-9eb3-03e5522335d5', 'response_time_ms', 143.416292280502, 'milliseconds', '2025-09-04T10:31:15.341316+00:00', '{}'),
    ('d3a00206-7515-472a-97dd-f5e8f9f7f044', 'response_time_ms', 156.912706307585, 'milliseconds', '2025-09-04T09:31:15.341316+00:00', '{}'),
    ('24221b3f-13f5-409c-a8f4-a78c9f0155e9', 'response_time_ms', 142.721980646653, 'milliseconds', '2025-09-04T08:31:15.341316+00:00', '{}'),
    ('a2708b3d-c5f8-41d6-88c3-d26095652835', 'response_time_ms', 146.920073103224, 'milliseconds', '2025-09-04T07:31:15.341316+00:00', '{}'),
    ('62300265-edc8-4721-bd83-becddec10f88', 'response_time_ms', 150.542081350753, 'milliseconds', '2025-09-04T06:31:15.341316+00:00', '{}'),
    ('a326b50e-c2ef-4503-86f2-d7b14f109498', 'response_time_ms', 152.394146236671, 'milliseconds', '2025-09-04T05:31:15.341316+00:00', '{}'),
    ('b745ae30-496c-4429-919c-ea76771de4b9', 'response_time_ms', 150.625430377423, 'milliseconds', '2025-09-04T04:31:15.341316+00:00', '{}'),
    ('fdb8d08c-f5eb-4cc4-92b9-f379d0d5c0e0', 'response_time_ms', 143.061545588606, 'milliseconds', '2025-09-04T03:31:15.341316+00:00', '{}'),
    ('0d750488-f5fe-4c0e-85a9-688f311fa348', 'response_time_ms', 148.208463180065, 'milliseconds', '2025-09-04T02:31:15.341316+00:00', '{}'),
    ('dabbe9b5-a64c-4754-b42b-a40d1f03bf82', 'response_time_ms', 145.765840518791, 'milliseconds', '2025-09-04T01:31:15.341316+00:00', '{}'),
    ('1c49b94c-f032-448e-9a21-a27c0d950a79', 'response_time_ms', 148.310399701253, 'milliseconds', '2025-09-04T00:31:15.341316+00:00', '{}'),
    ('d690cbef-24be-4847-be2a-06e56870ed46', 'response_time_ms', 154.435342436837, 'milliseconds', '2025-09-03T23:31:15.341316+00:00', '{}'),
    ('1b69b0e6-577e-4617-a0d1-04ee45635d56', 'response_time_ms', 141.646458990125, 'milliseconds', '2025-09-03T22:31:15.341316+00:00', '{}'),
    ('151e7c36-3d7d-4bc2-abd6-6cf5356a2987', 'response_time_ms', 148.086847184584, 'milliseconds', '2025-09-03T21:31:15.341316+00:00', '{}'),
    ('7dbc125b-6bb4-4bee-9ed8-508de13b6149', 'response_time_ms', 158.233969775093, 'milliseconds', '2025-09-03T20:31:15.341316+00:00', '{}'),
    ('5b2fd1eb-f3b4-4f46-9738-ae9f5e56675e', 'response_time_ms', 155.915133209718, 'milliseconds', '2025-09-03T19:31:15.341316+00:00', '{}'),
    ('892610bd-4481-4981-909b-3ce0574f3645', 'response_time_ms', 152.354698258174, 'milliseconds', '2025-09-03T18:31:15.341316+00:00', '{}'),
    ('7ecbf8e0-be26-41b5-ad4c-1fee6a1452f9', 'error_rate_percent', -9.06536594527774, 'percent', '2025-09-04T17:31:15.341316+00:00', '{}'),
    ('20933055-a809-451e-ba2d-640f15f9687e', 'error_rate_percent', -7.3174809122482, 'percent', '2025-09-04T16:31:15.341316+00:00', '{}'),
    ('51845b00-a2f2-4519-9d5b-102967318c1c', 'error_rate_percent', 1.0889336486735, 'percent', '2025-09-04T15:31:15.341316+00:00', '{}'),
    ('11b4fb78-aeab-42bd-ae09-59240da5c6b5', 'error_rate_percent', 8.88473773443507, 'percent', '2025-09-04T14:31:15.341316+00:00', '{}'),
    ('aebe32b5-416a-4962-99fa-bb6e6539a1ca', 'error_rate_percent', 1.36850160092614, 'percent', '2025-09-04T13:31:15.341316+00:00', '{}'),
    ('3725a4f1-a526-4d8e-b5a2-ed5a077861d6', 'error_rate_percent', 1.60141589023944, 'percent', '2025-09-04T12:31:15.341316+00:00', '{}'),
    ('ac02436b-c0b6-4c66-8cff-604135c7fa85', 'error_rate_percent', -7.52068555794526, 'percent', '2025-09-04T11:31:15.341316+00:00', '{}'),
    ('811ea1be-233a-425f-8df5-c9a4a2dd3c9c', 'error_rate_percent', 10.0851030219612, 'percent', '2025-09-04T10:31:15.341316+00:00', '{}'),
    ('27ac77b9-6d91-4832-87a7-c7b55fc5ffe1', 'error_rate_percent', -7.15801873314763, 'percent', '2025-09-04T09:31:15.341316+00:00', '{}'),
    ('5ec9c97a-18c8-468c-9ebf-f036c8db0ac0', 'error_rate_percent', 8.7596540573064, 'percent', '2025-09-04T08:31:15.341316+00:00', '{}'),
    ('66264f34-a4e9-4ffc-8cd3-528bb6776ac3', 'error_rate_percent', 8.4665141063956, 'percent', '2025-09-04T07:31:15.341316+00:00', '{}'),
    ('ac5d4de8-1d8b-4506-9ea3-c58db09d8fd3', 'error_rate_percent', 6.58345844504582, 'percent', '2025-09-04T06:31:15.341316+00:00', '{}'),
    ('5789902e-6054-4695-8609-59283035f944', 'error_rate_percent', -8.21022000565765, 'percent', '2025-09-04T05:31:15.341316+00:00', '{}'),
    ('a2ea8c74-7e37-42c7-aec8-1eba349bcbd8', 'error_rate_percent', -4.09119097876384, 'percent', '2025-09-04T04:31:15.341316+00:00', '{}'),
    ('f486b9c1-024d-4e98-ab68-552bedba1d1b', 'error_rate_percent', 8.44524031061764, 'percent', '2025-09-04T03:31:15.341316+00:00', '{}'),
    ('cf9531f7-e09b-419a-9793-b1caba40e8cf', 'error_rate_percent', 9.50655655096682, 'percent', '2025-09-04T02:31:15.341316+00:00', '{}'),
    ('9f9b25cc-5e48-4607-9c5f-1597edad5146', 'error_rate_percent', 1.95807654412317, 'percent', '2025-09-04T01:31:15.341316+00:00', '{}'),
    ('3bc194c2-2fac-4de0-9694-a9a1e5018016', 'error_rate_percent', -8.00041204191136, 'percent', '2025-09-04T00:31:15.341316+00:00', '{}'),
    ('9b66270d-c876-4c16-9eb1-6e3e995f0179', 'error_rate_percent', -0.376248354427993, 'percent', '2025-09-03T23:31:15.341316+00:00', '{}'),
    ('4743a60e-c04a-4611-a403-90fc8d314363', 'error_rate_percent', -7.52449410782461, 'percent', '2025-09-03T22:31:15.341316+00:00', '{}'),
    ('319cd12b-fa61-4832-b6a9-e493b5f3b3ba', 'error_rate_percent', -0.116805045273816, 'percent', '2025-09-03T21:31:15.341316+00:00', '{}'),
    ('67098239-1bff-4090-92b0-f9247cf25661', 'error_rate_percent', -5.4963958336209, 'percent', '2025-09-03T20:31:15.341316+00:00', '{}'),
    ('43ead2e5-b0e5-42b1-a04d-6a336fa504de', 'error_rate_percent', -6.68394780954926, 'percent', '2025-09-03T19:31:15.341316+00:00', '{}'),
    ('1116ca75-aec1-4753-ac64-8eca61da6d92', 'error_rate_percent', -8.39707351155342, 'percent', '2025-09-03T18:31:15.341316+00:00', '{}'),
    ('26546e3e-bbdc-4522-af8f-fcebd1d17c13', 'cpu_usage_percent', 28.126910808159, 'percent', '2025-09-04T17:31:15.341316+00:00', '{}'),
    ('36c2f6c7-7896-4885-bc75-093d316d1bea', 'cpu_usage_percent', 43.184130992076, 'percent', '2025-09-04T16:31:15.341316+00:00', '{}'),
    ('7dfbdb74-7d24-48be-b9c1-dd4066dc6bd9', 'cpu_usage_percent', 36.2151170910368, 'percent', '2025-09-04T15:31:15.341316+00:00', '{}'),
    ('a0abe37d-e78d-48d8-b349-877fefd45573', 'cpu_usage_percent', 40.2660778831582, 'percent', '2025-09-04T14:31:15.341316+00:00', '{}'),
    ('00a039ab-8dc7-4176-803f-183786a30ff1', 'cpu_usage_percent', 29.1769221930098, 'percent', '2025-09-04T13:31:15.341316+00:00', '{}'),
    ('a406c6bc-57f1-4ebb-be2d-4b3672f35fdd', 'cpu_usage_percent', 37.2784738335905, 'percent', '2025-09-04T12:31:15.341316+00:00', '{}'),
    ('0008a3a1-0a2c-4f69-9599-3c02d738d0a8', 'cpu_usage_percent', 26.525195995077, 'percent', '2025-09-04T11:31:15.341316+00:00', '{}'),
    ('0b14944d-66a0-4bf9-bfa5-6169ff2795c2', 'cpu_usage_percent', 36.0679470373297, 'percent', '2025-09-04T10:31:15.341316+00:00', '{}'),
    ('a6701780-cf22-4e6f-9c0a-e7c0d9a7709e', 'cpu_usage_percent', 44.8928049451702, 'percent', '2025-09-04T09:31:15.341316+00:00', '{}'),
    ('84d05c37-93a9-43e0-ae50-d195ce06121b', 'cpu_usage_percent', 32.6565600335776, 'percent', '2025-09-04T08:31:15.341316+00:00', '{}'),
    ('f0e905b5-1bc0-4a6a-a954-27de9bc91414', 'cpu_usage_percent', 28.3791401406983, 'percent', '2025-09-04T07:31:15.341316+00:00', '{}'),
    ('e9a87609-82ec-4ad0-838d-da0dd1a4221e', 'cpu_usage_percent', 37.8268241359582, 'percent', '2025-09-04T06:31:15.341316+00:00', '{}'),
    ('606a9218-5e64-4ec7-8efc-f14ccad6361c', 'cpu_usage_percent', 41.2344710084394, 'percent', '2025-09-04T05:31:15.341316+00:00', '{}'),
    ('615a9384-df1c-4992-80ad-4d8c2d3f5faf', 'cpu_usage_percent', 28.3712841309404, 'percent', '2025-09-04T04:31:15.341316+00:00', '{}'),
    ('6baaf931-acdd-4d4e-9608-cc77457e4df0', 'cpu_usage_percent', 25.0327920374849, 'percent', '2025-09-04T03:31:15.341316+00:00', '{}'),
    ('10931ac8-50f8-4036-95b2-6575cb0b3b13', 'cpu_usage_percent', 28.4368013296778, 'percent', '2025-09-04T02:31:15.341316+00:00', '{}'),
    ('a0c83b0e-f453-4861-ae10-f1aef9032e2c', 'cpu_usage_percent', 34.8746950838065, 'percent', '2025-09-04T01:31:15.341316+00:00', '{}'),
    ('f8d2003b-1c6c-4c5c-9787-bff84eb32aa4', 'cpu_usage_percent', 34.7447142135312, 'percent', '2025-09-04T00:31:15.341316+00:00', '{}'),
    ('57c0716f-b2e2-4b3b-b2db-9fa60782ecb5', 'cpu_usage_percent', 36.6323797949076, 'percent', '2025-09-03T23:31:15.341316+00:00', '{}'),
    ('ffae5698-65c8-4991-a0db-33e73bb61866', 'cpu_usage_percent', 33.0189399960603, 'percent', '2025-09-03T22:31:15.341316+00:00', '{}'),
    ('f0efa923-5e19-4bcd-b5d6-bda6dcfa015b', 'cpu_usage_percent', 35.0271705706579, 'percent', '2025-09-03T21:31:15.341316+00:00', '{}'),
    ('a257294b-1910-433a-8883-079a78dd6483', 'cpu_usage_percent', 38.6020329562258, 'percent', '2025-09-03T20:31:15.341316+00:00', '{}'),
    ('ee1e2a9e-9b3c-4e91-b247-b7ab24e3ae5c', 'cpu_usage_percent', 41.8259746683471, 'percent', '2025-09-03T19:31:15.341316+00:00', '{}'),
    ('4dc05656-6074-4ae1-83f7-cfc5fb990497', 'cpu_usage_percent', 32.8761872378394, 'percent', '2025-09-03T18:31:15.341316+00:00', '{}'),
    ('9d662c35-a4ca-44b0-aa2f-3d133f675275', 'memory_usage_percent', 54.9521826926313, 'percent', '2025-09-04T17:31:15.341316+00:00', '{}'),
    ('5876aa6d-62d6-4a80-8074-735d39ba4522', 'memory_usage_percent', 60.2439745808748, 'percent', '2025-09-04T16:31:15.341316+00:00', '{}'),
    ('f4b0281f-54fb-44bb-815f-a9837d248c15', 'memory_usage_percent', 54.356367896616, 'percent', '2025-09-04T15:31:15.341316+00:00', '{}'),
    ('7ee01fbf-3e85-4be9-80c2-5872b83dacae', 'memory_usage_percent', 68.2103178976502, 'percent', '2025-09-04T14:31:15.341316+00:00', '{}'),
    ('aca49522-3f7a-4fd7-9f1d-fc035f4af898', 'memory_usage_percent', 67.7258976344562, 'percent', '2025-09-04T13:31:15.341316+00:00', '{}'),
    ('1420f3b4-0fe4-4b82-81b3-b5e2432b5433', 'memory_usage_percent', 55.2345328706518, 'percent', '2025-09-04T12:31:15.341316+00:00', '{}'),
    ('d1ceb782-0535-4055-b6d3-b3b398c07708', 'memory_usage_percent', 54.5185557145941, 'percent', '2025-09-04T11:31:15.341316+00:00', '{}'),
    ('1d6bc3b6-96a2-42cd-8e3e-194b09341b08', 'memory_usage_percent', 51.7023961508731, 'percent', '2025-09-04T10:31:15.341316+00:00', '{}');

INSERT INTO "system_metrics" ("id", "metric_name", "metric_value", "metric_unit", "recorded_at", "metadata") VALUES
    ('fa9b0e59-15cc-4a61-b8c7-5eef1c9836fd', 'memory_usage_percent', 67.722851520936, 'percent', '2025-09-04T09:31:15.341316+00:00', '{}'),
    ('27a7e39c-6737-4fa3-bdfe-3d8ea69b7f19', 'memory_usage_percent', 52.7101986217271, 'percent', '2025-09-04T08:31:15.341316+00:00', '{}'),
    ('30308157-d07b-47c7-867e-5e17163d2a00', 'memory_usage_percent', 50.3771825936347, 'percent', '2025-09-04T07:31:15.341316+00:00', '{}'),
    ('075af827-400d-47a2-93fd-c2adabbde81a', 'memory_usage_percent', 66.3379525370793, 'percent', '2025-09-04T06:31:15.341316+00:00', '{}'),
    ('f395fe14-a528-42e5-87d7-bcf64d23c42e', 'memory_usage_percent', 69.3003508320778, 'percent', '2025-09-04T05:31:15.341316+00:00', '{}'),
    ('af67c76b-5c54-4020-bdb4-3ea46cb3ae96', 'memory_usage_percent', 66.567893533127, 'percent', '2025-09-04T04:31:15.341316+00:00', '{}'),
    ('3538214b-c6bd-4a63-9a1c-8c9af4d58de8', 'memory_usage_percent', 60.2965665902522, 'percent', '2025-09-04T03:31:15.341316+00:00', '{}'),
    ('270c7176-05e1-480c-9818-aebb626a6450', 'memory_usage_percent', 69.2279152418315, 'percent', '2025-09-04T02:31:15.341316+00:00', '{}'),
    ('da291d8c-72b2-459e-a3a3-1569f25e32c6', 'memory_usage_percent', 59.0179702738304, 'percent', '2025-09-04T01:31:15.341316+00:00', '{}'),
    ('2cf7089c-deba-4a2e-a815-1cab75611ced', 'memory_usage_percent', 58.9918285620178, 'percent', '2025-09-04T00:31:15.341316+00:00', '{}'),
    ('26ccd5ef-40d2-4992-9f97-e5b1fcfc93fd', 'memory_usage_percent', 65.4907564903842, 'percent', '2025-09-03T23:31:15.341316+00:00', '{}'),
    ('b472f45b-be22-41e7-a23a-76155d9c0eff', 'memory_usage_percent', 56.6876627427053, 'percent', '2025-09-03T22:31:15.341316+00:00', '{}'),
    ('cc5bc80c-95b5-47de-90e0-5dbbaa81667b', 'memory_usage_percent', 67.3427417210564, 'percent', '2025-09-03T21:31:15.341316+00:00', '{}'),
    ('0b6b2c53-245d-4cd8-b434-be1e173ab552', 'memory_usage_percent', 56.3255610869515, 'percent', '2025-09-03T20:31:15.341316+00:00', '{}'),
    ('3c38b83b-7cc8-4290-95fa-308964a45109', 'memory_usage_percent', 66.043629113311, 'percent', '2025-09-03T19:31:15.341316+00:00', '{}'),
    ('a668a983-4f00-470d-8635-06e545b47ca3', 'memory_usage_percent', 63.380760612567, 'percent', '2025-09-03T18:31:15.341316+00:00', '{}'),
    ('013c3ac0-1a08-43b0-a17a-4b3b258b9697', 'active_connections', 46.617555451721, 'count', '2025-09-04T17:31:15.341316+00:00', '{}'),
    ('724cbda1-5e24-491e-980a-d381a805dae6', 'active_connections', 46.9756810163131, 'count', '2025-09-04T16:31:15.341316+00:00', '{}'),
    ('5db9a6ac-91fc-459f-82ce-bc946f22866e', 'active_connections', 44.9306780873646, 'count', '2025-09-04T15:31:15.341316+00:00', '{}'),
    ('5f9b5235-4b71-4ee6-9658-89b1025b9f7b', 'active_connections', 35.1499799895927, 'count', '2025-09-04T14:31:15.341316+00:00', '{}'),
    ('a20bfc99-6696-4c6d-8f12-85345d16c7f1', 'active_connections', 52.9227143738435, 'count', '2025-09-04T13:31:15.341316+00:00', '{}'),
    ('64b3ffaf-67af-43c2-9cea-728e29809084', 'active_connections', 52.8276473466485, 'count', '2025-09-04T12:31:15.341316+00:00', '{}'),
    ('f188de99-969f-4ad8-8c7f-a2d54e9c25b3', 'active_connections', 41.9891768461061, 'count', '2025-09-04T11:31:15.341316+00:00', '{}'),
    ('0d0ee10d-07d8-4697-9358-eb9144e5d9ac', 'active_connections', 40.5759168562299, 'count', '2025-09-04T10:31:15.341316+00:00', '{}'),
    ('ca37bf94-fd48-4af4-85e9-b2044265fd0d', 'active_connections', 45.1200624164334, 'count', '2025-09-04T09:31:15.341316+00:00', '{}'),
    ('97a6c9bc-3fc5-4593-8b25-5d4e09bd61ec', 'active_connections', 37.5378661921931, 'count', '2025-09-04T08:31:15.341316+00:00', '{}'),
    ('35f2ec17-7182-47e6-a83f-8ce2e3059f32', 'active_connections', 48.2741278031804, 'count', '2025-09-04T07:31:15.341316+00:00', '{}'),
    ('7c0217ec-b37c-459d-98ac-7eb5eeed8b5b', 'active_connections', 51.0222402045648, 'count', '2025-09-04T06:31:15.341316+00:00', '{}'),
    ('dcbf0e53-a698-4827-b5e0-762a07eec980', 'active_connections', 40.0564669719471, 'count', '2025-09-04T05:31:15.341316+00:00', '{}'),
    ('63c7c9df-486c-45de-889e-fd2940101700', 'active_connections', 38.7887687709065, 'count', '2025-09-04T04:31:15.341316+00:00', '{}'),
    ('bc662baa-1a9e-4e25-822d-1646d8277f48', 'active_connections', 50.445489508338, 'count', '2025-09-04T03:31:15.341316+00:00', '{}'),
    ('ced1e2d1-1216-470c-91ca-0a6f4af3be35', 'active_connections', 46.038732823264, 'count', '2025-09-04T02:31:15.341316+00:00', '{}'),
    ('06c34e9c-1a3c-49a5-aecd-6ad7be9f49f8', 'active_connections', 53.0394015345031, 'count', '2025-09-04T01:31:15.341316+00:00', '{}'),
    ('d6b0d13d-c5ca-4c96-93d0-9ddb449f35cb', 'active_connections', 35.757554659509, 'count', '2025-09-04T00:31:15.341316+00:00', '{}'),
    ('57e56266-be26-409e-b9ef-c5f79be75b3f', 'active_connections', 41.2779202180379, 'count', '2025-09-03T23:31:15.341316+00:00', '{}'),
    ('4f749c0f-036a-4c10-bb96-e367ba2e18ef', 'active_connections', 49.7778439054755, 'count', '2025-09-03T22:31:15.341316+00:00', '{}'),
    ('b3aa11d9-c62c-4189-a4c0-a08695045dcf', 'active_connections', 36.8127007088757, 'count', '2025-09-03T21:31:15.341316+00:00', '{}'),
    ('dee4ed52-4ec9-4cda-a28d-df20e1d41d90', 'active_connections', 37.61745801048, 'count', '2025-09-03T20:31:15.341316+00:00', '{}'),
    ('e32d8421-b2bf-42ab-b069-308f10aee80e', 'active_connections', 48.3800117844996, 'count', '2025-09-03T19:31:15.341316+00:00', '{}'),
    ('64f5e8a0-6268-4e09-a8d3-c0ae1c8e2f1c', 'active_connections', 35.9745217671821, 'count', '2025-09-03T18:31:15.341316+00:00', '{}'),
    ('9f4e8626-8260-4547-83d4-e0e9d927db93', 'response_time_ms', 144.217588965734, 'milliseconds', '2025-09-04T17:31:15.341316+00:00', '{}'),
    ('60b7cd21-7010-44e1-8816-352b827689c5', 'response_time_ms', 151.236748643406, 'milliseconds', '2025-09-04T16:31:15.341316+00:00', '{}'),
    ('12406072-1a25-4f62-8f19-4ea9fab0f104', 'response_time_ms', 154.104951905957, 'milliseconds', '2025-09-04T15:31:15.341316+00:00', '{}'),
    ('44a92710-2334-42eb-897a-ccd63f5034d5', 'response_time_ms', 143.049646733019, 'milliseconds', '2025-09-04T14:31:15.341316+00:00', '{}'),
    ('6490ffb3-e61f-4bf7-8041-6f75f0955afd', 'response_time_ms', 141.496837931062, 'milliseconds', '2025-09-04T13:31:15.341316+00:00', '{}'),
    ('5941fe15-35c1-43ea-a9a8-b0c124af4364', 'response_time_ms', 144.882099463802, 'milliseconds', '2025-09-04T12:31:15.341316+00:00', '{}'),
    ('a1a91fc4-1b27-4c59-be7a-379f1b39919a', 'response_time_ms', 152.760427801972, 'milliseconds', '2025-09-04T11:31:15.341316+00:00', '{}'),
    ('ef5af7ad-dc92-40d9-bf75-e148fbe9f206', 'response_time_ms', 146.113401663299, 'milliseconds', '2025-09-04T10:31:15.341316+00:00', '{}'),
    ('44a50b08-2fca-4037-b3c1-e7ced179d82a', 'response_time_ms', 159.117154253069, 'milliseconds', '2025-09-04T09:31:15.341316+00:00', '{}'),
    ('baebf967-9104-4815-9d86-e7c3146c3183', 'response_time_ms', 144.731328738423, 'milliseconds', '2025-09-04T08:31:15.341316+00:00', '{}'),
    ('df425265-c32c-425f-9917-fef1440cbf92', 'response_time_ms', 153.552886326147, 'milliseconds', '2025-09-04T07:31:15.341316+00:00', '{}'),
    ('2686aa47-8084-4c40-bc41-47b80c82222d', 'response_time_ms', 148.135107577753, 'milliseconds', '2025-09-04T06:31:15.341316+00:00', '{}'),
    ('2be9eb45-184d-41ad-8c91-093076e78fea', 'response_time_ms', 153.00779211669, 'milliseconds', '2025-09-04T05:31:15.341316+00:00', '{}'),
    ('c1d3c2d4-663d-4da3-bc54-9e9f7aa97f59', 'response_time_ms', 157.3801200787, 'milliseconds', '2025-09-04T04:31:15.341316+00:00', '{}'),
    ('9e73601d-6682-41e9-a87e-ac5567cbcbd2', 'response_time_ms', 148.630139813009, 'milliseconds', '2025-09-04T03:31:15.341316+00:00', '{}'),
    ('294fe2ca-de28-4854-8d49-208fcf1926c1', 'response_time_ms', 148.894265642727, 'milliseconds', '2025-09-04T02:31:15.341316+00:00', '{}'),
    ('251d87c7-b14b-41a7-a797-bc88f440530e', 'response_time_ms', 142.074567696383, 'milliseconds', '2025-09-04T01:31:15.341316+00:00', '{}'),
    ('bafdcdf9-3902-43ba-af6e-7b825e1cc179', 'response_time_ms', 157.637567225029, 'milliseconds', '2025-09-04T00:31:15.341316+00:00', '{}'),
    ('25e915b7-bd12-450d-a6f4-163b5d7a6df9', 'response_time_ms', 154.523901354398, 'milliseconds', '2025-09-03T23:31:15.341316+00:00', '{}'),
    ('6e8c6b7a-5b87-44ae-93b7-9984aacda237', 'response_time_ms', 146.064811314526, 'milliseconds', '2025-09-03T22:31:15.341316+00:00', '{}'),
    ('729531e6-93aa-4bef-bae5-c7764a0a942e', 'response_time_ms', 142.202364338315, 'milliseconds', '2025-09-03T21:31:15.341316+00:00', '{}'),
    ('4f24ede3-a528-4332-a8b6-b1c245573a3b', 'response_time_ms', 159.919791419869, 'milliseconds', '2025-09-03T20:31:15.341316+00:00', '{}'),
    ('6d74601f-0936-46ed-a7b3-0096df8e15b2', 'response_time_ms', 150.058848728742, 'milliseconds', '2025-09-03T19:31:15.341316+00:00', '{}'),
    ('5c8ded12-5d85-421a-aab4-cb2150826949', 'response_time_ms', 155.83317638328, 'milliseconds', '2025-09-03T18:31:15.341316+00:00', '{}'),
    ('8ebf4d45-8d6d-41ff-93cc-f1a9bb738720', 'error_rate_percent', -8.04441372036258, 'percent', '2025-09-04T17:31:15.341316+00:00', '{}'),
    ('5dee3a82-007c-44bb-96d0-d89748bd30fe', 'error_rate_percent', 3.86729795512665, 'percent', '2025-09-04T16:31:15.341316+00:00', '{}'),
    ('de6ae5ef-6150-4fed-b725-d9f993db3855', 'error_rate_percent', 2.2731114798098, 'percent', '2025-09-04T15:31:15.341316+00:00', '{}'),
    ('b8b1cf8e-27de-4311-98ba-aba8ca7cd7f5', 'error_rate_percent', 8.53575852940339, 'percent', '2025-09-04T14:31:15.341316+00:00', '{}'),
    ('d2ea69d9-4274-43c7-9047-931dfc0718c0', 'error_rate_percent', -2.70486996852953, 'percent', '2025-09-04T13:31:15.341316+00:00', '{}'),
    ('a6721365-2feb-4b27-b0ae-e550061decbf', 'error_rate_percent', -4.8671162739263, 'percent', '2025-09-04T12:31:15.341316+00:00', '{}'),
    ('035f49dd-b8f1-470f-a6a8-6a137091335d', 'error_rate_percent', 3.60424917173393, 'percent', '2025-09-04T11:31:15.341316+00:00', '{}'),
    ('b3cef2b0-dbb6-4ce0-a6af-9c339b763c12', 'error_rate_percent', 9.45882089324403, 'percent', '2025-09-04T10:31:15.341316+00:00', '{}'),
    ('a303d019-f50e-456f-ad8e-53c63e5dd7e9', 'error_rate_percent', 6.57727180657204, 'percent', '2025-09-04T09:31:15.341316+00:00', '{}'),
    ('626440a7-403d-4a9d-b11d-3229806c6333', 'error_rate_percent', -4.20442237779234, 'percent', '2025-09-04T08:31:15.341316+00:00', '{}'),
    ('b9c06c33-b613-4ce2-ab57-19cfca0b5ab4', 'error_rate_percent', -1.54228349396287, 'percent', '2025-09-04T07:31:15.341316+00:00', '{}'),
    ('ca1ef6a3-46c0-43a1-a9e8-8db5d144c52b', 'error_rate_percent', 9.57917767036685, 'percent', '2025-09-04T06:31:15.341316+00:00', '{}'),
    ('b2de0705-53b1-4d18-b822-8d03747c8581', 'error_rate_percent', -4.57704540566935, 'percent', '2025-09-04T05:31:15.341316+00:00', '{}'),
    ('32d9fe59-8a70-4aa5-a54c-ef06a29139df', 'error_rate_percent', -1.54175449868429, 'percent', '2025-09-04T04:31:15.341316+00:00', '{}'),
    ('24569d87-d130-4da6-82d9-998418b3e3d4', 'error_rate_percent', -5.88870830711242, 'percent', '2025-09-04T03:31:15.341316+00:00', '{}'),
    ('54553b00-2c7c-4304-bcfc-93d48b71a32d', 'error_rate_percent', 5.01387344234483, 'percent', '2025-09-04T02:31:15.341316+00:00', '{}'),
    ('d3b81eba-34ed-46ca-ad5a-18d5fb406dd0', 'error_rate_percent', 8.82986666409312, 'percent', '2025-09-04T01:31:15.341316+00:00', '{}'),
    ('47cbd4df-09f3-41a6-87f5-c51b843d4239', 'error_rate_percent', -0.0861179048835439, 'percent', '2025-09-04T00:31:15.341316+00:00', '{}'),
    ('7fb36f23-93df-420c-9525-9afe00fd9336', 'error_rate_percent', -4.27552714111197, 'percent', '2025-09-03T23:31:15.341316+00:00', '{}'),
    ('f24ae069-ae13-4809-8701-b7aff0c73e07', 'error_rate_percent', 8.17586443955972, 'percent', '2025-09-03T22:31:15.341316+00:00', '{}'),
    ('fabaf0d1-463f-43b0-8225-63668dc6c828', 'error_rate_percent', 3.24703626881673, 'percent', '2025-09-03T21:31:15.341316+00:00', '{}'),
    ('92658cf3-a276-42ff-80de-612ae47d77e1', 'error_rate_percent', -5.25466893769042, 'percent', '2025-09-03T20:31:15.341316+00:00', '{}'),
    ('dffa3a47-9984-4dca-b1a4-4ad1a1183de5', 'error_rate_percent', 1.42519549688332, 'percent', '2025-09-03T19:31:15.341316+00:00', '{}'),
    ('54d50100-a713-425b-8a29-38f9bd1a8a69', 'error_rate_percent', 1.13018296894813, 'percent', '2025-09-03T18:31:15.341316+00:00', '{}'),
    ('b5909c9c-9ca0-4bd3-a920-75191ded630b', 'cpu_usage_percent', 26.3817362532176, 'percent', '2025-09-04T17:31:15.341316+00:00', '{}'),
    ('f9751178-7201-4c35-bc73-15ad764081b7', 'cpu_usage_percent', 27.2154040859707, 'percent', '2025-09-04T16:31:15.341316+00:00', '{}'),
    ('f90937f2-d6a6-4a1b-b368-68e433a1b9f4', 'cpu_usage_percent', 25.7444310520151, 'percent', '2025-09-04T15:31:15.341316+00:00', '{}'),
    ('1b18efdb-3eeb-46a9-9dde-1a2b93b4522c', 'cpu_usage_percent', 44.424955726938, 'percent', '2025-09-04T14:31:15.341316+00:00', '{}'),
    ('f9b53d5f-0c09-4a11-bc07-9c3fcc4cb4f7', 'cpu_usage_percent', 43.360646302044, 'percent', '2025-09-04T13:31:15.341316+00:00', '{}'),
    ('ce8cceea-7ad5-4be8-a2db-df3c12521250', 'cpu_usage_percent', 26.4661992694037, 'percent', '2025-09-04T12:31:15.341316+00:00', '{}'),
    ('30134002-28a2-4254-8d46-210a20b9234f', 'cpu_usage_percent', 42.4833748095358, 'percent', '2025-09-04T11:31:15.341316+00:00', '{}'),
    ('a818d0ea-1111-43b8-ad12-2d4b64f44c96', 'cpu_usage_percent', 36.0855668601252, 'percent', '2025-09-04T10:31:15.341316+00:00', '{}'),
    ('cdbb1282-0ff6-46b3-85fd-a802deac1300', 'cpu_usage_percent', 37.3721070761693, 'percent', '2025-09-04T09:31:15.341316+00:00', '{}'),
    ('bb472267-e95a-41ac-abe2-2faca814ba8d', 'cpu_usage_percent', 42.9922609196162, 'percent', '2025-09-04T08:31:15.341316+00:00', '{}'),
    ('23e53c37-d887-47af-aea7-049e9c844a65', 'cpu_usage_percent', 37.4411094077015, 'percent', '2025-09-04T07:31:15.341316+00:00', '{}'),
    ('7cd5f0c4-73fb-4c17-bc5a-e1e9ba9d6642', 'cpu_usage_percent', 32.2180723947026, 'percent', '2025-09-04T06:31:15.341316+00:00', '{}');

INSERT INTO "system_metrics" ("id", "metric_name", "metric_value", "metric_unit", "recorded_at", "metadata") VALUES
    ('eb091371-b965-4085-8076-622717fd15d5', 'cpu_usage_percent', 44.4266905698874, 'percent', '2025-09-04T05:31:15.341316+00:00', '{}'),
    ('6801e71e-c18c-45e4-b09f-d5037e5acd99', 'cpu_usage_percent', 44.7193091386992, 'percent', '2025-09-04T04:31:15.341316+00:00', '{}'),
    ('6c26994e-b090-418d-a651-ab15ee6e7168', 'cpu_usage_percent', 28.8404488567835, 'percent', '2025-09-04T03:31:15.341316+00:00', '{}'),
    ('9ec92dfc-65dc-4fd5-baae-c39988184522', 'cpu_usage_percent', 43.9766876082881, 'percent', '2025-09-04T02:31:15.341316+00:00', '{}'),
    ('8b315080-441b-4dcc-a5a4-19cdb4d7f98a', 'cpu_usage_percent', 26.9662316497238, 'percent', '2025-09-04T01:31:15.341316+00:00', '{}'),
    ('05d7377a-85cf-4ae1-8e49-25c1aaaade1c', 'cpu_usage_percent', 37.1271186704981, 'percent', '2025-09-04T00:31:15.341316+00:00', '{}'),
    ('d19d562d-8024-4ef6-9bb2-e6751c0598cc', 'cpu_usage_percent', 40.832055107088, 'percent', '2025-09-03T23:31:15.341316+00:00', '{}'),
    ('52d4af8b-cac2-4dca-be63-499e7d837714', 'cpu_usage_percent', 31.6426166310923, 'percent', '2025-09-03T22:31:15.341316+00:00', '{}'),
    ('099c27d5-7d0f-4dba-b022-0eae2c72e7cb', 'cpu_usage_percent', 26.5053890274333, 'percent', '2025-09-03T21:31:15.341316+00:00', '{}'),
    ('86682e32-5ad1-48aa-9514-5296854056f0', 'cpu_usage_percent', 28.341285801217, 'percent', '2025-09-03T20:31:15.341316+00:00', '{}'),
    ('79ccc1b4-860e-43b2-bc75-bc9fa82bd09b', 'cpu_usage_percent', 32.5119219860853, 'percent', '2025-09-03T19:31:15.341316+00:00', '{}'),
    ('394adc95-8c23-413c-b203-cc7b73dbbad3', 'cpu_usage_percent', 25.4193380395054, 'percent', '2025-09-03T18:31:15.341316+00:00', '{}'),
    ('441e608d-e6bd-4024-9cb4-e8da9e259d3a', 'memory_usage_percent', 59.8538925098585, 'percent', '2025-09-04T17:31:15.341316+00:00', '{}'),
    ('67428bcf-2b0b-4c4d-aac8-dd11fce6e011', 'memory_usage_percent', 57.8401883529476, 'percent', '2025-09-04T16:31:15.341316+00:00', '{}'),
    ('07f3049c-8db1-4210-8389-88d12307c422', 'memory_usage_percent', 63.6290008839453, 'percent', '2025-09-04T15:31:15.341316+00:00', '{}'),
    ('16da46af-48e8-4368-9103-f24fb569ac22', 'memory_usage_percent', 67.9031286244543, 'percent', '2025-09-04T14:31:15.341316+00:00', '{}'),
    ('57e919ab-9c27-4b89-a91c-b3214186f8e0', 'memory_usage_percent', 52.6533760174731, 'percent', '2025-09-04T13:31:15.341316+00:00', '{}'),
    ('89ab2318-9c32-45cb-8f72-d2a8b0fd00c1', 'memory_usage_percent', 56.1003519409186, 'percent', '2025-09-04T12:31:15.341316+00:00', '{}'),
    ('22bd4f62-287d-4413-8235-f9d4272079e8', 'memory_usage_percent', 61.5055214175216, 'percent', '2025-09-04T11:31:15.341316+00:00', '{}'),
    ('fcfe52e8-992c-4b5d-a06d-0df31995cc86', 'memory_usage_percent', 62.2879791540593, 'percent', '2025-09-04T10:31:15.341316+00:00', '{}'),
    ('86225f86-3542-4d24-b35e-7d81f61a9a86', 'memory_usage_percent', 66.2374445296251, 'percent', '2025-09-04T09:31:15.341316+00:00', '{}'),
    ('946ce736-cffa-4860-895c-6e99666f0533', 'memory_usage_percent', 65.4145187736437, 'percent', '2025-09-04T08:31:15.341316+00:00', '{}'),
    ('eb154080-0734-47f4-b7d7-189071804f1d', 'memory_usage_percent', 68.5354845768333, 'percent', '2025-09-04T07:31:15.341316+00:00', '{}'),
    ('c74189b8-7b4a-4b48-983e-3463df6651dd', 'memory_usage_percent', 62.3651795211113, 'percent', '2025-09-04T06:31:15.341316+00:00', '{}'),
    ('f30f67b4-cad8-429e-87da-7a204dcddbb6', 'memory_usage_percent', 60.6882494406442, 'percent', '2025-09-04T05:31:15.341316+00:00', '{}'),
    ('57d8026f-9988-4ff3-864a-2843626ef8cc', 'memory_usage_percent', 51.2753204765065, 'percent', '2025-09-04T04:31:15.341316+00:00', '{}'),
    ('f33ca9d6-4e76-483e-b70d-3b467698fefe', 'memory_usage_percent', 64.2540979171868, 'percent', '2025-09-04T03:31:15.341316+00:00', '{}'),
    ('f27787ba-3fde-41f9-b96a-6731488148f8', 'memory_usage_percent', 55.263616359291, 'percent', '2025-09-04T02:31:15.341316+00:00', '{}'),
    ('5f9a6e63-0cf9-45f9-bccb-66f8fc420138', 'memory_usage_percent', 67.1675076889472, 'percent', '2025-09-04T01:31:15.341316+00:00', '{}'),
    ('81d564f3-ae33-4175-8e6a-1fbd4dc6903b', 'memory_usage_percent', 50.5469954891188, 'percent', '2025-09-04T00:31:15.341316+00:00', '{}'),
    ('eadb5bd4-5cdd-4533-9c1c-068220847eec', 'memory_usage_percent', 67.2531264438319, 'percent', '2025-09-03T23:31:15.341316+00:00', '{}'),
    ('5e480da3-7cec-463a-8c4c-3486c9ca28c5', 'memory_usage_percent', 52.9585902131835, 'percent', '2025-09-03T22:31:15.341316+00:00', '{}'),
    ('61ec1821-01c5-4c38-bd1a-5006361db650', 'memory_usage_percent', 53.989866323303, 'percent', '2025-09-03T21:31:15.341316+00:00', '{}'),
    ('e84ddff4-bba9-4985-88de-7153b16e27eb', 'memory_usage_percent', 63.9737949118819, 'percent', '2025-09-03T20:31:15.341316+00:00', '{}'),
    ('03723abf-acfe-4c10-aaf6-02f63c209c9d', 'memory_usage_percent', 58.9538922470772, 'percent', '2025-09-03T19:31:15.341316+00:00', '{}'),
    ('0327fe96-1b18-40ea-b301-9dba7fc53bd4', 'memory_usage_percent', 50.1401887526986, 'percent', '2025-09-03T18:31:15.341316+00:00', '{}'),
    ('b979d122-f0ef-4591-adb2-e18fc7728827', 'active_connections', 52.4267299004988, 'count', '2025-09-04T17:31:15.341316+00:00', '{}'),
    ('3cbec80d-1398-41e1-aa12-c0f32913eccb', 'active_connections', 50.9208022111117, 'count', '2025-09-04T16:31:15.341316+00:00', '{}'),
    ('2b792b78-ffb0-4029-8272-9ceeab556672', 'active_connections', 41.4001875532743, 'count', '2025-09-04T15:31:15.341316+00:00', '{}'),
    ('c3350f0c-7445-4a82-9be4-7d3da42999e3', 'active_connections', 46.6617918610295, 'count', '2025-09-04T14:31:15.341316+00:00', '{}'),
    ('da92c0b5-bb2c-4108-b61b-c1e1aafb6130', 'active_connections', 36.8547034550169, 'count', '2025-09-04T13:31:15.341316+00:00', '{}'),
    ('436ba136-649c-427e-9b03-f95529563f4f', 'active_connections', 53.1169752597086, 'count', '2025-09-04T12:31:15.341316+00:00', '{}'),
    ('045022b3-2f75-408a-b857-a703aa86171c', 'active_connections', 36.3284332080982, 'count', '2025-09-04T11:31:15.341316+00:00', '{}'),
    ('24a0b2a2-99a6-4def-90ec-fd250df52930', 'active_connections', 48.6718111930516, 'count', '2025-09-04T10:31:15.341316+00:00', '{}'),
    ('20a45484-bb7b-4a1c-ad4c-569d9af49277', 'active_connections', 49.936837969069, 'count', '2025-09-04T09:31:15.341316+00:00', '{}'),
    ('47c09683-f2a8-4c23-aa44-4d83e72256de', 'active_connections', 47.6145590440887, 'count', '2025-09-04T08:31:15.341316+00:00', '{}'),
    ('64c59889-4e72-4c52-9079-334286907624', 'active_connections', 50.1334601974704, 'count', '2025-09-04T07:31:15.341316+00:00', '{}'),
    ('d7091f9f-5c57-4d3b-8abb-b8c9903f6c95', 'active_connections', 49.3478654352509, 'count', '2025-09-04T06:31:15.341316+00:00', '{}'),
    ('2358be8d-7a1c-4166-8b3d-ea561e515c72', 'active_connections', 37.1437225304687, 'count', '2025-09-04T05:31:15.341316+00:00', '{}'),
    ('35f0c1f5-539f-4da0-8d80-3cfae573cf1c', 'active_connections', 49.9269526117552, 'count', '2025-09-04T04:31:15.341316+00:00', '{}'),
    ('9807b3be-fc6f-4da9-97b5-610a66ff10ba', 'active_connections', 51.8933594019236, 'count', '2025-09-04T03:31:15.341316+00:00', '{}'),
    ('68d74020-d97a-4274-aef3-54bf8a049558', 'active_connections', 38.6850681386655, 'count', '2025-09-04T02:31:15.341316+00:00', '{}'),
    ('270bf22e-a950-471c-8971-0963e513d453', 'active_connections', 50.992514990389, 'count', '2025-09-04T01:31:15.341316+00:00', '{}'),
    ('f405824b-655d-4770-8292-6df82c6fddfb', 'active_connections', 43.8786587115954, 'count', '2025-09-04T00:31:15.341316+00:00', '{}'),
    ('92e1b2ea-da25-458a-892c-f145bba43939', 'active_connections', 40.0979843947537, 'count', '2025-09-03T23:31:15.341316+00:00', '{}'),
    ('0c0e57e0-4c4f-4090-bcf1-fbd7f54b29c9', 'active_connections', 38.3101183980188, 'count', '2025-09-03T22:31:15.341316+00:00', '{}'),
    ('f4e9d27b-5fc5-4d98-ac17-360e357487ab', 'active_connections', 54.5852510565992, 'count', '2025-09-03T21:31:15.341316+00:00', '{}'),
    ('513cbb9c-6197-4129-b2ad-5c42ec391baf', 'active_connections', 44.8847815335736, 'count', '2025-09-03T20:31:15.341316+00:00', '{}'),
    ('4c8673cc-8b39-47e9-b600-006e7e78da3a', 'active_connections', 45.1303594207461, 'count', '2025-09-03T19:31:15.341316+00:00', '{}'),
    ('2f5e1fef-14b0-4043-a8c5-8bda7775f86f', 'active_connections', 54.986832031335, 'count', '2025-09-03T18:31:15.341316+00:00', '{}'),
    ('4496f8a8-0c45-4176-829a-8625817ea5be', 'response_time_ms', 159.163323341464, 'milliseconds', '2025-09-04T17:31:15.341316+00:00', '{}'),
    ('535bf36a-112c-40e5-90b6-27bdba70ed7f', 'response_time_ms', 159.487943308565, 'milliseconds', '2025-09-04T16:31:15.341316+00:00', '{}'),
    ('0cc6d0eb-0e99-44f1-a909-309c6da21374', 'response_time_ms', 152.335956364705, 'milliseconds', '2025-09-04T15:31:15.341316+00:00', '{}'),
    ('8eba71ab-91ad-4d6e-98f9-be9fe7fabf57', 'response_time_ms', 152.654288719769, 'milliseconds', '2025-09-04T14:31:15.341316+00:00', '{}'),
    ('1f54dd32-01e0-4d59-a40e-ac18877f0ce1', 'response_time_ms', 153.997838223277, 'milliseconds', '2025-09-04T13:31:15.341316+00:00', '{}'),
    ('7eeec494-4eea-4be3-a570-0cd7b88e0c7f', 'response_time_ms', 140.930141838724, 'milliseconds', '2025-09-04T12:31:15.341316+00:00', '{}'),
    ('cc32648b-2616-4495-aa36-4c67dc0a8127', 'response_time_ms', 150.51348361276, 'milliseconds', '2025-09-04T11:31:15.341316+00:00', '{}'),
    ('71abaaa9-eabb-4e31-a941-4a9c84e5eb1f', 'response_time_ms', 150.173578134649, 'milliseconds', '2025-09-04T10:31:15.341316+00:00', '{}'),
    ('680afc2a-4205-4788-aed7-bbca95f5875e', 'response_time_ms', 157.747601384399, 'milliseconds', '2025-09-04T09:31:15.341316+00:00', '{}'),
    ('c0d22d31-efce-4e7c-b572-2c37edacc599', 'response_time_ms', 145.336415489622, 'milliseconds', '2025-09-04T08:31:15.341316+00:00', '{}'),
    ('58ce469c-0e9e-415d-ac69-9b666c9f8a54', 'response_time_ms', 141.311871259536, 'milliseconds', '2025-09-04T07:31:15.341316+00:00', '{}'),
    ('ccc45740-10e0-4cbe-8db8-910ac55ed6ce', 'response_time_ms', 145.25057565522, 'milliseconds', '2025-09-04T06:31:15.341316+00:00', '{}'),
    ('52434c81-bb95-4775-b0c0-4091fbdcc7d3', 'response_time_ms', 157.275234962899, 'milliseconds', '2025-09-04T05:31:15.341316+00:00', '{}'),
    ('25959052-76ec-4bf2-9f64-3563522696c6', 'response_time_ms', 156.721573306472, 'milliseconds', '2025-09-04T04:31:15.341316+00:00', '{}'),
    ('fb348cfb-da9a-4a84-be83-78ae48e490e5', 'response_time_ms', 152.729127949854, 'milliseconds', '2025-09-04T03:31:15.341316+00:00', '{}'),
    ('e756658c-4562-41c3-b47b-736ccda5ba2d', 'response_time_ms', 149.989225513799, 'milliseconds', '2025-09-04T02:31:15.341316+00:00', '{}'),
    ('87f42e8a-3d5b-4d8a-b284-0b866b4d4c21', 'response_time_ms', 155.327970438437, 'milliseconds', '2025-09-04T01:31:15.341316+00:00', '{}'),
    ('bfda8938-66f2-467f-8301-a1dd82d70970', 'response_time_ms', 157.488985547558, 'milliseconds', '2025-09-04T00:31:15.341316+00:00', '{}'),
    ('48b2925b-f40e-4827-ac63-362bf5b68f8d', 'response_time_ms', 152.733181310797, 'milliseconds', '2025-09-03T23:31:15.341316+00:00', '{}'),
    ('c602f1ce-c477-4423-9b26-fa8956b8576f', 'response_time_ms', 146.415673052513, 'milliseconds', '2025-09-03T22:31:15.341316+00:00', '{}'),
    ('2c01dd77-6935-4d66-9adc-a917a2195d87', 'response_time_ms', 153.282539402459, 'milliseconds', '2025-09-03T21:31:15.341316+00:00', '{}'),
    ('0ada60e1-2447-4148-9d52-b687dd19c3e9', 'response_time_ms', 156.013728713172, 'milliseconds', '2025-09-03T20:31:15.341316+00:00', '{}'),
    ('ba898e2b-0a6a-4c26-8a0a-c55d167ec2a0', 'response_time_ms', 155.521124550054, 'milliseconds', '2025-09-03T19:31:15.341316+00:00', '{}'),
    ('d55486a6-021b-4e29-9b82-bc57de49b57f', 'response_time_ms', 155.686896374613, 'milliseconds', '2025-09-03T18:31:15.341316+00:00', '{}'),
    ('8e90f5cf-48cc-44c0-aa50-7406f97cddeb', 'error_rate_percent', 8.33809440226269, 'percent', '2025-09-04T17:31:15.341316+00:00', '{}'),
    ('8bcfb129-c391-4ad7-ab26-7dd9c2c4bbbd', 'error_rate_percent', -8.79779713982668, 'percent', '2025-09-04T16:31:15.341316+00:00', '{}'),
    ('88cbaf1a-0265-4cc3-8818-d24094d42b04', 'error_rate_percent', 7.70590500469772, 'percent', '2025-09-04T15:31:15.341316+00:00', '{}'),
    ('2367f73d-3f47-447a-b5b3-31431e420add', 'error_rate_percent', -1.56863292388429, 'percent', '2025-09-04T14:31:15.341316+00:00', '{}'),
    ('5a678fc4-7225-4ba5-bc90-6da4fb853201', 'error_rate_percent', 2.08979346746653, 'percent', '2025-09-04T13:31:15.341316+00:00', '{}'),
    ('8f74590a-66ea-4cc6-b46a-ba810d60a24a', 'error_rate_percent', 5.69281865642123, 'percent', '2025-09-04T12:31:15.341316+00:00', '{}'),
    ('848f6318-1dbc-4711-9fe4-9cee0f35c6d9', 'error_rate_percent', -6.49412549556354, 'percent', '2025-09-04T11:31:15.341316+00:00', '{}'),
    ('baa7de2e-8172-4a33-ac7e-8ed5fdd8cd7c', 'error_rate_percent', 10.1595839897605, 'percent', '2025-09-04T10:31:15.341316+00:00', '{}'),
    ('26ad1636-62a2-4bce-9f87-ec71ba85760a', 'error_rate_percent', -0.976551840212675, 'percent', '2025-09-04T09:31:15.341316+00:00', '{}'),
    ('e5379af7-7742-4c68-b611-f780de33cbbe', 'error_rate_percent', 9.81585009350065, 'percent', '2025-09-04T08:31:15.341316+00:00', '{}'),
    ('e089e1fd-0301-48b8-82a6-e2021d0455d6', 'error_rate_percent', 3.06532873893918, 'percent', '2025-09-04T07:31:15.341316+00:00', '{}'),
    ('9bdaecb3-12c9-40e9-8bdd-6f397616e95a', 'error_rate_percent', -8.38009833612589, 'percent', '2025-09-04T06:31:15.341316+00:00', '{}'),
    ('b5e5a90d-2720-448b-961f-d3bff200b01c', 'error_rate_percent', -7.01794222582591, 'percent', '2025-09-04T05:31:15.341316+00:00', '{}'),
    ('78887c43-6337-420a-ac9a-3036f5b201fd', 'error_rate_percent', -7.30712433650498, 'percent', '2025-09-04T04:31:15.341316+00:00', '{}'),
    ('84e7cc88-6069-499d-b0be-f39eb90555ad', 'error_rate_percent', -8.94003217703461, 'percent', '2025-09-04T03:31:15.341316+00:00', '{}'),
    ('51584fb1-eaf4-4eaa-be2e-45780727f9b7', 'error_rate_percent', -0.00510847284346738, 'percent', '2025-09-04T02:31:15.341316+00:00', '{}');

INSERT INTO "system_metrics" ("id", "metric_name", "metric_value", "metric_unit", "recorded_at", "metadata") VALUES
    ('858d250b-6db5-4104-8974-c5ad54d3d825', 'error_rate_percent', -7.10120077610945, 'percent', '2025-09-04T01:31:15.341316+00:00', '{}'),
    ('6cf6e055-44b2-47b7-b825-87897c8aee6d', 'error_rate_percent', 3.86112081784067, 'percent', '2025-09-04T00:31:15.341316+00:00', '{}'),
    ('c16c8d01-00da-4c71-998a-3576dbfd84d9', 'error_rate_percent', -8.21882914130129, 'percent', '2025-09-03T23:31:15.341316+00:00', '{}'),
    ('965763c1-8b93-409f-b687-5a32cdd38c44', 'error_rate_percent', 9.99277827181396, 'percent', '2025-09-03T22:31:15.341316+00:00', '{}'),
    ('fc525cd4-2e71-431d-ac69-00b1d5036626', 'error_rate_percent', 0.477784348612282, 'percent', '2025-09-03T21:31:15.341316+00:00', '{}'),
    ('28d497c1-2b91-4fd6-bf9b-c04f840cf485', 'error_rate_percent', 5.49564079152455, 'percent', '2025-09-03T20:31:15.341316+00:00', '{}'),
    ('0b667940-74fa-4013-92ba-8427354a0533', 'error_rate_percent', -0.460191030806632, 'percent', '2025-09-03T19:31:15.341316+00:00', '{}'),
    ('1745d2e2-a948-478f-a601-8476da007b24', 'error_rate_percent', -6.46149693099271, 'percent', '2025-09-03T18:31:15.341316+00:00', '{}'),
    ('242bcbf8-bfd7-4056-8d98-08d6fb83cd17', 'cpu_usage_percent', 31.9686345981199, 'percent', '2025-09-04T17:31:15.341316+00:00', '{}'),
    ('61af5e6b-9da6-4c15-8700-5c6c8725f6b4', 'cpu_usage_percent', 36.5487334188702, 'percent', '2025-09-04T16:31:15.341316+00:00', '{}'),
    ('08f2ec1b-44fe-4566-98b8-510a1f780bcf', 'cpu_usage_percent', 28.2532904103065, 'percent', '2025-09-04T15:31:15.341316+00:00', '{}'),
    ('43e766e9-7663-4341-ba58-d0849bd0c7c7', 'cpu_usage_percent', 26.2849429818057, 'percent', '2025-09-04T14:31:15.341316+00:00', '{}'),
    ('617143fa-47e7-484b-aac7-1e1b32351a6f', 'cpu_usage_percent', 31.7883030811676, 'percent', '2025-09-04T13:31:15.341316+00:00', '{}'),
    ('bd7092b1-9833-46dd-a7ff-80c5233b34b5', 'cpu_usage_percent', 42.8953188973192, 'percent', '2025-09-04T12:31:15.341316+00:00', '{}'),
    ('4314751d-08f5-4c05-81ff-f2e204b94306', 'cpu_usage_percent', 39.0067261446727, 'percent', '2025-09-04T11:31:15.341316+00:00', '{}'),
    ('e411370b-e375-408f-9596-24fc23ca4c0b', 'cpu_usage_percent', 42.9762293825949, 'percent', '2025-09-04T10:31:15.341316+00:00', '{}'),
    ('ce9c3f8d-563e-4997-b332-e55769ee0dc0', 'cpu_usage_percent', 33.4676412628661, 'percent', '2025-09-04T09:31:15.341316+00:00', '{}'),
    ('c2c54667-8590-49dd-86e8-1c0a19b04a86', 'cpu_usage_percent', 38.6008147786931, 'percent', '2025-09-04T08:31:15.341316+00:00', '{}'),
    ('dd71db40-a27f-45e1-a08b-26253f9cf7b7', 'cpu_usage_percent', 40.8886817080957, 'percent', '2025-09-04T07:31:15.341316+00:00', '{}'),
    ('82dacc89-47ce-4d84-b2dd-47cfd59a94d4', 'cpu_usage_percent', 37.0809101119782, 'percent', '2025-09-04T06:31:15.341316+00:00', '{}'),
    ('46ea29e4-0423-470d-bdff-d0c258555d9a', 'cpu_usage_percent', 35.324347796246, 'percent', '2025-09-04T05:31:15.341316+00:00', '{}'),
    ('2e21da63-6fd7-4660-ae13-2d9e026d530b', 'cpu_usage_percent', 31.5289496487559, 'percent', '2025-09-04T04:31:15.341316+00:00', '{}'),
    ('a006b709-4a0c-457e-96c2-d5e6445bb2b9', 'cpu_usage_percent', 40.6807900683542, 'percent', '2025-09-04T03:31:15.341316+00:00', '{}'),
    ('1f826cb4-85ba-4c7a-bbeb-0c181977b660', 'cpu_usage_percent', 37.713469581444, 'percent', '2025-09-04T02:31:15.341316+00:00', '{}'),
    ('571634ab-d440-4853-a9ee-e4b35a609f5d', 'cpu_usage_percent', 44.1024657503888, 'percent', '2025-09-04T01:31:15.341316+00:00', '{}'),
    ('3e44d128-86b9-4e74-8872-e7a4fdd59c56', 'cpu_usage_percent', 34.9474107859418, 'percent', '2025-09-04T00:31:15.341316+00:00', '{}'),
    ('52c871a0-2404-4b69-bcd1-566200a8b55d', 'cpu_usage_percent', 41.8388501582237, 'percent', '2025-09-03T23:31:15.341316+00:00', '{}'),
    ('3c24d85a-40d8-406e-80b2-c689011c6b86', 'cpu_usage_percent', 30.5704594889818, 'percent', '2025-09-03T22:31:15.341316+00:00', '{}'),
    ('ad8d8a0f-7949-4234-ba63-1361133165a9', 'cpu_usage_percent', 44.4052052783623, 'percent', '2025-09-03T21:31:15.341316+00:00', '{}'),
    ('4dd52c5e-d7ab-493d-8508-725588eac4d5', 'cpu_usage_percent', 30.8200762217268, 'percent', '2025-09-03T20:31:15.341316+00:00', '{}'),
    ('477f645e-16d7-4fcd-9cd1-058efd58d81e', 'cpu_usage_percent', 29.5661691094855, 'percent', '2025-09-03T19:31:15.341316+00:00', '{}'),
    ('f1279f29-ee28-4b71-9190-80d20c8bb3c8', 'cpu_usage_percent', 26.7940508908653, 'percent', '2025-09-03T18:31:15.341316+00:00', '{}'),
    ('686e24f5-e5fa-44ee-a151-19cc06c188eb', 'memory_usage_percent', 56.9708669366779, 'percent', '2025-09-04T17:31:15.341316+00:00', '{}'),
    ('7001c476-06e3-4bca-88d0-86306df03e38', 'memory_usage_percent', 65.1691481693339, 'percent', '2025-09-04T16:31:15.341316+00:00', '{}'),
    ('2d17e69e-7b2b-481b-ae09-3bc9bb5ca2a8', 'memory_usage_percent', 63.1145259591609, 'percent', '2025-09-04T15:31:15.341316+00:00', '{}'),
    ('2dea72b0-b77a-4ee3-87c1-8d85e9ae44be', 'memory_usage_percent', 64.7965865140187, 'percent', '2025-09-04T14:31:15.341316+00:00', '{}'),
    ('abf3612f-4be6-44e4-97c2-7ee72345ee0f', 'memory_usage_percent', 53.2765896556257, 'percent', '2025-09-04T13:31:15.341316+00:00', '{}'),
    ('90702d51-c6b7-4d01-808c-46a8b993919a', 'memory_usage_percent', 64.9072370231231, 'percent', '2025-09-04T12:31:15.341316+00:00', '{}'),
    ('39f38204-1189-41f3-8274-b454b2a1eb27', 'memory_usage_percent', 68.7262462080461, 'percent', '2025-09-04T11:31:15.341316+00:00', '{}'),
    ('82789b49-647e-49fb-a23e-fbed9aa70c0c', 'memory_usage_percent', 54.3315855586507, 'percent', '2025-09-04T10:31:15.341316+00:00', '{}'),
    ('617a9a79-3019-47f4-8e0d-b9c29f033d9c', 'memory_usage_percent', 69.9646493871738, 'percent', '2025-09-04T09:31:15.341316+00:00', '{}'),
    ('7720c7d0-39f7-46e8-831b-89ae78215731', 'memory_usage_percent', 56.355271065848, 'percent', '2025-09-04T08:31:15.341316+00:00', '{}'),
    ('bc04d42b-787f-4be3-ab78-6b7d653d6e51', 'memory_usage_percent', 64.9342990641498, 'percent', '2025-09-04T07:31:15.341316+00:00', '{}'),
    ('5e504c79-f90b-45ce-a64c-94b0ee56a0dc', 'memory_usage_percent', 53.6779605286134, 'percent', '2025-09-04T06:31:15.341316+00:00', '{}'),
    ('fdc6cb13-87c7-4c1f-ac3b-83bded622250', 'memory_usage_percent', 63.6279526367659, 'percent', '2025-09-04T05:31:15.341316+00:00', '{}'),
    ('d7ad8476-6e2d-43ec-bf4f-382b94ac81f0', 'memory_usage_percent', 63.9665517373242, 'percent', '2025-09-04T04:31:15.341316+00:00', '{}'),
    ('e95d8e4d-f828-4e17-b712-a55b0861b58c', 'memory_usage_percent', 50.4448045371797, 'percent', '2025-09-04T03:31:15.341316+00:00', '{}'),
    ('f7e1ae27-3fc6-4b2e-a685-30a9ca2e774d', 'memory_usage_percent', 52.4255108229138, 'percent', '2025-09-04T02:31:15.341316+00:00', '{}'),
    ('e954fc4b-29bc-4100-9a20-732e4141618e', 'memory_usage_percent', 55.5673589803671, 'percent', '2025-09-04T01:31:15.341316+00:00', '{}'),
    ('3b71be6e-81ca-487d-94e7-e951503b2258', 'memory_usage_percent', 53.3182423035349, 'percent', '2025-09-04T00:31:15.341316+00:00', '{}'),
    ('d0723728-b5ad-4bd5-aa77-86c8525fdcd4', 'memory_usage_percent', 54.7379972496309, 'percent', '2025-09-03T23:31:15.341316+00:00', '{}'),
    ('7fe5cee3-ed38-467c-bbb5-f02e7ea4d185', 'memory_usage_percent', 57.716220382997, 'percent', '2025-09-03T22:31:15.341316+00:00', '{}'),
    ('636d7963-0b64-4eeb-a679-4fd37e3179db', 'memory_usage_percent', 65.6828341381018, 'percent', '2025-09-03T21:31:15.341316+00:00', '{}'),
    ('3d6b5613-e4f0-432a-ba4f-e19bb3726f76', 'memory_usage_percent', 68.5730922377356, 'percent', '2025-09-03T20:31:15.341316+00:00', '{}'),
    ('72952abc-92dc-4806-a790-80721ef962bf', 'memory_usage_percent', 52.5688665628142, 'percent', '2025-09-03T19:31:15.341316+00:00', '{}'),
    ('876405dd-66a4-4551-b317-e8c845cbe725', 'memory_usage_percent', 60.792205883489, 'percent', '2025-09-03T18:31:15.341316+00:00', '{}'),
    ('3f5677d3-affe-4c44-820d-48faccc70a67', 'active_connections', 35.9039920754858, 'count', '2025-09-04T17:31:15.341316+00:00', '{}'),
    ('e9411d56-e486-4ae7-ac6d-a45e9233e24f', 'active_connections', 35.9048475747156, 'count', '2025-09-04T16:31:15.341316+00:00', '{}'),
    ('04c202d1-97de-4656-a80f-ff2222a5b20e', 'active_connections', 38.7585668601478, 'count', '2025-09-04T15:31:15.341316+00:00', '{}'),
    ('542bbeb0-873b-46ac-86d8-635a011dff5c', 'active_connections', 37.0029768180837, 'count', '2025-09-04T14:31:15.341316+00:00', '{}'),
    ('e5e1ab95-96c7-4c67-82c7-80867e247ecf', 'active_connections', 42.6798260363842, 'count', '2025-09-04T13:31:15.341316+00:00', '{}'),
    ('9bddd1bc-f442-4666-8afb-e1bad833c5a8', 'active_connections', 47.4637623415149, 'count', '2025-09-04T12:31:15.341316+00:00', '{}'),
    ('085a3ea7-0b2f-459c-b83c-5548b7d33a16', 'active_connections', 40.9708027045444, 'count', '2025-09-04T11:31:15.341316+00:00', '{}'),
    ('ab390c30-bda6-44ad-9bbc-4ca7e9b7b466', 'active_connections', 51.2126892663322, 'count', '2025-09-04T10:31:15.341316+00:00', '{}'),
    ('b0c59bfc-ed1f-4974-9985-a3835ae9737c', 'active_connections', 52.3418272211549, 'count', '2025-09-04T09:31:15.341316+00:00', '{}'),
    ('a749151d-75b1-4877-b620-2b6a1884f198', 'active_connections', 46.4447783458454, 'count', '2025-09-04T08:31:15.341316+00:00', '{}'),
    ('e1c84b78-300f-47b8-bff9-0d4892933145', 'active_connections', 44.2892501706424, 'count', '2025-09-04T07:31:15.341316+00:00', '{}'),
    ('1b0a6005-0aff-4c04-9a47-67aae01350b1', 'active_connections', 50.4708761348757, 'count', '2025-09-04T06:31:15.341316+00:00', '{}'),
    ('8abfa726-bad1-41c5-abe3-000cd013b7ac', 'active_connections', 41.8570055531985, 'count', '2025-09-04T05:31:15.341316+00:00', '{}'),
    ('7847486c-ac30-4406-849e-7bb111a38722', 'active_connections', 35.4004509153425, 'count', '2025-09-04T04:31:15.341316+00:00', '{}'),
    ('1a5ba525-39e9-48a2-adf8-845b29aa40f8', 'active_connections', 54.4349202888926, 'count', '2025-09-04T03:31:15.341316+00:00', '{}'),
    ('f2188fb7-1a93-47d5-8f21-1e118823975f', 'active_connections', 43.7089549253609, 'count', '2025-09-04T02:31:15.341316+00:00', '{}'),
    ('d84c6d75-4fb6-4ef5-92f2-11201f01fc41', 'active_connections', 50.4301309776215, 'count', '2025-09-04T01:31:15.341316+00:00', '{}'),
    ('91364956-5f9f-4930-a84f-93bcb875ce70', 'active_connections', 46.6364292950541, 'count', '2025-09-04T00:31:15.341316+00:00', '{}'),
    ('3ac0b45b-d575-4df2-bf07-a3805225ef81', 'active_connections', 36.3255486196756, 'count', '2025-09-03T23:31:15.341316+00:00', '{}'),
    ('1fb13e04-f928-4d6e-bd4a-cdc735674450', 'active_connections', 50.569996986796, 'count', '2025-09-03T22:31:15.341316+00:00', '{}'),
    ('45329a91-22e2-4441-af03-1c74b016762e', 'active_connections', 43.2814010932583, 'count', '2025-09-03T21:31:15.341316+00:00', '{}'),
    ('3f9d95e0-2628-4ab9-bd23-2b3e13c2708d', 'active_connections', 53.6868843488778, 'count', '2025-09-03T20:31:15.341316+00:00', '{}'),
    ('35a94eab-70c5-493a-bc29-d5440db3daac', 'active_connections', 46.7902997258874, 'count', '2025-09-03T19:31:15.341316+00:00', '{}'),
    ('4d965061-f12b-4464-990f-b95a0c9e7229', 'active_connections', 47.6461048363835, 'count', '2025-09-03T18:31:15.341316+00:00', '{}');

-- No data in table: system_settings

-- Table: user_roles (3 rows)
INSERT INTO "user_roles" ("id", "key", "display_name", "description", "permissions", "can_manage_users", "can_view_billing", "can_upload_documents", "can_generate_reports", "can_view_analytics", "order_index", "status_id", "created_at") VALUES
    ('53d48133-459b-488f-913d-24e44fbd7bc6', 'admin', 'Organization Admin', 'Full access including user management and billing', '{"full_access": true}', TRUE, TRUE, TRUE, TRUE, TRUE, 1, 'c8c446ab-d63f-4828-99d9-508155b68c14', '2025-09-05T01:42:22.767847+00:00'),
    ('f43bb615-5970-4478-a08f-5a0559e1d137', 'manager', 'Manager', 'Business user with advanced document processing and reporting', '{"advanced_features": true}', FALSE, FALSE, TRUE, TRUE, TRUE, 2, 'c8c446ab-d63f-4828-99d9-508155b68c14', '2025-09-05T01:42:22.767847+00:00'),
    ('678c331c-b828-4d34-9ab6-0749086d5829', 'viewer', 'Viewer', 'Read-only access to assigned documents and reports', '{"read_only": true}', FALSE, FALSE, FALSE, FALSE, FALSE, 3, 'c8c446ab-d63f-4828-99d9-508155b68c14', '2025-09-05T01:42:22.767847+00:00');

-- Table: v_obligations_next_180d (50 rows)
INSERT INTO "v_obligations_next_180d" ("org_id", "obligation_id", "obligation", "next_due_date", "risk", "status") VALUES
    ('ce117b87-d75c-4c8a-b3f5-922ddec539b0', '49c87b5a-6882-49ba-b839-353557ac88d7', 'Submit Annual Compliance Report to CDFI Fund', '2025-12-28', 'high', 'open'),
    ('ce117b87-d75c-4c8a-b3f5-922ddec539b0', 'be9185b1-74ce-431f-8431-4cb95bbb0016', 'Report on community impact metrics', '2025-12-09', 'medium', 'open'),
    ('ce117b87-d75c-4c8a-b3f5-922ddec539b0', 'b56c0f6b-e339-43f3-ae2e-af842b8f4939', 'Deploy Qualified Equity Investments within 3 years', '2025-10-25', 'high', 'open'),
    ('ce117b87-d75c-4c8a-b3f5-922ddec539b0', '0548e80d-6182-4ee6-9839-01bdb1f68c68', 'Deploy Qualified Equity Investments within 3 years', '2026-01-31', 'high', 'open'),
    ('ce117b87-d75c-4c8a-b3f5-922ddec539b0', 'eefcc8f3-0c2a-4437-8ed0-2a2abb8e6e5e', 'One-time QALICB certification', '2025-12-27', 'medium', 'open'),
    ('5130549f-4a07-4390-99c1-0442080d378d', '7fcb1571-7e58-4cb2-a97d-e30cf3ee8b1a', 'One-time QALICB certification', '2026-01-10', 'medium', 'open'),
    ('5130549f-4a07-4390-99c1-0442080d378d', 'a860c0ba-1b2c-4c6a-a208-d809638482e5', 'Provide audited financial statements', '2025-11-08', 'medium', 'open'),
    ('5130549f-4a07-4390-99c1-0442080d378d', '510dc6fd-fec0-4c09-8955-77506027089c', 'Report on community impact metrics', '2025-12-22', 'medium', 'open'),
    ('5130549f-4a07-4390-99c1-0442080d378d', 'e09731b4-a125-4222-8959-b7077da54c81', 'Deploy Qualified Equity Investments within 3 years', '2025-12-12', 'high', 'open'),
    ('5130549f-4a07-4390-99c1-0442080d378d', '7003f4f9-a0a8-40f8-aafa-83c0d7476075', 'One-time QALICB certification', '2026-02-03', 'medium', 'open'),
    ('5130549f-4a07-4390-99c1-0442080d378d', '3a0dfa36-3fb4-49ab-8c6a-9c14471c51b3', 'Monthly compliance monitoring', '2025-10-05', 'low', 'open'),
    ('5130549f-4a07-4390-99c1-0442080d378d', 'b6b0c9be-ed26-421d-9873-f444318bdde5', 'Deploy Qualified Equity Investments within 3 years', '2026-01-03', 'high', 'open'),
    ('5130549f-4a07-4390-99c1-0442080d378d', 'ffe37c2f-a422-41cd-a830-4fb2223564e0', 'Monthly compliance monitoring', '2025-12-19', 'low', 'open'),
    ('5130549f-4a07-4390-99c1-0442080d378d', 'eecb6c26-d440-418a-90de-d03056a8a13b', 'One-time QALICB certification', '2025-10-18', 'medium', 'open'),
    ('777586c4-17bc-48cb-9a27-211b5b31a8d7', '7f2f7a2b-a186-4481-8ab5-c3e90fb66d66', 'Monthly compliance monitoring', '2025-12-19', 'low', 'open'),
    ('777586c4-17bc-48cb-9a27-211b5b31a8d7', '6b0941e1-13f2-4499-9583-07a3489a38c7', 'Submit Annual Compliance Report to CDFI Fund', '2025-10-26', 'high', 'open'),
    ('777586c4-17bc-48cb-9a27-211b5b31a8d7', '186b4f4a-b836-4917-899a-efc73b1cb1f3', 'Report on community impact metrics', '2025-10-13', 'medium', 'open'),
    ('777586c4-17bc-48cb-9a27-211b5b31a8d7', '0cc61ab5-1117-46a7-978a-e629e8f501e5', 'Monthly compliance monitoring', '2025-11-20', 'low', 'open'),
    ('777586c4-17bc-48cb-9a27-211b5b31a8d7', '84572824-06bb-46d3-80e4-356a2536c1ba', 'One-time QALICB certification', '2026-01-30', 'medium', 'open'),
    ('6cc197f0-3b5c-4e9a-8e16-c068ebbbf99c', 'ad0c3f37-1f70-4db4-8fc2-17e99afcc0ed', 'Report on community impact metrics', '2026-02-22', 'medium', 'open'),
    ('6cc197f0-3b5c-4e9a-8e16-c068ebbbf99c', '106a01e0-bf1c-498e-89a9-983b1d7ae367', 'Monthly compliance monitoring', '2026-01-17', 'low', 'open'),
    ('6cc197f0-3b5c-4e9a-8e16-c068ebbbf99c', 'f490c931-d39b-48d7-8c38-4d0f39d37a3b', 'One-time QALICB certification', '2025-11-27', 'medium', 'open'),
    ('6cc197f0-3b5c-4e9a-8e16-c068ebbbf99c', '80e555e2-40f2-444a-b3e2-e037c730cfce', 'One-time QALICB certification', '2026-03-06', 'medium', 'open'),
    ('6cc197f0-3b5c-4e9a-8e16-c068ebbbf99c', 'b7875060-a774-4ba4-9f36-95be6ae6437d', 'Deploy Qualified Equity Investments within 3 years', '2025-12-26', 'high', 'open'),
    ('6cc197f0-3b5c-4e9a-8e16-c068ebbbf99c', '97791aaf-cd14-4685-ad1c-2f639883d00a', 'Deploy Qualified Equity Investments within 3 years', '2025-10-17', 'high', 'open'),
    ('6cc197f0-3b5c-4e9a-8e16-c068ebbbf99c', 'd79eff10-e970-4492-90c6-daec4a33c6ca', 'Submit Annual Compliance Report to CDFI Fund', '2025-12-15', 'high', 'open'),
    ('6cc197f0-3b5c-4e9a-8e16-c068ebbbf99c', '8fc9707d-fe93-465b-b896-1950110f8c2e', 'Submit Annual Compliance Report to CDFI Fund', '2026-02-22', 'high', 'open'),
    ('6cc197f0-3b5c-4e9a-8e16-c068ebbbf99c', '1ab223c0-0d00-4a1c-ba8d-f3436c7d5e6e', 'Monthly compliance monitoring', '2026-02-28', 'low', 'open'),
    ('6cc197f0-3b5c-4e9a-8e16-c068ebbbf99c', '726c6d96-e0f2-43bf-a779-ee5857ec6ca2', 'One-time QALICB certification', '2025-12-21', 'medium', 'open'),
    ('6cc197f0-3b5c-4e9a-8e16-c068ebbbf99c', '87fad4ac-4917-4aed-b848-4fb029474f59', 'Deploy Qualified Equity Investments within 3 years', '2025-10-10', 'high', 'open'),
    ('e6717583-04f1-4558-b8c8-570cdf80a7fd', '9c342677-5c54-4994-8e28-c1240e8098ae', 'Provide audited financial statements', '2026-03-05', 'medium', 'open'),
    ('e6717583-04f1-4558-b8c8-570cdf80a7fd', '25997235-f262-4bbf-8c2c-db56b4798f2c', 'Provide audited financial statements', '2025-10-13', 'medium', 'open'),
    ('e6717583-04f1-4558-b8c8-570cdf80a7fd', 'dbd42a12-fbfa-4428-9eb8-a9e3856e06df', 'Monthly compliance monitoring', '2026-02-19', 'low', 'open'),
    ('e6717583-04f1-4558-b8c8-570cdf80a7fd', '184f9fa9-a8d6-48a6-8830-9d5415036847', 'One-time QALICB certification', '2026-01-24', 'medium', 'open'),
    ('e6717583-04f1-4558-b8c8-570cdf80a7fd', 'ca2e884d-1f5a-4274-b048-2272fb4d99b1', 'Submit Annual Compliance Report to CDFI Fund', '2025-11-07', 'high', 'open'),
    ('e6717583-04f1-4558-b8c8-570cdf80a7fd', '0d96ab61-468f-4a92-8692-666b19d40cde', 'Monthly compliance monitoring', '2025-11-05', 'low', 'open'),
    ('e6717583-04f1-4558-b8c8-570cdf80a7fd', '82294d94-89b4-44ba-8929-69ba606d9edd', 'Deploy Qualified Equity Investments within 3 years', '2026-02-01', 'high', 'open'),
    ('e6717583-04f1-4558-b8c8-570cdf80a7fd', '2d6b89b3-61de-48a2-a468-1570e49fc6e2', 'Submit Annual Compliance Report to CDFI Fund', '2026-02-07', 'high', 'open'),
    ('e6717583-04f1-4558-b8c8-570cdf80a7fd', '1c47f0e0-4d6e-4a2a-8d64-fd7ec6ff3917', 'Deploy Qualified Equity Investments within 3 years', '2026-02-02', 'high', 'open'),
    ('e6717583-04f1-4558-b8c8-570cdf80a7fd', '70362970-98f0-49b9-8008-136cde7c2a42', 'Monthly compliance monitoring', '2025-12-16', 'low', 'open'),
    ('e6717583-04f1-4558-b8c8-570cdf80a7fd', 'cab9f5f4-dc28-43fa-acdd-b0135369974d', 'Submit Annual Compliance Report to CDFI Fund', '2025-11-28', 'high', 'open'),
    ('184ab48c-ced7-4c4f-87ce-caff94b8a683', 'b7321f2b-adc2-494a-9bf6-b2d51dd7cd2a', 'Deploy Qualified Equity Investments within 3 years', '2025-11-27', 'high', 'open'),
    ('184ab48c-ced7-4c4f-87ce-caff94b8a683', '98534f34-74d6-4498-b9ad-e3fe08bcaa6a', 'Submit Annual Compliance Report to CDFI Fund', '2026-01-31', 'high', 'open'),
    ('184ab48c-ced7-4c4f-87ce-caff94b8a683', '229405f1-4c33-481d-b2f0-a9b9d263e21f', 'Monthly compliance monitoring', '2026-03-02', 'low', 'open'),
    ('184ab48c-ced7-4c4f-87ce-caff94b8a683', 'f9487805-2147-4861-b22b-053109ba8840', 'One-time QALICB certification', '2025-11-27', 'medium', 'open'),
    ('184ab48c-ced7-4c4f-87ce-caff94b8a683', 'c679229a-d5f4-44aa-9b1f-3ecba46e87c0', 'Deploy Qualified Equity Investments within 3 years', '2026-01-29', 'high', 'open'),
    ('184ab48c-ced7-4c4f-87ce-caff94b8a683', '15a2b1e4-a30a-4434-98f9-8b58f117493d', 'One-time QALICB certification', '2025-11-26', 'medium', 'open'),
    ('184ab48c-ced7-4c4f-87ce-caff94b8a683', '502d6d59-33a1-4e8d-9a3d-f559f0a6082f', 'One-time QALICB certification', '2025-12-03', 'medium', 'open'),
    ('184ab48c-ced7-4c4f-87ce-caff94b8a683', '8bdcdaca-37e6-4a42-b108-2a907ad43638', 'Monthly compliance monitoring', '2026-01-31', 'low', 'open'),
    ('424d296b-aebf-4bc0-8a29-642c7d03a354', 'a3b62e63-f237-4b6e-89be-0da1b835c4d7', 'Monthly compliance monitoring', '2026-02-09', 'low', 'open');

-- Table: workflow_states (2 rows)
INSERT INTO "workflow_states" ("id", "key", "display_name", "description", "can_edit", "order_index", "created_at") VALUES
    ('6ad61edc-d0c7-41d5-96ba-abe21fb02e44', 'draft', 'Draft', 'Configuration in progress', TRUE, 1, '2025-09-03T14:10:26.5386+00:00'),
    ('6a41c5d4-49c9-4c2f-b1e4-729f45eb8f51', 'ready_for_deploy', 'Ready for Deploy', 'Configuration complete, pending deployment', TRUE, 2, '2025-09-03T14:10:26.5386+00:00');


COMMIT;
-- Backup completed
